YEAR,MONTH,age_group,sample_rows,multiple_job_sample_rows,weighted_workers,mean_total_hours,mean_main_hours,mean_other_hours,sd_total_hours,sd_main_hours,sd_other_hours,multiple_job_pct,main_share_pct,other_share_pct,share_sum_pct
2000,1,16-24,7920,410,18719531.044999994,31.696574205831084,31.070681361596073,0.6258928442349766,14.108760854254584,13.603759134971012,3.821999174361812,4.7455784029230745,98.0253612261988,1.9746387738010935,99.99999999999989
2000,1,25-34,13022,841,30626491.751800027,40.845001127884,40.02407660178244,0.8209245261015669,12.348825236084712,11.752730677712368,4.240713061851649,6.084935090844909,97.99014688840067,2.0098531115993516,100.00000000000003
2000,1,35-44,15852,1076,35321974.899499886,41.24693999655818,40.39684440934262,0.8500955872154572,12.816428292534887,12.221999891587947,4.27084386631599,6.384555546275333,97.93900932460323,2.060990675396509,99.99999999999974
2000,1,45-54,13589,998,28908804.804200124,41.42528599528641,40.527430226734246,0.8978557685521777,12.4772083324712,11.979696543104554,4.3308818698407965,6.719107419542264,97.83259005464845,2.167409945351592,100.00000000000004
2000,1,55-64,5981,360,13111924.534200002,39.71667165642923,38.95301781418942,0.7636538422397897,14.052207665479797,13.53292322095511,4.163532141547383,5.615132116415287,98.07724612765686,1.922753872343106,99.99999999999997
2000,1,65+,1820,92,3776703.8661999954,29.626310016750132,28.95985345505723,0.6664565616929183,16.856484416241244,15.712236645100736,4.466815004293216,4.859595721617032,97.75045707239242,2.2495429276076466,100.00000000000007
2000,2,16-24,8045,433,18985838.46579998,31.258746842250275,30.636535592092528,0.622211250157829,14.174034577637412,13.792459864128347,3.3386483463199865,5.018258522615395,98.00948114363706,1.9905188563632028,100.00000000000027
2000,2,25-34,12855,793,30509498.73360004,41.17562486625489,40.369429023682464,0.8061958425725232,12.393337219477388,11.720669861881044,4.25019614827361,5.678966478698204,98.0420555967491,1.957944403251142,100.00000000000024
2000,2,35-44,15616,1037,35407438.83509971,41.642760059153,40.76824741882885,0.8745126403241811,12.876960164645007,12.354473745778161,4.355542079607656,6.412358655405708,97.89996474997835,2.100035250021726,100.00000000000009
2000,2,45-54,13561,997,29319125.4416002,42.061142530515085,41.147326856396,0.9138156741191561,12.76795095677673,12.156214583828199,4.520529057397651,6.830722988955204,97.82741119441509,2.1725888055850806,100.00000000000017
2000,2,55-64,6027,391,13447054.837599983,39.97670889719114,39.202231648843856,0.7744772483473235,14.051893362360088,13.616229284488993,4.015637383131975,6.137552155229425,98.06267882046264,1.9373211795374683,100.0000000000001
2000,2,65+,1876,94,3980866.654799997,29.8597573255495,29.35090423589438,0.508853089655115,15.737894877792714,15.548320890966103,3.0962441921771084,4.7053037803752,98.29585658012124,1.7041434198787506,99.99999999999999
2000,3,16-24,7820,443,18882045.533600044,31.794051024637174,31.107878307611085,0.6861727170260534,14.014834654318797,13.53203717750527,3.6360955941429287,5.215238130040928,97.84182041950434,2.158179580495543,99.99999999999989
2000,3,25-34,12874,811,30591703.671999786,41.11029290079705,40.28141973051309,0.8288731702840292,12.505714616153478,11.881831377025938,4.284462625975275,5.826417370901144,97.98378189062262,2.016218109377564,100.00000000000018
2000,3,35-44,15347,1034,35189556.83110059,41.54579323268444,40.64553617823343,0.9002570544509239,13.084217514401395,12.590974344487497,4.3587233308566775,6.440880986591024,97.833096965055,2.166903034944784,99.99999999999979
2000,3,45-54,13245,922,29224211.930900097,41.82583792277987,40.95812494739627,0.867712975383525,12.696084483007397,12.122080439480039,4.370969685769887,6.349943128963775,97.92541400608496,2.074585993914869,99.99999999999983
2000,3,55-64,6033,385,13333692.602000028,39.86010520570113,39.064751261827496,0.7953539438736779,14.46441256157038,13.74057297387334,4.4618143713800835,5.850404369476693,98.00463661656399,1.995363383436127,100.00000000000011
2000,3,65+,1914,87,4132632.9946,30.002218228284953,29.3661060081253,0.6361122201596431,16.42322529122504,15.909518737110254,3.9182434918170252,4.426438699952977,97.87978270366705,2.1202172963329113,99.99999999999996
2000,4,16-24,8113,448,19481419.57040007,32.02884551163061,31.32923535535587,0.6996101562746695,14.10515333733482,13.555167074810154,3.7634293978830216,5.340217458181027,97.81568724973027,2.1843127502695054,99.99999999999977
2000,4,25-34,13297,863,30956029.346500076,41.28498614945554,40.3931385875291,0.8918475619264584,12.296462816274847,11.617655882257921,4.399822405069798,6.081447715815809,97.8397774951459,2.1602225048541523,100.00000000000004
2000,4,35-44,15710,1054,35459450.86220019,41.84727976443987,40.93212106194595,0.9151587024939752,12.999814714649338,12.363545914460165,4.546864983566707,6.336650568368624,97.81309870642636,2.1869012935737824,100.00000000000014
2000,4,45-54,13257,907,29329273.246599954,42.063599076752425,41.14267781797445,0.92092125877790465,12.757175608149478,12.20294829810953,4.431863968885384,6.45554523318947,97.81064559621352,2.1893544037863286,99.99999999999984
2000,4,55-64,6155,347,13488201.816499976,39.837748722878445,39.12140309570372,0.716345627174729,13.906212461518441,13.465831804356105,4.127800901790492,5.2373990292451715,98.2018420966561,1.7981579033439168,100.00000000000001
2000,4,65+,1924,81,4099294.5124999927,30.292356714318974,29.70559714940713,0.5867595649118427,16.036237070613602,15.50243373020444,3.8367755183026184,4.2133765962247445,98.06301117326244,1.936988826737557,100
2000,5,16-24,8095,450,19341559.761600055,32.6587459707875,31.943708163208107,0.715037807579377,14.089974285674282,13.596924667887405,3.9158936966576112,5.236339940436196,97.8105778825097,2.1894221174902486,99.99999999999996
2000,5,25-34,13119,830,30730819.48419997,41.40895450503232,40.5509530203581,0.8580014846742529,12.254825622339295,11.687592363352525,4.207340420883144,5.979451133559114,97.927980807702,2.072019192298087,100.00000000000009
2000,5,35-44,15724,1050,35527733.44670017,41.84497056062239,40.96150074988447,0.8834698107378236,12.828624518674971,12.23301699353767,4.435926772839796,6.272622610567879,97.88870729528175,2.1112927047180197,99.99999999999977
2000,5,45-54,13318,924,29419914.491700012,42.11390949357609,41.15529484959216,0.9585563031312004,12.705339541774634,12.129104290360091,4.617157179038727,6.449883704914715,97.72375764798052,2.276103820941666,99.99986146892219
2000,5,55-64,6165,372,13424501.345900042,39.94314718687595,39.17398847844811,0.7691587084278201,14.143824917087432,13.756411761951757,3.942539884486591,5.605920471897758,98.07436628658905,1.9256337134108985,99.99999999999996
2000,5,65+,1914,74,4152832.811499997,30.342335378723483,29.77770424618506,0.564631132538431,16.85179498938512,16.166406116426405,3.925100704922783,3.7468125172079323,98.13913093540468,1.8608690645953347,100.00000000000001
2000,6,16-24,8839,582,20941257.943999875,34.32589194821792,33.469634374525256,0.8562575736925896,13.26662967922545,12.743803155443583,4.288770460198199,5.948889930258181,97.50550524663899,2.4944947533607893,99.99999999999977
2000,6,25-34,12649,765,30071221.209300045,41.462247951982185,40.614752100649085,0.8474958513330434,12.579488947811052,11.92303624286553,4.445829758229374,5.692949510047009,97.95598190355092,2.044018096448934,99.99999999999986
2000,6,35-44,15050,911,34119219.46069969,41.59015413594683,40.774657875041854,0.8154962609050669,12.908210129642521,12.434090178228418,4.265197120954269,5.587267387801214,98.03920837071355,1.9607916292866643,100.00000000000021
2000,6,45-54,12595,839,28019238.412200123,41.61347838461262,40.74977795118598,0.8637004334265825,12.937931745038984,12.543767314998087,4.34554333627923,6.050893813237206,97.92446950614442,2.075530493855453,99.99999999999987
2000,6,55-64,5985,327,12828359.761699961,39.6972767873494,39.0102515264027,0.6870252609466951,14.177626638793202,13.820032173780497,3.8795101109787793,4.990056481820801,98.26933906668972,1.7306609333102518,99.99999999999997
2000,6,65+,1814,76,3859535.788199998,30.382382699031346,29.66791522443744,0.7144674745938921,17.087251465461012,16.08979051894262,5.348509851165122,4.124991740891461,97.648415261991,2.3515847380089476,99.99999999999996
2000,7,16-24,9103,616,21332394.980299994,35.053379274903364,34.23003251201436,0.823346762889021,12.568046233258727,12.229852750344525,3.935555129072696,6.076182743180069,97.65116294086235,2.348837059137691,100.00000000000004
2000,7,25-34,12117,738,29155908.971000034,41.46484500509264,40.59387023511514,0.8709747699774425,12.52683700257443,11.895127459443534,4.464044458379614,5.7111364068814545,97.89948625185859,2.100513748141277,99.99999999999987
2000,7,35-44,14600,952,33278109.848000035,41.802940985556205,40.876281352242955,0.9266596333130761,13.040622820398557,12.593140497361464,4.6664451011203045,6.047468907916194,97.78326689111795,2.216733108881637,99.99999999999959
2000,7,45-54,12181,858,26962760.837599844,41.59562293620216,40.60421427940666,0.9914086567953829,13.505682306919816,12.936488458546163,5.21006036631934,6.303037425715203,97.61655533247792,2.3834446675217946,99.99999999999972
2000,7,55-64,5823,364,12590352.648500009,39.82851603911518,38.975029133934655,0.8534869051805491,14.197900238068188,13.877202029683778,4.4260429309955445,5.878545211266794,97.85709589495545,2.1429041050446074,100.00000000000006
2000,7,65+,1732,71,3777696.182600006,30.41768295104501,29.842617727587886,0.5750652234571251,16.694212042812076,15.929494997676242,4.343850403597921,3.8218472640812453,98.10943777544578,1.890562224554216,100
2000,8,16-24,8677,525,20557112.749600053,35.179010562335385,34.425820293735924,0.7531902685994285,12.926942831948093,12.484523768311858,3.821616195913425,5.452483638889453,97.85897824708616,2.141021752913756,99.99999999999991
2000,8,25-34,12046,685,29348067.92720006,41.25202928060025,40.495099415438204,0.7569298651619737,12.209143361130794,11.78350819866362,4.062048291425676,5.182244016446572,98.16510877558693,1.8348912244128994,99.99999999999983
2000,8,35-44,14751,906,33490109.090100184,41.72490841939563,40.854449068165415,0.8704593512302828,12.999026208920213,12.484383366236774,4.538099582445435,5.6508128773441895,97.91381363266075,2.086186367339404,100.00000000000016
2000,8,45-54,12322,855,27159141.68539982,41.59659883021322,40.69492379189774,0.9016750383155372,13.308082926099575,12.828400388311943,4.571553506176841,6.125442283377922,97.8323347012195,2.167665298780668,100.00000000000016
2000,8,55-64,5934,355,13004547.819799958,39.661046022562466,38.87654425636754,0.7845017661949689,14.33040061084463,13.840378079268733,4.232129856771539,5.5751570000467146,98.02198417624024,1.9780158237598668,100.0000000000001
2000,8,65+,1792,79,3912051.0081999935,30.56788780574266,29.975497378817657,0.5923904269250075,16.48243825443648,15.695431006510569,4.325673856482114,4.412939080756851,98.06204985215331,1.9379501478467138,100.00000000000003
2000,9,16-24,8064,452,19712198.084500156,32.80008119955428,32.16065507790776,0.6394261216465255,13.959525502725423,13.528661815523968,3.4835808907713535,5.086765561616591,98.05053494301958,1.9494650569804524,100.00000000000004
2000,9,25-34,12244,761,30249127.40690007,41.551452728993034,40.779281192392794,0.7721715366001585,12.253788240959068,11.777577366433306,3.9988591241948708,5.7066373547894065,98.14164972368957,1.8583502763102344,99.9999999999998
2000,9,35-44,15799,1028,35505876.587999955,42.168176623306145,41.273632377333826,0.8945442459723569,12.987095198692439,12.34817073482135,4.591188444207843,6.085139043237194,97.87862716008947,2.1213728399106224,100.00000000000009
2000,9,45-54,13335,906,29332714.483700253,42.26960489147985,41.389864046327574,0.8797408451522466,12.760308897485173,12.243292777121619,4.411026102332456,6.147180580924331,97.91873889663539,2.0812611033645436,99.99999999999993
2000,9,55-64,6282,396,13709493.23469999,39.90653680514193,39.082582984521615,0.8239538206203578,14.391533984805594,13.788370330755772,4.443226317973332,5.9733054532407,97.93529109117243,2.0647089088276682,100.0000000000001
2000,9,65+,1905,73,4124054.5772000016,30.02162616459859,29.641397925726785,0.3802282388718139,15.945042280009016,15.598498909627477,3.0833206457940148,3.8503370294340122,98.73348553210563,1.266514467894407,100.00000000000004
2000,10,16-24,8169,454,20034899.074399948,32.269295885797334,31.626015833762114,0.6432800520352009,14.131023995395578,13.804115919027954,3.4264639277613615,5.11229167162988,98.0065259114676,1.9934740885323359,99.99999999999994
2000,10,25-34,12396,772,30370338.569099948,41.005473383631234,40.2045826769946,0.8008907066366244,12.24560512290838,11.707322915594345,4.113478494792527,5.851456015732739,98.04686877006927,1.9531312299307044,99.99999999999997
2000,10,35-44,15979,1045,35708850.27759995,41.58701088073538,40.73624151976105,0.8507693609742819,12.966553978659043,12.395706482701005,4.298685331907656,6.223666530350614,97.95424257969829,2.04575742030161,99.9999999999999
2000,10,45-54,13434,931,29564173.233000107,41.503767542261876,40.60378525546488,0.8999822867970663,13.004007202698126,12.441778347543032,4.602820591553391,6.169879351687508,97.83156484316616,2.168435156834003,100.00000000000017
2000,10,55-64,6189,365,13574638.479200011,39.47943032510016,38.76674200190655,0.7126883231935724,14.289352742044915,13.826923768050737,3.9566284495866397,5.313467467330352,98.19478569643772,1.8052143035621786,99.9999999999999
2000,10,65+,1924,85,4211490.330500002,29.82560464511061,29.310914053326055,0.5146905917845604,16.643083880128646,16.323555520453457,3.461244280293837,4.3021323826354205,98.27433308424503,1.7256669157550006,100.00000000000003
2000,11,16-24,8178,445,19935644.94060001,32.09327035836755,31.409563618625146,0.6837067397424149,14.017939418568194,13.530025511582247,3.5667108116782305,5.119186122850784,97.86962583710594,2.1303741628941064,100.00000000000004
2000,11,25-34,12372,742,30580235.679899994,40.85551466989484,40.09398516957759,0.7615295003173159,12.19475189782766,11.622107593503143,4.128324737053611,5.562438748691692,98.13604232752844,1.8639576724717248,100.00000000000017
2000,11,35-44,15652,988,35427435.39700013,41.558002213297826,40.72291104863489,0.8350911646628869,12.762915786861976,12.131071146490411,4.442613265530546,5.845015511552788,97.99054064154286,2.0094593584570157,99.99999999999989
2000,11,45-54,13472,918,29930994.12219983,41.66356024435139,40.728664364322995,0.9348958800284373,12.656941769558136,11.960655845819375,4.670781038190154,6.349094532047342,97.75608259460941,2.2439174053906914,100.0000000000001
2000,11,55-64,6083,369,13602244.06620002,39.52603987514661,38.807462244225576,0.7185776309210558,14.152506081456567,13.798153655859617,3.8281227981664454,5.698534970609025,98.18201460811443,1.8179853918856332,100.00000000000006
2000,11,65+,1880,77,4063685.9645999973,30.023737704104214,29.541874374172234,0.48186332993197883,16.205918915132614,15.854023748813612,3.1331731797810494,3.908870859700786,98.3950588208539,1.6049411791460884,100
2000,12,16-24,8183,473,19975482.383500095,32.15387454793749,31.384655465398946,0.7692190825385042,14.286827214517817,13.64723444827371,3.9931640873627248,5.589205186465057,97.60769396113761,2.392306038862261,99.99999999999987
2000,12,25-34,12286,764,30600646.615100004,40.822883803176616,40.028655796128234,0.7927823781974921,12.441696461185296,11.806821714769677,4.077597406603232,5.829447813758787,98.05445394088846,1.942004837335382,99.99645877822384
2000,12,35-44,15595,1032,35582942.59810004,41.440416425704406,40.60708698704573,0.8333294386587147,12.512449885326944,12.009584683938792,4.2173099324498535,6.0818012426424595,97.9890900948047,2.010909905195408,100.0000000000001
2000,12,45-54,13488,949,29988473.073699687,41.843167547253024,40.86804329198888,0.9751242552641353,12.602386464652144,11.920637878582228,4.703689394148688,6.671491997885759,97.6695735231733,2.3304264768266845,99.99999999999999
2000,12,55-64,6141,361,13801061.749300031,39.51253521880345,38.78366652416048,0.7288686946430173,13.874510259075022,13.358720736863676,3.957927815638819,5.282921733445472,98.15534819366358,1.8446518063365347,100.00000000000011
2000,12,65+,1865,79,4022954.433799998,29.97129818075252,29.467453904100996,0.5038442766515235,16.278010933293594,15.86420579821917,3.7859305385149304,3.87393833970897,98.31891073381969,1.6810892661803045,100
2001,1,16-24,7647,388,18895167.986499958,31.992946635251183,31.406700254937753,0.5862463803134403,13.678581854904712,13.305316780931243,3.3319747143333482,4.758019417675116,98.1675761629675,1.8324238370325328,100.00000000000004
2001,1,25-34,12116,698,29926287.11250002,40.70762988374362,39.99033119306391,0.7172986906796652,12.194216709000566,11.628264631794048,3.943788933854203,5.355069150661916,98.23792568437848,1.7620743156213934,99.99999999999987
2001,1,35-44,15345,972,35429545.88940004,41.07480467972891,40.25392166020366,0.820883019525276,12.484254856453079,11.854879729905358,4.210683628053947,5.992777285455507,98.00149257939047,1.9985074206095865,100.00000000000006
2001,1,45-54,13380,862,29802748.433600098,41.33340183676801,40.54779887563625,0.7856029611317218,12.413464053130001,11.942351840917762,4.087867906033292,6.058935708977069,98.09935082470534,1.90064917529457,99.99999999999991
2001,1,55-64,5997,335,13732310.156400042,39.33789517602302,38.6514964082594,0.6863987677635597,13.678405703379157,13.197215924094005,3.888798933754964,5.3025254316779025,98.25512075648118,1.7448792435186746,99.99999999999986
2001,1,65+,1836,90,3983183.3071000027,29.311902967705652,28.734537017135235,0.5773659505704144,16.316471327336277,15.993307801409197,3.4635361151564985,4.674158522108049,98.03026793856908,1.9697320614309024,99.99999999999999
2001,2,16-24,7696,422,19304268.151799962,31.160390275552235,30.564848415166917,0.5955418603853191,13.9714416847598,13.590168971560109,3.29863422416618,4.93537528026498,98.08878561815521,1.911214381844788,100
2001,2,25-34,12193,767,30224281.275899872,40.471133933525884,39.722339578185895,0.7487943553399247,12.184279766431604,11.659750095811892,3.8962896336467487,5.787081121080929,98.14980633710465,1.8501936628951996,99.99999999999984
2001,2,35-44,15079,1013,35590927.56789994,41.092260386128935,40.22677551401272,0.8634978421921858,12.677232452490342,11.98630389627135,4.326200574281723,6.370967112824233,97.89380076933328,2.101363697392678,99.99516446672595
2001,2,45-54,13247,897,29822693.73170006,41.552250907257516,40.679491337704086,0.8727595695533522,12.6390744374284,12.084889099306277,4.35636072704954,6.2998260566346875,97.89960940623557,2.100390593764238,99.9999999999998
2001,2,55-64,5963,370,13821200.711700054,39.3066393318498,38.53415712262596,0.7724822092238284,13.700652832450096,13.205263687814922,4.13904770395739,5.915302657517343,98.03472842666072,1.9652715733392483,99.99999999999997
2001,2,65+,1810,74,3951184.8233999996,29.627819449095085,29.211301061508294,0.41651838758679927,15.636382955235577,15.365291925265433,2.7678273388225754,3.4003417507659996,98.59416455435598,1.4058354456440463,100.00000000000003
2001,3,16-24,7502,400,19157126.414799936,31.695661915938857,31.075861598766718,0.6198003171721512,13.913705540350712,13.496312461517547,3.483444099397368,4.947103840520842,98.0445263493284,1.955473650671643,100.00000000000004
2001,3,25-34,11879,716,30100780.5335002,40.79926615162753,39.97067155009747,0.8285946015300806,12.557989364444214,11.88797364620021,4.300222792030647,5.744101975613942,97.96909434975952,2.0309056502405425,100.00000000000006
2001,3,35-44,14694,979,35402062.37370017,41.400306521159386,40.504970166824585,0.895336354334746,12.634887689699633,12.07816693683697,4.334609710960152,6.330409751960908,97.8373678130204,2.1626321869794523,99.99999999999986
2001,3,45-54,12945,886,29904138.21570025,41.500859740292796,40.58728502756104,0.9135747127317861,12.729754232939118,12.267929669270117,4.499831649917139,6.458675718954419,97.79866075438245,2.2013392456176155,100.00000000000007
2001,3,55-64,5992,354,13932419.982800007,39.387712662004844,38.6006518323975,0.7870608296073073,13.959566948774667,13.381343596019207,4.301338524916405,5.623818988856899,98.00176050749305,1.9982394925068636,99.99999999999991
2001,3,65+,1822,80,4012891.7152,29.46115460354689,29.049947953551907,0.4112066499949798,16.029518160372017,15.674162389518832,2.943413323419234,3.7983815591795325,98.60424122703773,1.3957587729622578,99.99999999999999
2001,4,16-24,9103,513,19401108.055100046,31.52037208806965,30.917798124546668,0.6025739635230188,13.82476473389122,13.444077742575418,3.3124812038716938,5.1376310274091725,98.08830313982538,1.911696860174728,100.00000000000011
2001,4,25-34,14283,923,28736116.504000064,40.18681261796981,39.35388171660154,0.8329309013682555,12.136912631073958,11.505126914649077,4.307747510820206,5.959645481885521,97.92735266345603,2.072647336543941,99.99999999999997
2001,4,35-44,17768,1153,35212501.924100004,40.569507361769226,39.7430370716028,0.8264702901665176,12.776513175041655,12.22560114811842,4.3763653198980546,5.878127312741074,97.9628288734281,2.0371711265721304,100.00000000000023
2001,4,45-54,15399,1038,28970424.714900117,40.60848788704613,39.750000137941555,0.8584877491046383,12.758844619362176,12.221182264531652,4.239054212345265,6.165890210374699,97.88594012293073,2.1140598770694212,100.00000000000016
2001,4,55-64,7154,419,13379784.111599991,38.727186302457945,38.01643479021529,0.7107515122426593,14.061814312108533,13.628169127312013,3.9070013102718253,5.390722507806954,98.16472204644121,1.8352779535588137,100.00000000000003
2001,4,65+,2232,87,3994078.943299994,29.89471111115486,29.419043325873105,0.47566778528175496,16.032063821241838,15.61827582617319,3.0835305757366607,3.363953554933738,98.40885639097458,1.5911436090254278,100
2001,5,16-24,7688,450,19163068.917200007,32.36606739712787,31.631049627105778,0.7350177700220916,13.954617125262583,13.41023115101899,3.903410980909831,5.512651203544039,97.72904826217065,2.2709517378293422,99.99999999999999
2001,5,25-34,12105,770,30268265.083400022,40.88816753601905,40.094413355883525,0.7937541801355611,12.134804716293736,11.667867498017353,3.9374367272975044,5.824016741107456,98.05871911614456,1.9412808838555318,100.00000000000009
2001,5,35-44,14921,981,35410575.736300066,41.5742836898965,40.716125786562884,0.8581579033336301,12.691662528448068,12.064129399135332,4.354642114837537,6.2336141785381765,97.93584440387565,2.0641555961243947,100.00000000000004
2001,5,45-54,13131,874,30075593.001399912,41.95779362549756,41.07287036179469,0.8849232637029363,12.476724098049496,11.982452715127303,4.404745625480408,6.065306515536014,97.89092040539258,2.1090795946075973,100.00000000000017
2001,5,55-64,6182,339,14192952.175199963,40.14558293318349,39.402611329803776,0.7429716033797201,14.214319349626999,13.589934201689793,4.2288032439151495,4.970662361088811,98.14930672543407,1.8506932745659437,100.00000000000001
2001,5,65+,1900,81,4152628.157600001,30.384909108193234,29.883523216853682,0.5013858913395524,16.659856870125527,16.227213863171972,3.4829539645745737,3.6764441627307813,98.34988516979189,1.6501148302081134,100
2001,6,16-24,9932,710,20658051.5161,34.18503252562923,33.30103884212194,0.8839936835072613,13.413167354891407,12.80867880498512,4.388541889961172,6.301664734379386,97.41409143652403,2.58590856347588,99.99999999999991
2001,6,25-34,13989,850,28225337.26799995,40.96813661252804,40.16649248867375,0.8016441238543727,12.204447747200344,11.777491739892062,4.39504670021332,5.464137719085909,98.0432497298177,1.9567502701824868,100.00000000000018
2001,6,35-44,17093,1099,33950432.64580009,41.337788474478224,40.4986226790336,0.8391657954445658,13.087303252731155,12.499309212273428,4.570459135539045,5.768268258408367,97.969978979493,2.03002102050685,99.99999999999986
2001,6,45-54,15270,1028,28751907.984800167,41.52659784664028,40.648590780112976,0.8780070665273951,13.0564926862497,12.639414595953772,4.308641256711697,6.284111674450181,97.88567541754847,2.1143245824517516,100.00000000000023
2001,6,55-64,7080,407,13116810.914999964,40.163251574965756,39.388113976826524,0.7751375981392673,14.237243238926016,13.821150070541522,4.247736013699731,5.270116576960671,98.07003275944325,1.9299672405568378,100.00000000000009
2001,6,65+,2202,92,3931260.7090999996,30.918811038438328,30.389552736951547,0.5292583014867849,17.097785883153065,16.684560184964415,3.385631270023267,3.789539265486816,98.28823203832512,1.7117679616748842,100
2001,7,16-24,10339,759,21141163.367699984,34.69232639802877,33.78408586855849,0.9082405294703964,12.857357039201263,12.333874882451873,4.388890240316954,6.33762729134885,97.3820131891706,2.617986810829737,100.00000000000034
2001,7,25-34,13889,891,28796285.047499888,40.890177967641236,40.103355486191916,0.7868224814494652,12.3230181975943,11.853270389546392,4.147776943725358,5.706954465790294,98.07576655187958,1.9242334481207772,100.00000000000036
2001,7,35-44,16870,1120,32823785.48259988,41.17647601679486,40.34261903409516,0.8338569826996106,13.174970149085869,12.727619126136382,4.403097245268437,5.9607436922142325,97.97491902328021,2.0250809767195745,99.99999999999979
2001,7,45-54,14908,1006,28061985.642100066,41.32634266036607,40.484029902043694,0.8423127583223681,13.159024233353342,12.74570718183223,4.383091500841308,5.867100895133897,97.96180183365175,2.038198166348231,99.99999999999999
2001,7,55-64,6843,417,13193892.803399956,39.54103030845921,38.76339723715246,0.7776330713067553,14.485682325336237,14.115272292928042,4.21144442237478,5.410681092664623,98.03335152058395,1.9666484794160568,100
2001,7,65+,2157,87,3915666.494799999,31.073873877176197,30.584632912644604,0.4892409645315947,16.438271914194235,16.119348435152684,3.2034586730167485,3.9767909832666595,98.42555528652339,1.5744447134766253,100.00000000000001
2001,8,16-24,9772,609,19804003.779499944,34.30100460536536,33.52168428398291,0.7793203213824934,12.88090981205227,12.439892838446424,3.960817520298684,5.472803091069531,97.72799563642941,2.2720043635707166,100.00000000000013
2001,8,25-34,13940,808,29035998.941399902,40.79372065483317,40.02958588630732,0.764134768525731,12.47117953487875,11.923453597047024,4.196429837562368,5.239599634475847,98.12683237454263,1.8731676254570753,99.9999999999997
2001,8,35-44,17004,1104,33284275.690399975,41.25028732785991,40.43479913902627,0.8154881888335251,13.091193325904818,12.618249545391746,4.2683395387034855,5.731171319886027,98.02307270649514,1.9769272935045836,99.99999999999973
2001,8,45-54,15326,1011,28412143.342600033,41.44520390277057,40.60536672827896,0.8398371744916163,13.141026452364756,12.656068423286795,4.496944449872656,5.6601970108631505,97.97362035795058,2.0263796420494242,100
2001,8,55-64,7117,434,13471038.179099953,39.67360742606168,38.93930980968742,0.7342976163742787,14.227570449710303,13.660824151190257,4.1749263296059365,5.273865479813131,98.14915339437499,1.8508466056250712,100.00000000000006
2001,8,65+,2227,90,4092352.1562000085,30.279916191490038,29.782518242827145,0.4973979486628804,16.05043974496371,15.884678260984765,3.226259982977715,4.076928441928686,98.35733380001004,1.6426661999899148,99.99999999999996
2001,9,16-24,9252,533,19389272.418799974,31.94595669880402,31.33732742771511,0.6086292710889853,13.703207533713458,13.405774805469616,3.2139472386296877,4.955289241118751,98.09481595174235,1.9051840482578846,100.00000000000023
2001,9,25-34,14396,866,29873924.808199998,39.98917597523028,39.23039363492397,0.7587823403062852,12.58969733304143,12.068622405253212,3.963934319311908,5.543253835349592,98.10253069286472,1.8974693071352182,99.99999999999994
2001,9,35-44,18130,1234,34645408.001499966,40.8923705137279,40.0395111028322,0.8528594108956876,13.080968460388592,12.480587479320466,4.507718266101315,6.047757015040158,97.91438011496696,2.0856198850330183,99.99999999999997
2001,9,45-54,16268,1142,30037860.113000065,41.261655922983,40.406654729057024,0.8550011939260932,12.937302301067321,12.458852663491042,4.2983797368201,6.2545099578745,97.92785535432246,2.07214464567781,100.00000000000027
2001,9,55-64,7567,453,14235118.634499952,39.105824937043366,38.44182268129178,0.664002255751628,14.01542355138388,13.542239801513404,3.771818738751064,5.296326167403826,98.30203746674424,1.6979625332558717,100.00000000000011
2001,9,65+,2283,107,4215664.734800002,30.219346276843755,29.724352787448293,0.4949934893954507,16.2759511622477,15.986183665703786,3.0817673482091315,4.493330718079188,98.36199802318437,1.6380019768155951,99.99999999999997
2001,10,16-24,9244,530,19338538.88490004,31.730426602902682,31.07631243276354,0.6541141701391465,13.78416729774147,13.428004933652593,3.6494980391656973,4.990339255431234,97.93852702226415,2.061472977735851,100
2001,10,25-34,14468,856,29883476.46950008,40.31839373046866,39.611023072641274,0.7073706578274042,12.171444458576833,11.67159075187682,3.8575666384625813,5.260661454514833,98.2455385932381,1.7544614067619548,100.00000000000006
2001,10,35-44,18090,1248,34754575.93190006,40.96268108128175,40.12332468884417,0.8393563924376481,12.854794048150998,12.270956309046307,4.260455257800944,5.986441585927457,97.95092418200836,2.0490758179918043,100.00000000000017
2001,10,45-54,16257,1113,30101016.89939978,41.34223449493183,40.459425162602386,0.8828093323295625,13.009844369789024,12.514772947473709,4.471116300952139,6.0607152259908466,97.86463082338312,2.1353691766171625,100.00000000000028
2001,10,55-64,7662,467,14311544.355699984,39.00945294431809,38.286277791856115,0.7231751524619991,13.99988089485574,13.620974500833263,3.885561145775763,5.50720145437058,98.14615407836087,1.8538459216391883,100.00000000000006
2001,10,65+,2336,102,4295545.4160999935,30.28153134199624,29.75438693711742,0.5271444048788261,16.183176687217134,15.896286076722815,3.208861117653209,4.275067035997679,98.25918841776755,1.7408115822324701,100.00000000000001
2001,11,16-24,8990,502,19283129.54580009,31.413925568603368,30.80949278787047,0.604432780732865,13.730111088062419,13.423034783240052,3.27321288391933,4.888351537861791,98.07590815285755,1.9240918471423547,99.9999999999999
2001,11,25-34,14234,814,29684363.419300012,39.93869274576656,39.18448193169727,0.7542108140693262,12.181481169320934,11.627681158033987,4.104112506587842,5.4687255767274925,98.11157861658045,1.8884213834196448,100.00000000000009
2001,11,35-44,17878,1155,34690139.231300175,40.82908638475983,40.06819093016666,0.7608954545931552,12.528755152968234,12.064600094807213,3.973622035194189,5.619981650407843,98.136388731742,1.8636112682579462,99.99999999999994
2001,11,45-54,16277,1090,30151826.345100213,40.986902101906225,40.12806245744115,0.8588396444651218,12.594845417944088,11.995578829349498,4.3782833999601305,6.076014104524422,97.90459976133417,2.095400238665949,100.00000000000011
2001,11,55-64,7762,480,14487220.401499996,38.97497453720225,38.22713543485943,0.7478391023427956,13.75457803755685,13.263366901548059,4.0055421237174045,5.564478800340007,98.08123260830101,1.9187673916989245,99.99999999999993
2001,11,65+,2268,89,4149771.7534000077,29.837532314579033,29.40670809499752,0.4308242195815214,16.282033292433546,16.020801629542525,2.8644528433982224,3.503024571915235,98.55609969671987,1.4439003032801567,100.00000000000003
2001,12,16-24,8809,535,19189269.464000035,31.561345405968122,30.88217850654808,0.67916689942001085,13.773109535453903,13.398876681650142,3.5525281807997,5.40627795313552,97.84810536216364,2.1518946378362664,99.9999999999999
2001,12,25-34,14086,817,29602169.745400067,40.488228374973815,39.806491264577296,0.6817371103966438,12.06524642136776,11.575543032361114,3.7960495233087697,5.060423498965898,98.3162090865455,1.6837909134548161,100.00000000000031
2001,12,35-44,17978,1191,34884546.01240006,41.334842880518885,40.47020750291133,0.8646353776075638,12.514554428416009,11.892455639953521,4.327675316650403,5.978647839242755,97.90821661012033,2.091783389879695,100.00000000000003
2001,12,45-54,16176,1073,30411131.64560002,41.36426817021124,40.49315948359881,0.8711086866125499,12.484758027569317,12.009933300503372,4.2969349416861595,6.170593753197291,97.89405512258098,2.1059448774193106,100.00000000000028
2001,12,55-64,7775,492,14610847.279100014,39.33869839500534,38.59147510235508,0.7472232926503153,13.522398065530572,13.0676685285966,3.9448517656681004,5.567169758618566,98.10053885070808,1.8994611492920848,100.00000000000016
2001,12,65+,2280,109,4130739.422099997,30.047479726958965,29.381851249309282,0.6656284776496945,15.832139862495994,15.201481837043827,4.684134446259747,4.281351594192106,97.7847443988706,2.21525560112945,100.00000000000006
2002,1,16-24,8221,451,17935923.90589999,31.832322070483983,31.18535336147407,0.6469687090099039,13.633800068042776,13.275572348111837,3.5117296947494583,4.935871703318191,97.96757299835879,2.0324270016411887,99.99999999999997
2002,1,25-34,13928,813,29056933.72270002,40.21448674565864,39.516332175644514,0.698154570014106,12.03702008663793,11.525642894891423,3.806730504318284,5.223670199289553,98.26392271414606,1.7360772858538978,99.99999999999996
2002,1,35-44,17606,1149,34446251.09210032,40.94007384985971,40.181148954715084,0.7589248951446932,12.274232229311531,11.78112588523435,3.8915901464931713,5.877127802927364,98.1462542106596,1.8537457893405678,100.00000000000017
2002,1,45-54,15982,1073,29948425.577200197,41.18275784006685,40.39360432116892,0.7891535188979194,12.508439318311057,12.026493419928284,4.113256559402365,5.995342805823251,98.08377690012261,1.9162230998773695,99.99999999999999
2002,1,55-64,7558,433,14427597.920699988,39.38038255441856,38.69092756562041,0.6894549887981204,13.501185641414274,13.050735458645775,4.019531959701689,5.1340638079277845,98.24924253123898,1.7507574687609582,99.99999999999993
2002,1,65+,2167,99,3967394.956400001,29.985270340779714,29.49626816491356,0.48900217586615263,15.662816593556457,15.417990524179146,3.041746249307201,4.077925837431757,98.3691920389288,1.6308079610711856,99.99999999999999
2002,2,16-24,8529,500,18571444.17750002,31.060786338408118,30.398471264521593,0.6623150738865035,14.224752287411533,13.75497118965876,3.554746638920801,5.288667357328895,97.86768091872955,2.132319081270392,99.99999999999994
2002,2,25-34,13910,839,29149867.25100007,39.97877218511941,39.24680119606565,0.7319709890537497,11.960852261776473,11.48756144495948,3.85223547828998,5.465125595195788,98.16910087767475,1.8308991223252182,99.99999999999997
2002,2,35-44,17599,1197,34696840.67969999,40.63880693288497,39.77620743866624,0.8625994942188137,12.52977533873738,11.911501084208437,4.366616889432464,6.178089416521876,97.87739956135201,2.122600438648205,100.00000000000021
2002,2,45-54,15740,1084,30189132.374300167,41.1121868735611,40.262260152409425,0.8499267211515822,12.808426409087804,12.272802658356397,4.355373410041687,6.269011347974765,97.93266477464313,2.0673352253566515,99.99999999999979
2002,2,55-64,7697,487,14722951.570199994,39.23701027600771,38.444566494822254,0.7924437811854811,13.933355073740529,13.340696801184075,4.382707994018298,5.625929121281141,97.98036655797394,2.0196334420261306,100.00000000000007
2002,2,65+,2215,95,4057967.4174999977,30.114648481920664,29.650304904080667,0.4643435778399769,16.106912614355767,15.905573963868513,2.841049946126377,4.136583294781964,98.45808069744275,1.541919302557178,99.99999999999993
2002,3,16-24,8472,521,18397773.9723001,31.541074542006292,30.840214338189593,0.700860203816709,14.157710679396173,13.745976314626825,3.6056929149892025,5.727147493421835,97.77794442962526,2.2220555703747693,100.00000000000003
2002,3,25-34,13776,823,29113967.70800006,40.28379057094403,39.577386562312554,0.7064040086315245,12.164729620406654,11.785875743072356,3.771712826975364,5.275969228261251,98.24643113614788,1.7535688638522537,100.00000000000013
2002,3,35-44,17312,1177,34425561.95310029,41.02977296982641,40.19067135244809,0.8391016173782041,12.728561499714056,12.169316981828771,4.288567627767006,6.093977086149114,97.95489578264204,2.0451042173576868,99.99999999999973
2002,3,45-54,15465,1054,30157332.32559992,41.49226751413281,40.63360615959002,0.8586613545428985,12.729599506513498,12.119912971950779,4.4202211715175475,6.160411952362704,97.93055090505642,2.06944909494384,100.00000000000026
2002,3,55-64,7632,498,14698674.283800082,39.30775535150681,38.5436956747047,0.7640596768021246,13.957788643332764,13.531021694003316,3.9939258333035785,5.894157269372573,98.05621137617867,1.9437886238213684,100.00000000000003
2002,3,65+,2254,97,4128901.311600005,30.314211796357334,29.92836960264246,0.38584219371488204,15.64452268884554,15.428807475708394,2.611736625666486,3.743079910042958,98.72719041383343,1.2728095861665987,100.00000000000003
2002,4,16-24,8845,516,18750985.941999942,31.474994094377298,30.851060694278267,0.6239334000989695,14.07180507198766,13.714824515611431,3.296464730864448,5.1124568487504,98.01768541011262,1.9823145898871801,99.9999999999998
2002,4,25-34,14040,861,29367998.208800394,40.4524583726037,39.724556792103925,0.7279015804997627,11.880551193077677,11.455541739295125,3.8598449329848132,5.416753619670632,98.20059988988767,1.7994001101122985,99.99999999999997
2002,4,35-44,17611,1189,34559920.60380036,41.11940533456345,40.26760348723329,0.8518018473301368,12.803061865123489,12.172530886342749,4.338643845209416,6.088461390066437,97.92846749509246,2.0715325049074664,99.99999999999993
2002,4,45-54,15686,1052,30242286.849099826,41.71664912011302,40.8591995217579,0.8574495983550879,12.662153720722348,12.005681384997612,4.273866036087891,6.098023756939843,97.94458659446424,2.0554134055356865,99.99999999999993
2002,4,55-64,7733,501,14903853.535300037,39.982337666619166,39.150654450144884,0.8316832164742868,14.26978639546697,13.708294025479868,4.468169854697808,5.7118058023297795,97.91987346160441,2.0801265383956036,100.00000000000001
2002,4,65+,2341,86,4234830.294999995,30.81440761030543,30.426064304685436,0.38834330561999575,16.22192185379122,15.984607326796473,2.5456793909355757,3.389663991246198,98.73973463799409,1.2602653620059208,100.00000000000001
2002,5,16-24,9054,487,19086365.274700094,32.250303895762094,31.64777813774137,0.6025257580207712,13.455143469688089,13.06941818593941,3.3067129808029696,4.69516119126082,98.131720680933185,1.868279319066966,100.00000000000016
2002,5,25-34,13975,862,29481862.554800037,40.501209252564365,39.680761534916265,0.8204477176480766,12.311333718600771,11.686039848343098,4.263430472783235,5.642430017804835,97.97426365091518,2.0257363490847604,99.99999999999994
2002,5,35-44,17648,1164,34582440.84610009,41.303263531584776,40.44584051970258,0.8574230118821664,12.699946105511554,12.080350665116589,4.539160530003379,5.905895266008462,97.92407926500402,2.0759207349958957,99.99999999999991
2002,5,45-54,15857,1079,30409735.136199746,41.40021117428373,40.54550857649414,0.8547025977894805,12.53629067074437,11.963518860891325,4.311316242139665,6.1228338012834245,97.93551150212369,2.0644884978760443,99.99999999999973
2002,5,55-64,7852,480,15060212.880300093,39.7996249634593,39.047930169270295,0.7516947941890189,13.948953031493243,13.43006649490878,4.134929781365098,5.635844073029377,98.1113018153333,1.8886981846667208,100.00000000000003
2002,5,65+,2333,83,4244750.755199989,30.63886789872837,30.281102132495896,0.3577657662324747,16.304754309997943,15.975283824914722,2.5656296222302934,3.0533560007316285,98.83231401559937,1.167685984400629,100
2002,6,16-24,9627,610,20199993.269800033,33.585889547997574,32.78249409015536,0.8033954578421821,13.04273778921553,12.631447732528386,4.039548326604605,5.5707122783172105,97.60793753372504,2.392062466274863,99.9999999999999
2002,6,25-34,13700,804,28941821.63069992,40.48703305565792,39.66096618330387,0.8260668723540129,12.236367066527057,11.681740829006609,4.433967971293101,5.4272884649175905,97.95967545653829,2.040324543461633,99.99999999999993
2002,6,35-44,17061,1070,33182805.16230004,41.20782763832593,40.34948474959802,0.8583428887277884,12.883746606385023,12.383196852240202,4.454764917817418,5.901490041368946,97.91703921822464,2.0829607817750486,99.99999999999969
2002,6,45-54,15158,1014,29135969.255300082,41.192424788640565,40.295458004861985,0.896966783778645,12.923721984266347,12.416416076752302,4.448503419376417,6.248158805867909,97.82249579047375,2.177504209526401,100.00000000000016
2002,6,55-64,7569,430,14464405.322900005,39.784044897230984,39.05952411398743,0.7245207832435712,14.266063739764958,13.834194064858437,4.113812984450035,5.249237178786226,98.17886596218379,1.8211340378162468,100.00000000000004
2002,6,65+,2255,75,4132712.6108999923,31.13366643316628,30.798852688859316,0.33481374430695554,16.426504738001356,16.31090181645922,2.37490606066947,2.9282199536649185,98.92459262700172,1.0754073729982632,99.99999999999997
2002,7,16-24,10014,671,20669085.991900064,33.95975479504861,33.18032605002259,0.7794287450259443,12.70609740189905,12.316852604464215,3.803377935793604,5.759444321662373,97.70484578074851,2.295154219251272,99.99999999999979
2002,7,25-34,13531,815,28485381.719400108,40.59864441928778,39.81760663231823,0.7810377869694407,12.519167325375511,12.010341502034134,4.138500356246945,5.414610900051796,98.07619737520474,1.9238026247949844,99.99999999999973
2002,7,35-44,16396,1054,31951742.322799694,40.76726372076489,39.959206311476805,0.8080574092880217,13.254673056338337,12.772821834549562,4.3049118344648685,5.825598084120073,98.0178767581193,1.982123241880558,99.99999999999986
2002,7,45-54,14734,1007,27990708.18520036,40.99559917879211,40.091090283937284,0.9045088948548446,13.06692854453562,12.6625603890198,4.625725994230865,6.234259249369946,97.79364392038755,2.2063560796124824,100.00000000000003
2002,7,55-64,7327,426,14103022.904399944,39.64543908030253,38.89697155293962,0.7484675273630016,14.402594476333654,14.0331081142876,4.143412772827306,5.1273481501217715,98.11209676390044,1.8879032360997883,100.00000000000023
2002,7,65+,2188,81,3941516.433899995,30.586462105528465,29.973032386269974,0.6134297192584902,18.22150621162822,16.44596284024664,5.3482675445272685,3.46510205882514,97.99444042549918,2.0055595745008166,100
2002,8,16-24,9422,560,19896198.931399923,33.96498997411031,33.256510329103634,0.7084796450066544,12.990273648019224,12.522877883134631,3.77813165037136,5.070995525721809,97.9140884612458,2.085911538754142,99.99999999999994
2002,8,25-34,13576,776,28639281.661500137,40.69231141428203,39.9731600586184,0.7191513556636179,12.118146406577969,11.566325018894942,3.9878042625347927,5.108658988702319,98.2327094955554,1.7672905044445641,99.99999999999996
2002,8,35-44,16501,1020,32681690.463500284,40.981691778520975,40.185447553172146,0.7962442253488289,12.997712983506508,12.533400123664837,4.322750195751123,5.489232042031469,98.05707331544046,1.942926684559544,100
2002,8,45-54,15323,1008,28801159.243500117,41.11075241223204,40.24776892125306,0.8629834909790746,13.240837941835961,12.67619009813256,4.498824681280278,5.993773772108117,97.90083265242744,2.099167347572806,100.00000000000024
2002,8,55-64,7597,429,14468129.294300027,39.62010756573284,38.89158389160775,0.7285236741250692,14.189774632585822,13.817554878474917,4.2161396475192525,4.948533231466663,98.16122741989933,1.8387725801006265,99.99999999999996
2002,8,65+,2212,77,4020472.840899991,30.441757131059937,30.124890244896665,0.31686688616327596,16.34628933772358,16.18019317011983,2.269146124878346,3.1418862382297124,98.95910448007625,1.0408955199237644,100.00000000000001
2002,9,16-24,8924,529,19135319.09190004,32.23084515005902,31.58211793811227,0.6487272119467643,13.664376494548497,13.207788244014546,3.5542690579138045,5.161890798665132,97.98724728152044,2.0127527184796032,100.00000000000004
2002,9,25-34,14262,778,29649376.097699806,40.69253159176921,40.033228099237455,0.6593034925317208,12.032128422399794,11.606246713143797,3.7052568588700745,4.765571365630251,98.37979239250596,1.6202076074939429,99.9999999999999
2002,9,35-44,17344,1144,34100612.981700085,41.28864820429125,40.444588764305664,0.844059439985615,12.49618191351245,11.938017960391425,4.316550024592864,6.066816593033756,97.95571064518926,2.0442893548108203,100.00000000000007
2002,9,45-54,16342,1117,30558374.576000076,41.613879626740236,40.691492325049865,0.9223873016903602,12.473120056718171,11.868572295297154,4.583619602536589,6.35824927915498,97.78346236889276,2.216537631107225,99.99999999999999
2002,9,55-64,8153,492,15468381.275999965,39.95250166909596,39.20751717830247,0.7449844907934654,13.807011863157724,13.314398765227752,3.9998987628538356,5.409732903328019,98.13532454872595,1.864675451273995,99.99999999999994
2002,9,65+,2346,82,4214339.430599996,30.167553660977777,29.72907086526788,0.4384827957099107,16.048173920731337,15.853870323116277,2.906419100558295,3.378062651202534,98.54650860776594,1.4534913922340855,100.00000000000003
2002,10,16-24,8975,566,19137953.407099996,31.700046514113236,30.98252728072931,0.7175192333839427,13.87627294867403,13.43620172402366,3.6079500908421784,5.564666308075079,97.73653570803286,2.263464291967189,100.00000000000006
2002,10,25-34,14311,871,29639187.5567998,40.648633777054975,39.88710031448475,0.7615334625702889,11.950097728839252,11.448072271112064,4.153182925229267,5.435966352020889,98.12654598246277,1.8734540175373702,100.00000000000014
2002,10,35-44,17433,1158,34262166.81750009,41.12582291845889,40.313001824415416,0.8128210940434611,12.651323945829779,12.156847929867718,4.182157565365104,5.944638723957425,98.02357488224595,1.9764251177540209,99.99999999999997
2002,10,45-54,16366,1135,30609344.644699868,41.61269862794821,40.71216472181067,0.9005339061374822,12.539970597051743,12.033098494361852,4.6769675652953,6.2158269822005074,97.83591563193472,2.164084368065135,99.99999999999986
2002,10,55-64,8232,463,15735988.276900021,39.412638297947225,38.682366056859614,0.7302722410876014,13.790294490499331,13.333819449049368,4.222713374354272,4.953628793968331,98.14711150375932,1.8528884962406513,99.99999999999997
2002,10,65+,2370,92,4240945.093299987,31.19287233489364,30.825460825048427,0.36741150984521403,16.234332321170132,16.14420613328906,2.4749911066917,3.2558086384598477,98.82212992153912,1.1778700784608807,100
2002,11,16-24,8980,531,19145654.835499965,31.28443825558806,30.649182605421,0.6352556501670791,14.033367962198218,13.59389467845052,3.4460863358611378,5.180874797036408,97.96941966808821,2.030580331911854,100.00000000000006
2002,11,25-34,14196,811,29478934.46119989,40.05239945605013,39.36588041291313,0.686519043136956,12.032767094596938,11.592636116092619,3.753503019560881,5.091861357389455,98.28594777726032,1.7140522227395631,99.99999999999989
2002,11,35-44,17386,1168,34263085.13459986,40.60119179038579,39.779442842140206,0.8217489482453991,12.604681349318202,12.078921632467628,4.1682178733502715,6.231015786853587,97.97604722420938,2.0239527757901588,99.99999999999955
2002,11,45-54,16505,1138,30795453.85789989,40.88059451132751,40.054018726497226,0.826575784830337,12.602085109179768,12.166514249417034,4.115872380460671,6.186614299926168,97.97807298374477,2.021927016255361,100.00000000000013
2002,11,55-64,8350,469,15839845.428899996,38.997983047628786,38.330312248796034,0.6676707988326904,13.477772718879164,13.04759828387984,3.842944700574985,4.890244595358991,98.28793505034012,1.7120649496597162,99.99999999999984
2002,11,65+,2254,99,4067887.9439000026,30.991203473843562,30.467238939619808,0.5239645342237569,16.338272339172327,16.107179840510774,3.1800328235838533,4.210007435352548,98.30931207732549,1.6906879226745117,100
2002,12,16-24,8917,531,19016386.586300023,31.161765399585178,30.52494989567003,0.6368155039151525,13.923908093041259,13.507243728425449,3.338142027197427,5.325999762382103,97.95642032551973,2.043579674480284,100.00000000000001
2002,12,25-34,14134,887,29498383.679300066,39.87012850927176,39.09244241068735,0.7776860985843799,12.293540696666698,11.784947126240025,4.039510913658495,5.730956274008678,98.04945173827679,1.9505482617231338,99.99999999999991
2002,12,35-44,17465,1160,34171296.804300345,40.58082612851507,39.75628124632149,0.8245448821934718,12.631628543910779,12.171138435088286,4.130456152119484,6.165641846916549,97.96814170420697,2.031858295792766,99.99999999999974
2002,12,45-54,16191,1163,30664239.109800283,40.91432110307686,39.992287700511085,0.9220334025657859,12.604363368225368,12.07623642333216,4.408067111362354,6.46363468730762,97.74642868876434,2.2535713112356808,100.00000000000001
2002,12,55-64,8199,509,15719243.125199951,39.00992332085973,38.29155456853744,0.71836875232225,13.500110840737692,13.105560387158132,3.8037119599859492,5.5785444516359055,98.15849739971637,1.8415026002835477,99.99999999999991
2002,12,65+,2245,107,4088815.9579000063,30.72579016912365,30.178230233691924,0.5475599354317412,15.932270126054343,15.704506835941247,3.0774480144805216,4.6549417841186855,98.21791422639484,1.7820857736052116,100.00000000000006
2003,1,16-24,8574,460,18226558.559399962,30.951828134003705,30.39891907816868,0.5529090558350451,13.638176052619128,13.32008724871594,3.0940176931743615,4.80138657688986,98.21364653021061,1.786353469789459,100.00000000000007
2003,1,25-34,13728,829,29163806.110200416,39.999999177702755,39.30996702645145,0.6899126552436718,11.904908240028625,11.449326456638676,3.779619744844271,5.397659580343379,98.27491958640853,1.72478167356626,99.99970125997478
2003,1,35-44,17231,1098,34039253.11570003,40.67092837032777,39.89315205351756,0.7777763168102204,12.54012756768696,11.934395055656053,4.1479996312684,5.771267217358262,98.08763569464607,1.9123643053539479,100.00000000000001
2003,1,45-54,15842,1115,30367070.831000153,41.150226687492456,40.30471384000419,0.8455128474883717,12.575477810663676,11.986161949199216,4.276570050146856,6.456057407745142,97.9453020905344,2.0546979094658644,100.00000000000026
2003,1,55-64,8123,475,15600930.849100068,38.9053264772285,38.24340171375865,0.6619247634698464,13.315460701087568,12.883284850384044,3.719511339882154,5.293146814682753,98.29862688889841,1.7013731111015729,99.99999999999999
2003,1,65+,2260,94,4237525.07199999,30.82358280331151,30.324980519100638,0.49860228421086367,16.766733963245795,16.116457676776758,3.8997967528782693,3.6253286361676635,98.38239997150069,1.617600028499272,99.99999999999996
2003,2,16-24,8578,523,18429598.16159999,30.864949925078314,30.17210855512355,0.6928413699548337,13.930051230981924,13.466075467582957,3.6236062067693413,5.519753550674725,97.75524868293462,2.244751317065601,100.00000000000023
2003,2,25-34,13598,805,29454276.769700017,39.92241953135147,39.19619796518472,0.7262215661667333,12.188885482992431,11.607712606853719,4.003724101414531,5.239129349077947,98.18091795364147,1.8190820463584985,99.99999999999997
2003,2,35-44,17038,1153,33828718.19909981,40.67956942870588,39.85702072063384,0.8225487080719616,12.547722097218188,12.030219490184663,4.121531040114799,6.1694771800592125,97.97798079079077,2.022019209209041,99.9999999999998
2003,2,45-54,15982,1179,30621199.043499924,41.07949982539035,40.205919725871766,0.8735800995186148,12.709241604853316,12.13850283080412,4.300559063621314,6.608092825906277,97.87344027256475,2.1265597274353225,100.00000000000007
2003,2,55-64,8182,531,15667200.882699985,39.07667556772873,38.34392877987233,0.7327467878564403,13.716238753018455,13.242729993556644,3.9494038860318645,5.96612468748097,98.12484870524264,1.8751512947574678,100.00000000000011
2003,2,65+,2269,98,4309991.375,30.980417437540684,30.517064320969777,0.46335311657091194,15.972518165603006,15.697237526489086,3.023001935570924,4.017492712499919,98.50436774292965,1.4956322570703693,100.00000000000001
2003,3,16-24,8383,487,18065050.399499983,31.310470043574156,30.596930882761406,0.7135391608127913,14.011412882903715,13.480270774572844,3.897711976866045,5.267703772508378,97.72108448126224,2.2789155187378958,100.00000000000013
2003,3,25-34,13543,759,29352440.756499935,40.251543025871605,39.56513474260675,0.6864082832647692,12.049312041339615,11.530500862238029,3.9300942205112084,4.869687605735049,98.29470317989134,1.7052968201084404,99.99999999999979
2003,3,35-44,16891,1166,33851414.77839973,40.855284948441565,40.00280816049607,0.8524767879454703,12.574731801356569,12.086325264671746,4.265433097320761,6.144381302867164,97.91342346768283,2.08657653231712,99.99999999999996
2003,3,45-54,16007,1133,30878036.957300153,41.33906715270684,40.44329527618994,0.8957718765169345,12.738765869477406,12.076373239918968,4.523433578212116,6.235512811136782,97.83311057018314,2.166889429816948,100.00000000000009
2003,3,55-64,8176,531,15663225.576000025,39.39676276880176,38.62324104489426,0.7735217239075269,13.768541601017143,13.283271763723228,4.077854387155803,5.994281741933313,98.03658557316783,1.9634144268322415,100.00000000000007
2003,3,65+,2331,99,4425670.925499994,31.196007337870878,30.78074812358751,0.4152592142833964,15.857842364117056,15.653498722795153,2.762223490671832,3.6389411009316195,98.66887063531603,1.3311293646840698,100.0000000000001
2003,4,16-24,8583,488,18373828.50060002,31.356200044557248,30.65250104844558,0.7036989961116575,13.88997006636665,13.355588021305326,3.862966318762202,5.2173662743651645,97.75578993911344,2.244210060886521,99.99999999999996
2003,4,25-34,13711,776,29585191.515099663,40.315792818516854,39.62491672248861,0.6908760960282451,11.974870385520203,11.532286932424629,3.912365338778572,4.968104381375502,98.2863388073794,1.7136611926205971,99.99999999999999
2003,4,35-44,17044,1110,34036405.35599975,40.93737567385553,40.11057492108349,0.8268007527721893,12.589286969130441,12.098453127762829,4.246441598870852,5.8664050695589385,97.98032790533745,2.0196720946629267,100.00000000000037
2003,4,45-54,16108,1097,30872112.196199916,41.201666018516605,40.38916302135894,0.8125029971576606,12.605335160674173,12.067125081003493,4.17026889144232,5.950304101402288,98.0279850897473,1.9720149102526836,99.99999999999999
2003,4,55-64,8317,495,15785757.149800027,39.50108441008779,38.77339190538295,0.7276925047048198,13.845089896908474,13.399948325467088,4.07249607377639,5.327843791202973,98.15779106935352,1.8422089306464244,99.99999999999994
2003,4,65+,2380,107,4469292.314699997,31.081197707656383,30.634155560015113,0.44704214764124567,16.197131606450984,15.840414730847892,2.998860950425579,3.91540389793784,98.56169587849845,1.4383041215014811,99.99999999999993
2003,5,16-24,8701,520,18549829.835699998,32.13525609580905,31.423481278565742,0.7117748172433169,14.079418209734815,13.449328201888234,3.8683804048899657,5.50477800629089,97.78506567639853,2.214934323601497,100.00000000000003
2003,5,25-34,13447,754,29545157.015700035,40.486315900892414,39.77852107820504,0.7077948226874404,11.76497117480312,11.24972933368075,3.8568462757862894,5.040267598539675,98.25176777156014,1.7482322284400271,100.00000000000017
2003,5,35-44,17158,1098,34061961.31799974,41.016729762936656,40.20728709404596,0.8094426688908909,12.566534356754664,12.02390399186021,4.139351193120615,5.8888324188778425,98.02655483855244,1.9734451614480384,100.00000000000048
2003,5,45-54,16301,1118,31143743.117399864,41.23028925464674,40.352884872771625,0.8774043818751285,12.405187006652298,11.80214145549591,4.454312072663564,6.320325595031864,97.87194221108639,2.128057788913628,100.00000000000001
2003,5,55-64,8337,489,15862940.319900002,39.751109192817985,39.03186923472607,0.7192399580919517,14.08496527145703,13.682273223560841,3.963311123912515,5.331553724242542,98.1906417891306,1.8093582108694972,100.00000000000009
2003,5,65+,2399,97,4482173.210599991,31.282917748560358,30.919574754998965,0.36334299356137484,15.93208251779895,15.733172234318346,2.415959866039344,3.4205430780189996,98.83852588022064,1.1614741197793033,99.99999999999994
2003,6,16-24,9271,652,19817407.952700045,33.54936311474137,32.74189226114682,0.8074708535946444,13.31931033108212,12.775687358749888,3.8752299146949287,6.200977887385975,97.59318574593225,2.4068142540680517,100.0000000000003
2003,6,25-34,13115,724,28993850.702200074,40.49395766546851,39.76762937919151,0.726328286276993,12.15923730786072,11.61425628732859,4.063162855017642,4.904509408583315,98.20632922008417,1.793670779915825,100
2003,6,35-44,16406,1038,32879886.793899786,40.832098120939506,39.951501659884414,0.8805964610550858,13.095009862203714,12.52368281243088,4.61437518756188,5.920736265312135,97.84337200002098,2.1566279999790128,99.99999999999999
2003,6,45-54,15458,1044,30025904.63870001,41.037842341340784,40.14143607135578,0.8964062699849228,13.040161615707886,12.466509262689266,4.5747174308156,6.046130440846566,97.81565935526298,2.1843406447368197,99.9999999999998
2003,6,55-64,7879,462,15271896.944300018,39.34145474118362,38.64284846075157,0.6986062804321126,13.726696876772447,13.429602201627924,3.891676385107176,5.098987293066047,98.22424898868641,1.7757510113137585,100.00000000000017
2003,6,65+,2300,89,4324169.929099996,30.87083684224771,30.366290635606376,0.5045462066413505,16.628003466170185,16.058235422769965,3.740784580577581,3.265429520929789,98.36562186759107,1.634378132408977,100.00000000000006
2003,7,16-24,9467,641,20257251.847300015,33.83681920668146,33.025810501673355,0.8110087050080139,12.93291057636469,12.547597716306086,4.0677592833754,6.0946933088782,97.60317688239454,2.3968231176051886,99.99999999999973
2003,7,25-34,12651,744,28241410.616499934,40.48401057953569,39.731235637802435,0.752774941733231,12.250172181168763,11.87306403471762,4.172764946570378,5.1930710668650075,98.1405623332344,1.8594376667655357,99.99999999999993
2003,7,35-44,15593,1013,31572977.81720004,40.80282910789885,39.95129349549135,0.8515356124075676,13.104026537867718,12.587478260310547,4.385221090967602,5.9620761899579895,97.91304762188008,2.0869523781200807,100.00000000000016
2003,7,45-54,14655,999,28685970.325999737,40.83300718665391,39.93927007494952,0.8937371117044998,13.237388955124038,12.769670752163494,4.563682806040128,6.142241467784807,97.81123857074992,2.1887614292503392,100.00000000000026
2003,7,55-64,7645,454,14660852.497899968,39.20675173521014,38.43453739725661,0.7722143379535173,14.352939383657173,14.066472769254498,4.150410320082916,5.465043977591125,98.03040470384077,1.9695952961592071,99.99999999999999
2003,7,65+,2255,95,4206310.197399992,30.794248437565347,30.320791346376293,0.4734570911890884,17.346487123634265,17.02826683713871,3.1485027821298988,3.6497957614941248,98.46251454342527,1.5374854565748282,100.0000000000001
2003,8,16-24,9084,577,19523218.703599952,33.54300229819403,32.770570970606755,0.772431327587355,13.001186973390203,12.585830535163428,3.916438631710571,5.707093584904354,97.69719084558848,2.3028091544117473,100.00000000000023
2003,8,25-34,12758,731,28495555.0077,40.58178448143659,39.837136019914574,0.7446484615220237,12.166383936289051,11.602517784952713,4.116745855465264,5.0843064057131295,98.16506723142585,1.834932768574161,100.00000000000001
2003,8,35-44,15695,944,32301743.970999923,40.84780202827426,40.038171945815535,0.8096300824586858,13.026863009496257,12.520057338560168,4.312455860337941,5.54252232730014,98.01793476697152,1.9820652330283806,99.9999999999999
2003,8,45-54,15083,1037,29246772.63980015,41.05224939944026,40.1463990387769,0.9058503606632824,13.12743371478069,12.57287986672799,4.5883845173566975,6.222165791460927,97.79342088700331,2.2065791129965064,99.99999999999982
2003,8,55-64,7808,473,15058594.31709994,39.092293139833316,38.2737896671285,0.8185034727048626,14.067035701514868,13.638772493117065,4.526823330622298,5.604766327635161,97.90622803892055,2.093771961079571,100.00000000000011
2003,8,65+,2245,88,4273235.469199999,31.558590073635024,31.113355324786472,0.4452347488485552,16.69225312385013,16.406773974129035,2.7928465038153245,3.7329819489180607,98.58918048046603,1.4108195195339774,100
2003,9,16-24,8506,506,18699310.625800118,31.775794420949317,31.095317017437807,0.6804774035115287,14.012834965389187,13.60804197333354,3.5856214629218885,5.374999917447454,97.85850388350045,2.141496116499608,100.00000000000006
2003,9,25-34,13469,799,29591424.72120001,40.53075655696793,39.780079232442674,0.7491351806767954,11.998348855153012,11.454333336489569,4.089382820286081,5.406320327503059,98.1478822793003,1.8483128476120347,99.99619512691234
2003,9,35-44,16594,1044,33763441.88260017,41.5420472962984,40.71329030387162,0.8287569924267768,12.745923190599127,12.086766976188578,4.487482107315914,5.631135205974978,98.00501649204797,1.9949835079520097,99.99999999999999
2003,9,45-54,16168,1031,30998443.31330007,41.386735151269754,40.61292734321738,0.7738078080523583,12.553828195545767,12.114920014811174,3.9261983953426958,5.684678665602324,98.13029994943045,1.8697000505695065,99.99999999999996
2003,9,55-64,8319,507,16001848.68769999,39.83737584503593,39.011691328624025,0.8256845164119025,13.732539826625489,13.2723341719809,4.515943503617927,5.547810814399093,97.9273621846385,2.0726378153615,100
2003,9,65+,2402,94,4525097.692199996,31.195153310948918,30.72443299229777,0.47072031865115754,16.851079147799098,16.41998991852643,3.4996336183692263,3.828639434649865,98.49104662522709,1.5089533747729442,100.00000000000003
2003,10,16-24,8443,506,18843412.22369996,31.57474832869066,30.90851747978898,0.6662308489016843,13.981826793467818,13.553721210729368,3.510038780565654,5.5759203822888805,97.88998841109905,2.1100115889009574,100.00000000000001
2003,10,25-34,13546,856,29581242.174500175,40.43565629769949,39.604163894469714,0.8314924032298718,12.265379996304096,11.624195242010847,4.347814513708384,5.700707781817461,97.94366537021664,2.0563346297836103,100.00000000000024
2003,10,35-44,16512,1038,33791790.23009991,40.72576400489311,40.00136217113363,0.7244018337594778,12.556596589512134,12.165196395407232,3.8070295155682192,5.739162972408945,98.22126889093488,1.778731109065118,100
2003,10,45-54,15993,1050,31192148.634399947,41.109533071086,40.2071795502561,0.9023535208298896,12.870519696432536,12.214044097646838,4.652810621293115,5.963641183885966,97.80500177593952,2.194998224060471,99.99999999999999
2003,10,55-64,8446,522,16455683.187300066,39.41541810457766,38.63560802965449,0.7798100749231448,13.957399816195164,13.518327674124823,4.046319855810776,5.856380498645943,98.02156081953979,1.978439180460142,99.99999999999993
2003,10,65+,2418,101,4523199.8265999975,31.449275229506643,30.888541891354176,0.5607333381524502,16.30753828867921,15.978623765481924,3.518262304704881,4.181695057725933,98.21702301862152,1.7829769813784249,99.99999999999994
2003,11,16-24,8448,523,18904639.536099944,31.303079568396868,30.572955821052062,0.7301237473448027,14.033676273748762,13.520467089491474,3.759481907336362,5.776099921476056,97.66756575579252,2.332434244207477,100
2003,11,25-34,13688,824,29817607.384600163,40.09551296103531,39.372659472853314,0.7228534881820139,12.242488178210815,11.688023552972524,4.054641463513606,5.224708944637178,98.19717111766481,1.8028288823352392,100.00000000000004
2003,11,35-44,16584,1025,34045073.4936001,40.74140805226738,40.010978148664016,0.7302894472903322,12.516607240380504,12.085836582359859,3.882600086608382,5.512493762578588,98.20715596607194,1.7924992831701834,99.99965524924212
2003,11,45-54,15987,1059,31251162.655100055,40.807687192853045,40.024263290705626,0.7834239021473497,12.60044485381654,12.259667963272422,3.915256601520987,6.028182121386007,98.08020508870048,1.9197949112993506,99.99999999999983
2003,11,55-64,8539,494,16745447.52140001,38.745402604669074,38.06616705140217,0.6792355532669017,13.620257838953059,13.289889177339681,3.8314260059075806,5.359666163314119,98.24692606708118,1.7530739329188163,99.99999999999999
2003,11,65+,2395,112,4523304.501100001,30.77650383022987,30.240683766466635,0.5358200637632505,15.98271930275543,15.712889736421571,3.0823479757904173,4.470801571081963,98.25899632161294,1.7410036783871057,100.00000000000004
2003,12,16-24,8374,509,18595971.48750007,31.69769788057155,30.948652041032403,0.7490458395391189,13.908341069745507,13.383891854091505,3.792234864154427,5.602550866462208,97.63690775790295,2.3630922420969602,99.9999999999999
2003,12,25-34,13470,835,29506434.682699796,40.24789889645661,39.47107472383843,0.7768241726181595,12.051232238244884,11.462162897810995,4.289226536909702,5.598799818632791,98.0699013018874,1.9300986981125379,99.99999999999994
2003,12,35-44,16381,1034,33951586.85319999,40.899037134089504,40.144394592096354,0.7546425419931488,12.41909613433055,11.96845671546011,3.932516118390535,5.69426965184039,98.15486477219741,1.8451352278025914,100
2003,12,45-54,15986,976,31485195.389099903,41.073111319893705,40.32666463014144,0.7464466897523633,12.649255112841894,12.163522736767117,4.021899974431589,5.459078806590621,98.18263904105378,1.8173609589464503,100.00000000000023
2003,12,55-64,8439,495,16556622.890300067,39.336627690968434,38.67076647110828,0.6658612198601692,13.646699980144346,13.311248089021927,3.6869495731242647,5.334235786196579,98.3072742658796,1.6927257341204387,100.00000000000004
2003,12,65+,2399,108,4531559.974699995,30.69997465612496,30.255799655940127,0.4441750001848438,15.710965762209117,15.520849576311134,2.9014895661879483,3.796108264271368,98.55317470076082,1.4468252992392172,100.00000000000004
2004,1,16-24,8257,463,18302827.34949992,31.189767629163544,30.52368075455656,0.6660868746070044,14.09230943060521,13.576482986177147,3.6038461441030867,5.183274988527501,97.86440578036185,2.1355942196382043,100.00000000000006
2004,1,25-34,13164,801,29107998.25709996,40.27755079260139,39.48727352515346,0.7902772674479279,11.908540263125404,11.348225016709897,4.065867708573058,5.587524171310157,98.03792124422547,1.9620787557745305,100
2004,1,35-44,16218,1024,33456534.70920012,40.650434876523825,39.911505578236486,0.7389292982874819,12.239964940237858,11.727600621818492,3.9776077995018353,5.610111834098181,98.1822351949448,1.817764805055563,100.00000000000036
2004,1,45-54,15946,1046,31225558.65279993,41.102303939107415,40.31915145034935,0.7831524887580276,12.14633426390716,11.738937781449959,4.024662816779043,5.891439193306599,98.09462630143972,1.9053736985602043,99.99999999999991
2004,1,55-64,8367,498,16279131.080300009,39.40557242593806,38.73912330987138,0.6664491160667078,13.340894325892261,12.938533769785765,3.7693383457980096,5.2231579738857254,98.30874397949869,1.6912560205013765,100.00000000000006
2004,1,65+,2306,106,4405394.830500002,30.88886065294074,30.381868117825217,0.5069925351155194,15.75173246126804,15.503409788552856,3.159057143724411,3.7827865880771907,98.35865576004255,1.6413442399574287,99.99999999999999
2004,2,16-24,8312,534,18278781.170900114,30.95165958978652,30.18737024607797,0.7642893437085806,14.215902039991473,13.643018548909145,3.89761679236475,5.842811214897916,97.53069995651944,2.4693000434806476,100.00000000000009
2004,2,25-34,13136,757,29118860.946399957,40.1238847360837,39.39560303148901,0.7282817045946937,12.168771836724941,11.598979448012093,4.017733308984188,5.153008824974343,98.18491726465423,1.8150827353457741,100
2004,2,35-44,16252,1010,33512609.68299992,40.6571151290518,39.90207604185007,0.7550390872017269,12.43826668892892,12.001327586512543,3.9059833331630855,5.697312706054485,98.14291032503137,1.8570896749686228,99.99999999999999
2004,2,45-54,16239,1088,31329324.491300467,41.22423507819771,40.40834832073833,0.8158867574593841,12.318794718633898,11.797155836067352,4.224907590068274,5.793673582090865,98.02085652793379,1.9791434720662235,100.00000000000001
2004,2,55-64,8435,519,16466295.201199997,39.479725185020605,38.72811817685167,0.75160700816891,13.248700070607425,12.796718030462378,4.0643151748427,5.609974150910886,98.09622026332111,1.9037797366788276,99.99999999999994
2004,2,65+,2411,106,4569588.006099985,31.203305291431203,30.77183157378576,0.4314737176454457,16.022328937860866,15.773955493728172,2.93748876895532,3.8376430121469225,98.61721790811715,1.382782091882854,100.00000000000001
2004,3,16-24,8168,476,18121138.689599857,31.0841960549854,30.416594660220827,0.6676013947646205,13.875201863718711,13.434622681729119,3.4631511754640654,5.517309818250045,97.85228032411183,2.147719675888314,100.00000000000014
2004,3,25-34,12880,735,29251772.531300128,40.22940319392299,39.54575704630568,0.6836461476172685,12.018903174268377,11.512545201189118,3.7458709574015865,5.1605084566576425,98.30063064987108,1.6993693501288116,99.99999999999989
2004,3,35-44,15901,1012,33435068.756099503,41.07358424949459,40.24115907720537,0.8324251722892784,12.636567454728148,11.998342725468346,4.338601009992883,5.840770938578504,97.9733320393156,2.02666796068454,100.00000000000013
2004,3,45-54,16024,1122,31207111.350500286,41.512388074913204,40.67816981363588,0.8342182612772553,12.486666461867403,11.895126501975364,4.304303645700305,6.009366814945325,97.99043538576511,2.009564614234734,99.99999999999984
2004,3,55-64,8436,523,16453135.802599875,39.7280945248207,38.95215104923823,0.7759434755824862,13.559385177595315,13.129956074670073,4.072982527333909,5.686995285434558,98.04686460585799,1.9531353941420584,100.00000000000004
2004,3,65+,2455,106,4687418.31080001,30.40685154512577,29.940781002740746,0.4660705423850127,16.610790561376206,16.01919208918472,3.608329081144726,3.7482545241415353,98.46721867374744,1.5327813262525167,99.99999999999996
2004,4,16-24,8350,501,18616931.77639995,31.034553844216962,30.38342380083001,0.6511300433869938,13.938500512682985,13.537349522304128,3.490375209695776,5.170387412173975,97.9019191103716,2.0980808896285343,100.00000000000013
2004,4,25-34,13014,807,29288194.903499804,40.2493637200882,39.42925328630972,0.8201104337785522,12.144011829504795,11.550732928993124,4.203536901771163,5.834074826495438,97.96242633925374,2.037573660746444,100.00000000000018
2004,4,35-44,15877,974,33354125.199299905,40.88106785749006,40.07824807164055,0.8028197858495179,12.855861700525068,12.14104029188671,4.331694093630628,5.320368494740927,98.03620642041908,1.9637935795809418,100.00000000000001
2004,4,45-54,15944,1066,31009068.66909954,41.24777537040878,40.417083507680594,0.8306918627281683,12.500403797298697,11.999724720100762,4.258382471615717,6.018707280169959,97.98609293405887,2.0139070659410834,99.99999999999996
2004,4,55-64,8379,500,16262685.315499976,39.790433059677376,39.043775111827514,0.7466579478499055,13.970389825240153,13.485324479727709,4.138163108563765,5.373103390048198,98.12352394674863,1.8764760532514784,100.00000000000011
2004,4,65+,2430,95,4567917.656200005,30.842146395060023,30.407785370314535,0.434361024745479,16.12657499580954,15.799303406219568,3.1415242899613047,3.40344922130954,98.59166408465315,1.4083359153468336,99.99999999999999
2004,5,16-24,8567,523,18837796.882399973,31.73810377932202,31.05480720104603,0.683296578275883,13.798087963793135,13.339663116082775,3.577008437442733,5.287257847708076,97.84707812720315,2.1529218727965205,99.99999999999967
2004,5,25-34,13135,749,29672649.767000083,40.6016218060326,39.843079827609955,0.7585419784225615,11.99933077122455,11.435166344484516,4.0019857363442854,5.33699517513668,98.13174463314188,1.868255366857925,99.9999999999998
2004,5,35-44,16122,1011,34063451.881400116,41.1331336556549,40.355527305123466,0.7776063505314733,12.672391724845212,12.115440966886952,4.2176873182705545,5.60972480843435,98.10953778274917,1.8904622172509082,100.00000000000009
2004,5,45-54,16043,1061,31372139.469099987,41.41821055173537,40.61478669740667,0.8034238543286418,12.507533300151637,11.950058526330833,4.133826722895401,5.911161448923656,98.0602159204219,1.9397840795779608,99.99999999999986
2004,5,55-64,8582,493,16575694.594900033,39.762341441213934,39.051171707981275,0.7111697332325936,13.822400026460945,13.409446982322438,3.967115163025369,5.2474432918643314,98.21144905592625,1.7885509440735836,99.99999999999983
2004,5,65+,2450,103,4658059.254499995,30.634301379903167,30.14962427337667,0.48467710652649076,15.749823483226068,15.491154770315312,3.0987647002303937,3.707024751417323,98.41786140145355,1.5821385985464336,99.99999999999999
2004,6,16-24,9154,607,19946507.555199966,33.13126482161621,32.33433708331367,0.7969277383025373,13.325522048642815,12.926234711100152,3.8473366967281946,5.904742833503977,97.59463533133032,2.4053646686696624,99.99999999999999
2004,6,25-34,12920,743,29311875.810800012,40.26767499439307,39.558164019720515,0.7095109746724997,12.023921540817899,11.485625134083717,3.955241962402099,5.048618733075917,98.23801355610587,1.7619864438939994,99.99999999999987
2004,6,35-44,15373,951,32738368.251599964,40.924438060464986,40.0906794464062,0.8337586140587814,12.662366207424736,12.10833497875989,4.363017009466801,5.710067047732713,97.96268769084396,2.037312309156013,99.99999999999997
2004,6,45-54,15261,1056,30279320.5991999,40.92629858247703,39.98721287143406,0.9390857110430474,12.782400492188092,12.305189368401996,4.664243399490128,6.233155015868707,97.70542232361798,2.2945776763822114,100.0000000000002
2004,6,55-64,8116,499,15874857.871300034,39.30023218124758,38.508420519492475,0.7918116617550925,13.822920796934522,13.42150013464743,4.087708706787399,5.60910995184286,97.98522395973802,2.0147760402619497,99.99999999999997
2004,6,65+,2362,85,4491069.853699999,30.978364773970313,30.598234165137,0.38013060883333116,15.945722679499498,15.822992775093875,3.099296027190193,3.0525710190647524,98.77291583462559,1.227084165374466,100.00000000000006
2004,7,16-24,9343,675,20668619.435299993,33.973395540223656,33.086362601173676,0.8870329390499946,13.070287385030904,12.567813230789563,4.258457635089635,6.278861321930199,97.3890365536181,2.6109634463819478,100.00000000000004
2004,7,25-34,12641,761,28540474.80240001,40.4312238761272,39.68030314925487,0.750920726872343,12.257900673507915,11.889539446169643,4.100427135821961,5.321202082357406,98.14272076162474,1.8572792383752885,100.00000000000003
2004,7,35-44,14834,952,31771482.63020035,40.81097632898308,40.01332189043295,0.797654438550204,12.713019240313358,12.300780278410869,4.097370830235986,5.764454277494485,98.04549042855498,1.9545095714451874,100.00000000000017
2004,7,45-54,14582,1005,29504380.235400178,40.9634763423259,40.06743565975349,0.8960406825722779,13.262065159558322,12.816132826570882,4.640161270584537,6.118906978882742,97.81258632669669,2.187413673303004,99.99999999999969
2004,7,55-64,7851,454,15453967.88160008,38.8997875224817,38.14333945647276,0.7564480660088972,14.185138403521758,13.946802293825126,4.0945816509858854,5.478576431545801,98.05539280755258,1.9446071924473018,99.99999999999989
2004,7,65+,2258,102,4428772.9282,31.06256474495128,30.56616787325761,0.4963968716936488,16.442953081144402,16.031387283892776,3.6764602163671936,4.1014646324128945,98.40194499144069,1.5980550085592342,99.99999999999991
2004,8,16-24,9148,605,19983125.26799995,33.67333948950653,32.901228631981795,0.7721108575247532,13.051749335771852,12.621961349145472,3.9447610037261556,5.784867797687085,97.7070558809133,2.292944119086741,100.00000000000004
2004,8,25-34,12870,768,28830524.006899945,40.60324363656531,39.866860932781684,0.7363827037836362,12.088795990070684,11.678366069753968,3.978635639397565,5.383595177210564,98.18639439160354,1.8136056083964824,100.00000000000003
2004,8,35-44,15085,933,32170681.171500076,40.823434264844444,40.05562809542199,0.767806169422438,12.82699935869629,12.43848905342287,4.142433618984559,5.633498896521793,98.11920240604633,1.8807975939536345,99.99999999999996
2004,8,45-54,14912,1004,30116713.167499956,40.88699402388064,40.0492068065216,0.8377872173590353,12.946603765550059,12.425446044343564,4.373386337406591,5.9568594880266765,97.95096891478568,2.0490310852143194,100
2004,8,55-64,8039,470,15922764.801100142,38.83479106872662,38.11810594240288,0.7166851263237612,13.865891891775446,13.606139963549515,3.9521987951324724,5.514573521423432,98.15452817795412,1.8454718220459352,100.00000000000006
2004,8,65+,2298,94,4490938.17039999,31.23654164314747,30.820838721405,0.4157029217424568,16.66335344882831,16.39076575651378,2.7653442496454685,3.89776486021871,98.66917750853618,1.3308224914637816,99.99999999999996
2004,9,16-24,8420,505,18919332.063900102,32.192621213755935,31.4323256731513,0.7602955406045546,14.177611278762546,13.530593768634747,3.981105126321129,5.4541727816541155,97.63829252810342,2.361707471896323,99.99999999999974
2004,9,25-34,13215,798,29627480.451199982,40.397257392898574,39.61219029482344,0.7850670980750899,12.368722416186614,11.877423896698916,4.238253537632847,5.491146148183879,98.0566326806801,1.943367319319793,99.99999999999989
2004,9,35-44,15995,1085,33603033.55219994,41.1176042342444,40.27417263668721,0.8434315975571957,12.706725057741512,12.224494616837145,4.214467297148015,6.2528260492792285,97.94873360628647,2.0512663937135516,100.00000000000001
2004,9,45-54,15959,1066,31901095.13370026,41.1361448082264,40.288805477284576,0.847339330941791,12.793289366520616,12.23387518603477,4.392479794867155,5.986143868718329,97.9401586247519,2.0598413752480282,99.99999999999993
2004,9,55-64,8543,523,16786645.46499998,39.381761681407006,38.669730343292414,0.7120313381146405,14.055338914691326,13.661093003581527,3.947288626121834,5.466342506090448,98.19197692608363,1.8080230739164878,100.00000000000011
2004,9,65+,2434,147,4788615.625699992,31.00569877144741,30.32486580920199,0.6808329622454137,16.81627757111828,16.301762691261693,3.8306053806442315,5.936555900922714,97.80416830059517,2.195831699404822,99.99999999999999
2004,10,16-24,8656,517,19374657.748700067,31.65905074751339,30.951679065640988,0.7073716818723955,14.436092390017746,13.866093259677449,3.6684407834047748,5.501945724287808,97.76565732335496,2.2343426766450185,99.99999999999997
2004,10,25-34,13603,879,29735839.170300033,40.22107652002188,39.35637841458963,0.8646981054323664,12.356685254712136,11.631135957242307,4.497462778253192,6.106272106870823,97.8501368430509,2.149863156949375,100.00000000000028
2004,10,35-44,16162,1097,33731023.783700034,41.00683971635671,40.17464139068462,0.8321983256720729,13.084295962124468,12.553660234733687,4.21870555008236,6.268088545897324,97.97058653768887,2.0294134623110875,99.99999999999996
2004,10,45-54,15900,1096,31987364.73759995,41.3887318437891,40.518019343097826,0.8707125006912882,12.786948204637234,12.29675092802532,4.319922815254193,6.374422945205054,97.8962571166047,2.103742883395326,100.00000000000003
2004,10,55-64,8885,551,16976509.02049998,39.17248786813953,38.379714826941985,0.7927730411975847,13.842157467258932,13.460492047103974,4.239269664048045,5.794615245172639,97.97619940845694,2.023800591543171,100.0000000000001
2004,10,65+,2484,139,4817231.296499997,30.412910379546336,29.87316060899057,0.5397497705557809,16.43439052757476,16.170334637709082,3.0248492837184036,5.247295729471316,98.22526103611983,1.7747389638802211,100.00000000000006
2004,11,16-24,8697,498,19407575.70649997,31.25499137255164,30.604926950549967,0.6500644220016926,14.079749577375297,13.634721180013628,3.5529747645076184,5.111058461916916,97.92012605521765,2.079873944782413,100.00000000000006
2004,11,25-34,13622,818,29833789.373499844,40.09835026455307,39.3019381500128,0.7964121145403366,12.257769061974514,11.658910454641669,4.1552082708789735,5.681167402775589,98.01385316531514,1.9861468346850284,100.00000000000017
2004,11,35-44,16420,1044,33915619.05570001,40.72222618683963,39.90738419929949,0.8148419875401154,12.677215760229304,12.10249996186741,4.2421564246710775,5.933071484837937,97.99902396347018,2.0009760365297793,99.99999999999996
2004,11,45-54,16048,1097,32034317.498799995,40.80220469287869,39.87120303514336,0.9310016577352449,12.756917136047582,12.167198352530866,4.582948271654093,6.437637139537151,97.71825648946411,2.281743510535682,99.99999999999979
2004,11,55-64,8969,530,17246882.907499943,38.56952221613509,37.85731767161078,0.7122045445243042,13.553850135510158,13.192231417406564,3.86811635745426,5.408092940634481,98.15345250964408,1.846547490355901,99.99999999999999
2004,11,65+,2474,118,4746581.404299998,30.46708495248635,30.015181513001092,0.45190343948527173,15.950192043031354,15.735738979215286,2.8694767243088104,3.9057763705906687,98.51674868078123,1.483251319218818,100.00000000000006
2004,12,16-24,8488,519,19355884.494400036,31.774751700617863,31.05953332395283,0.7152183766649978,14.084452419830425,13.53875516421697,3.696039053205585,5.552028580822092,97.74909845589409,2.25090154410582,99.9999999999999
2004,12,25-34,13327,861,29724277.63670008,40.39427555654481,39.57527412785259,0.8190014286921684,12.149135188690869,11.569934743940012,4.151065563136136,5.897165116085911,97.97248145335402,2.027518546645828,99.99999999999984
2004,12,35-44,16160,1050,33821848.1654002,41.25569249589797,40.44466819373806,0.8110243021598456,12.568696619869955,12.031918109270904,4.192733917028948,6.0050728927277905,98.03415176647309,1.965848233526768,99.99999999999986
2004,12,45-54,15810,1109,31836764.1105,41.43746487409514,40.56535754954326,0.8721073245519592,12.502034190023746,11.932189982706989,4.360933677837149,6.2825821021186385,97.89536515517607,2.104634844824114,100.00000000000018
2004,12,55-64,8983,551,17407919.99929997,39.354083812594794,38.66967996343431,0.68440384916056,13.472907759180567,13.141916962765203,3.605641054461813,5.71221108977975,98.26090768007806,1.7390923199221444,100.00000000000021
2004,12,65+,2455,126,4705332.601400007,30.63548963100086,30.04250538158355,0.5929842494173138,15.920368666436257,15.110576102630079,4.326179262203596,4.43121362000983,98.06438788294328,1.93561211705674,100.00000000000001
2005,1,16-24,8177,485,18363061.078800056,31.620710564958983,30.87906322948703,0.7416473354719096,13.852415862263197,13.28211620886149,4.079845179650691,5.24104059377713,97.65455196223887,2.3454480377609808,99.99999999999984
2005,1,25-34,13294,794,29464403.365199957,39.868038274282604,39.13371538413887,0.7343228901439249,11.886043125936373,11.339967162225083,3.8960719850263072,5.474900075883657,98.1581163209191,1.8418836790813695,100.00000000000047
2005,1,35-44,16076,986,33403834.0390002,40.634780233575206,39.86017543911099,0.7746047944643206,12.51153686552384,11.90376931081194,4.228905638858747,5.564032392599057,98.09373942713196,1.906260572868288,100.00000000000026
2005,1,45-54,15753,1054,31492156.511499807,40.97949313974241,40.1606168446725,0.8188762950699505,12.316699153982645,11.825765093711803,4.313110630291743,6.0857452578712765,98.00174128001657,1.9982587199835187,100.0000000000001
2005,1,55-64,8783,515,17094278.13219998,39.06950673775249,38.41545446169657,0.6540522760560178,12.961402303905956,12.600273842514955,3.653266962814549,5.257784245401943,98.32592645603094,1.6740735439693006,100.00000000000024
2005,1,65+,2357,105,4446689.141900002,31.002709861565645,30.63910857386484,0.3636012877007987,15.674329393468772,15.53351039165524,2.590982761712079,3.5455382908245014,98.8271951409268,1.17280485907317,99.99999999999997
2005,2,16-24,8236,490,18376304.58960002,31.07155142985838,30.426573064044423,0.6449783658139719,13.940919323209407,13.531648327156883,3.4219063199904354,5.257637284956597,97.92421576608446,2.075784233915582,100.00000000000004
2005,2,25-34,13081,850,29441702.602599826,39.999879459804355,39.22113605083535,0.7787434089689969,12.62781067154909,11.957808373173506,4.060403519015805,5.909875090737293,98.05313561069212,1.9468643893078517,99.99999999999997
2005,2,35-44,15874,1049,33463609.934500102,40.73793400139823,39.91564347087387,0.8222905305243509,12.809998255145633,12.229093216723157,4.311188836930304,5.912846724465496,97.98151145687422,2.0184885431257458,99.99999999999996
2005,2,45-54,15881,1103,31868749.966999877,41.22381948123752,40.33521675251033,0.8886027287271694,12.356510455834945,11.709572888136087,4.521094316014035,6.352502893261685,97.84444347974203,2.1555565202579183,99.99999999999994
2005,2,55-64,8617,535,17366816.24289995,39.31282913749494,38.58951557358622,0.723313563908731,13.21399649289866,12.834607492892365,3.930620607627135,5.550009275845557,98.16010808741605,1.839891912583988,100.00000000000004
2005,2,65+,2463,99,4731083.639499994,30.525197577454467,30.134079555897884,0.3911180215565923,16.00249022927197,15.753983901622146,3.014942559091006,3.599618459038662,98.71870437344701,1.2812956265530195,100.00000000000003
2005,3,16-24,8196,488,18486270.785500016,31.23370843984875,30.476980316744903,0.7567281231037978,14.0830031999974,13.592648708192504,3.886044204960152,5.627407238976363,97.57720693153941,2.4227930684604364,99.99999999999984
2005,3,25-34,12763,789,29234637.393,40.11840471879192,39.410834576264584,0.7075701425273354,11.934948233401384,11.449331313452792,3.8110815619723133,5.475394899829601,98.23629541731029,1.7637045826897035,99.99999999999999
2005,3,35-44,15647,1035,33642045.587100066,40.95994683093205,40.178396589287836,0.7815502416441036,12.458354233247775,12.050946206388726,4.014295744713632,5.962004506257181,98.09191587852843,1.9080841214713056,99.99999999999973
2005,3,45-54,15708,1065,32026946.580200046,41.35883101682588,40.55059411619658,0.8082369006292676,12.391331651478211,11.859598088110804,4.152037247123319,6.052631306408764,98.04579365335425,1.9542063466456658,99.99999999999991
2005,3,55-64,8524,545,17435640.661900084,39.64975664035985,38.832875661903834,0.8168809784559911,13.642345651572692,13.19364776618882,4.1854100510025125,5.802062784596046,97.93975790099933,2.060242099000629,99.99999999999996
2005,3,65+,2465,106,4690882.126599995,30.842744248631476,30.391911752413375,0.4508324962181118,15.693310158083415,15.44871692368604,3.0189526745170956,3.886201835391908,98.53828669529591,1.4617133047041224,100.00000000000003
2005,4,16-24,8439,474,18918186.79880006,31.346123619659778,30.608381491879065,0.7377421277807266,14.11489275210179,13.60313320442987,3.8898306371254545,5.221163356747546,97.64646456215078,2.353535437849249,100.00000000000003
2005,4,25-34,13154,742,29588855.544500243,40.40007347134098,39.67377629607244,0.726297175268559,11.737351595262881,11.27928729253728,3.915691034896591,5.216942290919115,98.20223798408742,1.7977620159126195,100.00000000000004
2005,4,35-44,15863,1038,33915917.71139986,41.250978632234926,40.42055161855486,0.8304270136801656,12.440205511672325,11.838060792523095,4.326434363326039,5.991794824755525,97.98689136303025,2.013108636969988,100.00000000000024
2005,4,45-54,16080,1070,32336964.673999954,41.41857332221661,40.57358253458504,0.8449907876316466,12.39433141236544,11.810773310896582,4.46802030932243,5.814290922647157,97.95987471355437,2.0401252864458272,100.0000000000002
2005,4,55-64,8685,548,17564540.994300053,39.71593294500424,38.94943839701867,0.7664945479855673,13.72792582620776,13.212392749729647,3.9981520807137625,5.667242501942008,98.07005780514596,1.929942194854024,99.99999999999999
2005,4,65+,2577,109,4995065.897800014,31.17326682788724,30.655680788203814,0.5175860396834168,15.787432342801042,15.317597633673214,3.4002564290209376,4.160179338004796,98.33964774195434,1.6603522580456351,99.99999999999997
2005,5,16-24,8502,512,19053962.563900016,31.692141933982196,30.960301839758383,0.73184009422373,14.045954480424136,13.559459216840192,3.8051663831378493,5.483144666608161,97.69078374144509,2.3092162585546405,99.99999999999973
2005,5,25-34,13175,739,29866035.29369992,40.25254260515788,39.56731814041221,0.6852244647456429,11.854654595783026,11.328375935908184,3.908787357735384,5.003182657174468,98.2976865052548,1.7023134947451486,99.99999999999996
2005,5,35-44,16045,1012,34028727.62990013,41.29591955532416,40.542221144571236,0.7536984107529273,12.252871473963033,11.773120007253622,4.0286744725226065,5.57913631931342,98.17488405908192,1.8251159409180784,100
2005,5,45-54,16062,1078,32384599.783800162,41.282012944537584,40.471416570639164,0.8105963738984208,12.565882093666751,11.976679964439573,4.355797833490177,5.811654890178623,98.03644174283008,1.9635582571699148,100
2005,5,55-64,8840,542,17525840.135099906,39.61969561809778,38.87201583345464,0.7476797846430483,13.532100471488501,13.130800211243997,4.00804514328049,5.557503145023682,98.1128583322543,1.8871416677454675,99.99999999999977
2005,5,65+,2609,130,5013721.11199999,30.655587803703952,30.163009518547874,0.49257828515612195,15.744870918661459,15.520170743893496,2.9165140203306166,4.677749487075988,98.39318597212949,1.606814027870659,100.00000000000014
2005,6,16-24,9366,697,20437174.049300183,33.876879904387096,32.95463166545585,0.9222482389313216,13.213830183995896,12.673006188940493,4.279484260659839,6.540905349611076,97.27764705151665,2.7223529484835742,100.00000000000023
2005,6,25-34,12763,768,29116595.35949957,40.484349116161944,39.685299603183495,0.799049512978494,12.043510149735884,11.475661620304768,4.311866519286991,5.382200119385571,98.02627551035653,1.973724489643584,100.00000000000011
2005,6,35-44,15447,983,32783151.739500076,41.08287157546306,40.233759380748204,0.8491121947149458,12.644904232429884,11.968308942222878,4.450395316287279,5.818126532360929,97.93317223905548,2.066827760944739,100.00000000000021
2005,6,45-54,15356,1042,31036228.55959995,41.323751207998725,40.44931257931415,0.874438628684651,12.91506748247197,12.30376643471529,4.586529652609821,5.970745568010745,97.8839321138026,2.1160678861975932,100.0000000000002
2005,6,55-64,8580,557,17004153.98979998,39.37229655452998,38.60557956614468,0.7667169883853396,13.681050614578362,13.290270771620177,4.124023500003983,5.480457563834151,98.05264854864787,1.94735145135222,100.00000000000009
2005,6,65+,2485,107,4739213.1356999865,31.06224912247102,30.672132879001644,0.3901162434693759,16.068991978035108,15.86800296552146,2.4961083316260164,3.858249571486992,98.74408243288745,1.2559175671125449,100
2005,7,16-24,9718,682,21234703.441499982,34.11003138096264,33.23459178744001,0.8754395935226139,13.181839872056084,12.677007719842738,4.0177495113647135,6.394214622495759,97.43348347075627,2.5665165292436845,99.99999999999996
2005,7,25-34,12699,766,28869853.947099995,40.28528034204431,39.541780251104,0.7435000909402301,11.837696109145714,11.479634583722119,4.008630074450767,5.294798350559541,98.15441251835017,1.8455874816496327,99.9999999999998
2005,7,35-44,15020,970,31980104.122699793,41.08816937273866,40.19946674502186,0.8887026277167949,12.66414422620288,12.15022499289611,4.503255021132972,5.954461613989399,97.83708390691545,2.1629160930845335,99.99999999999999
2005,7,45-54,14963,1032,30229876.19269975,41.18440865046143,40.30951397884222,0.8748946716191626,12.943392906188727,12.448722755130504,4.627906073803336,6.0219762247640976,97.87566532994421,2.1243346700556796,99.99999999999989
2005,7,55-64,8296,484,16428079.899999961,39.211076606420725,38.473891337611576,0.7371852688091708,14.32070216836864,13.822052336037649,4.124815564884839,5.1097521482105845,98.11995657194366,1.8800434280563936,100.00000000000006
2005,7,65+,2429,115,4663323.290500012,31.55793924279292,31.044221011530553,0.5137182312623096,15.868748700389583,15.320118504143263,3.2746925310927937,4.460492973406891,98.37214265700291,1.6278573429969152,99.99999999999983
2005,8,16-24,9156,614,20272988.988500122,33.873446659095855,33.08652467888125,0.7868343303815972,13.19348672263258,12.764645535362082,3.867032033945028,5.973410974015405,97.67687655722126,2.3228646860189315,99.9997412432402
2005,8,25-34,12716,717,29143872.109599996,40.42028108327667,39.75975787828161,0.6605232049950897,11.955278691249028,11.55201019458202,3.7315623948455907,4.8310390404033505,98.36586192056853,1.6341380794315454,100.00000000000009
2005,8,35-44,15150,928,32229276.59280018,41.024881533015176,40.26516098432717,0.7597205486880152,12.54897450348777,12.08864608023493,4.006806153094575,5.502335555046732,98.14814687989625,1.851853120103766,100.00000000000001
2005,8,45-54,15095,1006,30948729.980200056,41.164365926529136,40.36966695988874,0.7946989666404729,12.941464829236232,12.356942377765641,4.178417182146587,5.817295041353292,98.06944927061724,1.9305507293829456,100.00000000000018
2005,8,55-64,8527,465,17010147.75010004,39.4553697834961,38.77034544071628,0.6850243427798253,13.897625120931018,13.43202107260828,3.95025392507839,4.889579097248626,98.26379946116646,1.7362005388335406,100
2005,8,65+,2443,109,4766439.491100003,31.55571026298472,31.07003017363869,0.4856800893460521,15.97430808758515,15.606589243780173,3.1242277428858864,4.244499846851311,98.46088050213929,1.539119497860777,100.00000000000007
2005,9,16-24,8408,519,19196658.60489995,32.16381715765374,31.488369304812814,0.6754478528409282,14.049886898231462,13.667015135995856,3.426344432663291,5.421462839029449,97.89997608327967,2.1000239167203385,100
2005,9,25-34,13149,815,29968265.10620001,40.78438276401382,40.01394731982712,0.7704354441867011,11.926146232448959,11.422057420314186,4.0665026221820675,5.517811087629135,98.11095475284108,1.8890452471589108,99.99999999999999
2005,9,35-44,15845,1000,34019639.013300285,41.35556218598795,40.574961331904284,0.7806008540836593,12.464880739315277,11.944015411432945,4.055327855233063,5.675266517511174,98.11246465330811,1.8875353466918696,99.99999999999997
2005,9,45-54,15731,1113,32372001.61169985,41.810528232264396,40.95976237983582,0.8507658524286671,12.494004527414559,11.988431050546543,4.196892717715097,6.295133665332209,97.96518750563871,2.034812494361521,100.00000000000023
2005,9,55-64,8919,551,17862569.919200037,40.020125128227676,39.25342883357642,0.7666962946512761,13.803092918181783,13.340481179117436,4.050272276013234,5.695323606859592,98.08422314474356,1.915776855256499,100.00000000000006
2005,9,65+,2595,147,4989167.430899989,31.516118798670192,30.894758148193713,0.6213606504764629,16.589858306580375,16.14168607122602,3.852709638648998,4.856261058697207,98.02843537160834,1.9715646283916182,99.99999999999996
2005,10,16-24,8636,548,19582504.342500024,31.627247666078222,30.90343090457558,0.723816761502653,14.26811042582316,13.80823113590198,3.691879080518141,5.565836745071058,97.71141400243003,2.2885859975700065,100.00000000000004
2005,10,25-34,13354,823,30226244.81759982,40.50375458549318,39.73463103694479,0.7691235485482333,12.212584543521457,11.65921854341876,4.185611027479111,5.520966979425509,98.10110554831414,1.8988944516854802,99.99999999999962
2005,10,35-44,15921,1036,33847876.94660013,40.96421060106324,40.144297790254335,0.8199128108088795,12.747791076848081,12.201003170257243,4.191113507569341,5.851289404722723,97.99846549273519,2.0015345072647346,99.99999999999993
2005,10,45-54,15970,1137,32616514.801900245,41.30395579934588,40.39255823315737,0.9113975661884071,13.101334579399953,12.414431798525605,4.621689922415691,6.323746659406513,97.79343758109738,2.2065624189023576,99.99999999999973
2005,10,55-64,9171,540,18077789.451900043,39.61612587061247,38.851815902860935,0.7643099677514922,14.230799834668431,13.70004960924443,4.3796326163265205,5.394575501030081,98.07070996733049,1.9292900326694058,99.99999999999989
2005,10,65+,2641,138,5169449.68250001,31.00854030016948,30.404776287731988,0.6037640124375069,16.81920583955488,16.446956934215944,3.516122961687217,4.598132139764754,98.05291056401585,1.9470894359842117,100.00000000000006
2005,11,16-24,8735,516,19467198.022499926,31.49747958703712,30.81395089868036,0.6835286883567248,13.877131833649132,13.419221150556488,3.5458259371346377,5.3810172906715925,97.82989401908186,2.170105980918019,99.99999999999989
2005,11,25-34,13243,801,30257734.347300306,40.17901746093458,39.449991825438865,0.7290256354956782,12.075565072762078,11.521428174335547,3.9124045659376265,5.464865713078529,98.18555633869211,1.8144436613077912,99.9999999999999
2005,11,35-44,15918,1021,33690195.1983999,40.78085132037906,40.052275991950346,0.728575328428664,12.496719114344888,12.03879231868514,3.772406597927088,5.741909929010667,98.21343766782861,1.7865623321712745,99.99999999999989
2005,11,45-54,15985,1072,32673805.273400266,41.147134959266346,40.28189433123604,0.8652406280304049,12.772461983110254,12.174753544853973,4.418197135866569,5.9861216911649215,97.89720322232192,2.1027967776783267,100.00000000000024
2005,11,55-64,9100,527,18118279.086699963,39.107552549680584,38.38531222731429,0.7222403223662572,13.86005391209593,13.390107534303835,3.913486543296599,5.21655393140402,98.15319477881212,1.8468052211877835,99.9999999999999
2005,11,65+,2588,130,5076968.766500005,30.882995150192837,30.297543160904937,0.5854519892879074,16.335581949751848,15.782656335885731,3.5430887667628808,4.401617937351551,98.1042901232841,1.8957098767159304,100.00000000000003
2005,12,16-24,8473,543,19252012.239200003,31.766981322172256,31.02644411232826,0.7405372098440153,13.903992034210557,13.422057189716357,3.723179220921968,5.611321304379616,97.66884614457487,2.3311538554251796,100.00000000000006
2005,12,25-34,12815,776,29922445.513400014,40.39564668042594,39.62384827355576,0.7717984068701167,12.058986047873193,11.608517137953033,4.013661579884248,5.594931026109744,98.08940202647094,1.910597973528911,99.99999999999984
2005,12,35-44,15806,1009,33761671.57119991,40.907851907748636,40.12727986719611,0.7805720405526532,12.63761140113033,12.069601663697242,4.116176556822566,5.5975141124590815,98.09187722124155,1.9081227787587636,100.00000000000031
2005,12,45-54,15878,1083,32711621.95720024,41.42659797256916,40.59080754470923,0.8357904278599102,12.657957383418553,12.108577208552948,4.284945477207795,6.003098996342368,97.982478724385345,2.017521275614602,99.99999999999994
2005,12,55-64,9021,547,18118126.24430004,39.72679119716052,39.07174041450394,0.6550507826566092,13.47445511783303,13.16805781581768,3.516496529143831,5.333082192779088,98.35111076702465,1.6488892329754261,100.00000000000007
2005,12,65+,2605,124,5068871.276000008,31.331037247689512,30.786998082450314,0.5440391652391993,16.32336465485846,16.096385383883195,3.183896599334437,4.443530380549349,98.26357754791755,1.7364224520824605,100.00000000000001
2006,1,16-24,8234,491,18525336.242000025,31.390845181599808,30.737871432066736,0.6527589707702098,13.51244985201255,13.11453917602655,3.4809891324469873,5.246160327695491,97.91985929096353,2.079456500753391,99.99931579171692
2006,1,25-34,12708,748,29424637.811400056,40.11063571559193,39.38348841711567,0.7271472984761925,11.831839205640085,11.334252260750596,3.8277094010866137,5.445493384728127,98.18714591403597,1.812854085963872,99.99999999999984
2006,1,35-44,15607,979,33385147.03210019,40.87817352017068,40.119998424231646,0.7581750959389952,12.383349301226803,11.826894194001383,4.069586483053549,5.511942902425006,98.14528137964646,1.8547186203534411,99.9999999999999
2006,1,45-54,15890,1093,32649299.68239979,41.37466097461514,40.548741349449685,0.8259196251653868,12.50550336132694,12.016451391705372,4.204910060987124,5.9953077439366504,98.00380328029229,1.9961967197075488,99.99999999999984
2006,1,55-64,8894,546,18048326.926099975,39.36386014350193,38.70428184430312,0.6595782991987481,13.227318097841797,12.910044395864858,3.577798710507756,5.442134727621783,98.32440645608865,1.675593543911189,99.99999999999984
2006,1,65+,2472,90,4866798.417400001,31.06724689823399,30.628726571550672,0.4385203266832967,15.45192756076836,15.256438879252073,3.0830026580813437,3.2610963037336655,98.58848024699529,1.4115197530046484,99.99999999999994
2006,2,16-24,8401,484,18855929.770599943,31.012561642405352,30.419094913384754,0.5934667290205947,14.01019625873478,13.664075622909515,3.349464570637241,4.8833487672175595,98.0863666282597,1.9136333717402814,99.99999999999997
2006,2,25-34,12721,741,29534280.614399906,39.86537235899471,39.182144146428634,0.6832282125660301,11.932122386829114,11.465591589893663,3.7362709195110497,5.116205705255174,98.28616121677356,1.7138387832263033,99.99999999999987
2006,2,35-44,15521,994,33472752.513699833,40.947776679519485,40.21821924940953,0.7295574301099134,12.591866746514311,12.167008487683471,3.9570402140801977,5.539018109255178,98.218322240497,1.7816777595028992,99.9999999999999
2006,2,45-54,15937,1095,32752898.638299443,41.38403276230351,40.552546416360556,0.8314863459429676,12.54661630113704,12.018678210308401,4.2693033797719355,6.054886538747488,97.99080396364766,2.009196036352368,100.00000000000003
2006,2,55-64,8903,610,18216803.460599866,39.6194593994996,38.819685825463324,0.7997735740362569,13.584722768246083,13.175266584174395,4.079607531779183,5.966715461090062,97.98136171932126,2.0186382806787067,99.99999999999996
2006,2,65+,2427,108,4807282.757899988,31.339255733235284,30.81426748937701,0.5249882438582584,15.220597441738786,15.046066783884465,3.278758135495093,4.2464363566826195,98.32482223468529,1.6751777653146633,99.99999999999994
2006,3,16-24,8135,464,18693850.572999846,31.46956589361427,30.833460105934943,0.6361057876794496,14.192963581376663,13.738282434515366,3.5321085165252106,5.004168643303129,97.97866360842173,2.021336391578654,100.00000000000038
2006,3,25-34,12500,731,29576419.356999915,40.372837806956895,39.61385483606572,0.7589829708912067,11.893971679135385,11.417800847682955,4.132949042811308,5.252920435861682,98.12006534066231,1.879934659337773,100.00000000000009
2006,3,35-44,15196,973,33401403.94970002,40.762365670639134,39.97832141240564,0.7840442582334981,12.68533262723668,12.170680309155635,4.24739674844301,5.655946626509897,98.07654868569554,1.9234513143044591,100
2006,3,45-54,15704,1129,32577369.7121999,41.37370987830057,40.48783931589013,0.8858705624104598,12.773663495947059,12.121154574366884,4.614247271793719,6.371414242883751,97.85885634859382,2.1411436514062174,100.00000000000003
2006,3,55-64,8940,576,18324442.825899854,39.653005638233786,38.90280559679674,0.7502000414369991,13.588459373184635,13.184457143415289,3.9835499161662544,5.596128654185387,98.10808782496503,1.8919121750348464,99.99999999999987
2006,3,65+,2458,102,4852984.597600001,31.325980243968306,30.931063998149646,0.3949162458186658,15.946358808564854,15.782400669100843,2.8067521526701986,3.618179191972632,98.73933315815489,1.260666841845134,100.00000000000003
2006,4,16-24,8353,484,18839031.549599815,31.28878083281422,30.690076484992325,0.5987043478219349,13.60914093636477,13.25307243566112,3.2172563236308718,5.087746480897856,98.08652068924974,1.913479310750394,100.00000000000013
2006,4,25-34,12906,744,29849764.503000088,39.937512932257356,39.19046385459169,0.7470490776655472,12.032816299931723,11.52184512023738,3.9903255094611843,5.1881836107763935,98.1294551843205,1.8705448156791928,99.9999999999997
2006,4,35-44,15178,979,33124528.581700128,40.51308564077158,39.743333724673775,0.7697519160977995,12.557095702176477,12.02859383258895,4.1455869860158705,5.619924179172888,98.09999188182512,1.9000081181748747,100
2006,4,45-54,15856,1039,32610204.179299664,40.66017736456757,39.827399774722224,0.83277758984529,12.755053805069986,12.225725324594107,4.372454681714576,5.762282490070423,97.95185942653794,2.0481405734619247,99.99999999999986
2006,4,55-64,9148,573,18455714.654799983,39.02500777023996,38.26807363761528,0.7569341326247003,13.749448187762479,13.302441436266303,4.081587719406422,5.505892455569142,98.06038697780373,1.9396130221963208,100.00000000000006
2006,4,65+,2568,108,5033802.838399981,31.284395265201912,30.865387251953948,0.4190080132479765,15.508841455742873,15.227042895594467,3.0729604632897063,3.692312960335921,98.66064851279376,1.3393514872062915,100.00000000000004
2006,5,16-24,8431,520,19349421.79630002,31.668059271754057,30.97736747805642,0.6906917936977084,13.725765343387447,13.229910323506717,3.5813960638340907,5.412060079233191,97.81896393533123,2.1810360646689912,100.00000000000021
2006,5,25-34,12869,742,30158084.668500148,40.6591801315937,39.947310909735435,0.7118692218582362,11.774391871879228,11.320918894262862,3.76733233275219,5.272489537973969,98.24917959596259,1.7508204040373339,99.99999999999991
2006,5,35-44,15589,1023,33781282.11740045,41.42666447852068,40.61013527119994,0.8165292073207605,12.34074503754702,11.7478371367162,4.321465490796036,5.792460590452509,98.02897670474024,1.971023295259803,100.00000000000004
2006,5,45-54,16057,1102,33126330.175499864,41.49238167355991,40.667821399947044,0.824560273612856,12.40002737346352,11.799063420537507,4.287094252928873,5.9751311286630635,98.01274296544345,1.9872570345565113,99.99999999999996
2006,5,55-64,9182,610,18556612.333300017,39.87423223691461,39.071377826340665,0.8028544105739029,13.365016760597431,12.887324967496424,4.265811789583014,5.792409172503585,97.98653324331427,2.013466756685636,99.9999999999999
2006,5,65+,2656,105,5189051.273199982,31.67322564256447,31.28239389103136,0.3908317515331364,15.622092768652056,15.456156324534264,3.214778288287239,3.0959676488401637,98.76605005141035,1.2339499485897392,100.00000000000009
2006,6,16-24,9108,587,20681930.46690009,33.57395849681421,32.77966528288086,0.7942932139333427,13.150173181415086,12.63303722073838,3.891982530723478,5.691845166407429,97.63419849938543,2.365801500614568,100
2006,6,25-34,12597,699,29583020.25870008,40.65137457901496,39.84730325673323,0.8040713222817245,12.245762047671555,11.569396066550999,4.373869030088509,5.179991632021875,98.02203165179853,1.9779683482014454,99.99999999999997
2006,6,35-44,15099,888,32603456.685899813,41.06839409567187,40.29607482885958,0.7723192668122779,12.553959685457265,12.024156321827709,4.35471317970938,5.344410021264927,98.1194315389759,1.8805684610240734,99.99999999999997
2006,6,45-54,15408,1010,32091917.871899795,41.291705818925436,40.48046220156598,0.8112436173593759,12.866976650182336,12.379321990648702,4.328281365490221,5.566576017459582,98.03533518107253,1.9646648189272782,99.9999999999998
2006,6,55-64,8855,530,18079835.983800083,39.55956043171312,38.79194855451823,0.7676118771948613,13.551559515047353,13.037762750025944,4.303480752631932,5.2497382036565625,98.05960463458655,1.9403953654133663,99.99999999999991
2006,6,65+,2566,106,4963277.134900013,31.48667205470243,31.046795731547277,0.43987632315518127,15.862055358885163,15.55337696410512,3.11250123122508,3.5313484082433946,98.60297613418481,1.3970238658152734,100.00000000000009
2006,7,16-24,9598,638,21307366.15079995,34.02101316661252,33.24947814801603,0.7715350185965052,13.053954094443998,12.663589135499786,3.838887972889731,5.8015057729394295,97.73218094705759,2.26781905294247,100.00000000000006
2006,7,25-34,12614,739,29189940.57749987,40.752706247399516,39.980765557243885,0.7719406901557303,12.090215694105293,11.633444519434677,4.195152749621523,5.302829687817673,98.10579281417688,1.8942071858233682,100.00000000000024
2006,7,35-44,14732,834,31837564.94909999,41.10700006155111,40.36718614995465,0.7398139115964596,12.758306856079779,12.319412726267597,4.150690331787002,5.0641802875869075,98.20027267743035,1.7997273225696535,100
2006,7,45-54,15125,1037,31158858.654700167,41.26913639980937,40.39369431898125,0.8754420808281203,13.094320242944178,12.608977690291997,4.507404553428928,6.014338419348087,97.87870026562473,2.1212997343752606,99.99999999999999
2006,7,55-64,8571,541,17452485.729400035,39.4208957022223,38.621533205366056,0.7993624968561762,13.492780520007662,13.158392151784922,4.36466772554824,5.549583323643238,97.97223659529587,2.0277634047039506,99.99999999999982
2006,7,65+,2412,105,4692958.35260001,32.126440672965046,31.663968801272965,0.46247187169209986,16.112209385169656,15.851041163122161,3.048257456269122,3.9507845919254603,98.56046340022579,1.4395365997742724,100.00000000000006
2006,8,16-24,9268,561,20582624.181400035,34.014830692199546,33.263102922677305,0.7517277695223192,13.036576812762428,12.580796080149499,4.037467527198381,5.217799416317912,97.78999996700077,2.2100000329994565,100.00000000000023
2006,8,25-34,12620,722,29351681.03800012,40.75594133041896,40.0107289874637,0.7452123429551383,12.047929283885974,11.468200791007874,4.121105759918924,5.023734428671992,98.17152464492567,1.828475355074022,99.99999999999969
2006,8,35-44,14963,877,32209179.388499927,41.22307088723507,40.418440931426424,0.8046299558086013,12.900764788504134,12.35081220628215,4.417479384179023,5.3230567020038855,98.04810767734968,1.951892322650225,99.9999999999999
2006,8,45-54,15366,1047,31423623.05870007,41.302235967629976,40.455107495713555,0.8471284719166065,12.690179698547444,12.073659243830623,4.555203797128273,5.800495284376046,97.9489525153545,2.0510474846459426,100.00000000000045
2006,8,55-64,8799,533,17756529.20639993,39.342441620224406,38.564723119825096,0.7777185003994269,13.913694575007025,13.38082166417985,4.374376409339549,5.393275811214468,98.02320733444385,1.9767926655564567,100.00000000000031
2006,8,65+,2525,109,4901428.593099991,32.35875268199891,31.949042698642796,0.40970998335607745,16.27218354242416,15.95051731993468,2.8420842300329205,3.527278176476599,98.73385112404524,1.2661488759546597,99.9999999999999
2006,9,16-24,8557,512,19421094.50350007,32.40328052906536,31.72576119375559,0.6775193353097899,13.972139372452853,13.545406272917472,3.520136563491944,5.279775339722508,97.90910264563477,2.0908973543652873,100.00000000000006
2006,9,25-34,13177,808,30489931.60739995,40.68853633231852,39.95744398733968,0.7310923449788891,11.61497881689745,11.132735158457907,3.875516946891463,5.350741243066769,98.20319822023644,1.796801779763676,100.00000000000011
2006,9,35-44,15526,978,33822645.6808997,41.56120885773382,40.69351721002286,0.867691647710847,12.490161013782103,11.730109698534731,4.5836033654637385,5.845922539455827,97.91225599168419,2.087744008315544,99.99999999999973
2006,9,45-54,16211,1125,33250093.735700034,41.85862132116781,41.01829912691486,0.8403221942529586,12.318689414284611,11.781279667510322,4.243930589302595,6.147758503024153,97.99247522319136,2.007524776808666,100.00000000000003
2006,9,55-64,9291,562,18841186.472299993,40.088619246364935,39.275638223119934,0.8129810232449838,13.607649449794868,12.988123456482448,4.3644174648924166,5.575074255245529,97.97204034828734,2.0279596517126275,99.99999999999996
2006,9,65+,2701,142,5277920.800500024,32.223256291622945,31.65279262168403,0.5704636699388809,16.643386585234225,16.220780178874598,3.3902414867835744,4.5099810966744505,98.22965232074569,1.7703476792542032,99.99999999999989
2006,10,16-24,8557,491,19567934.00099999,32.005191934390844,31.319994238874596,0.685197695516287,13.848684640433566,13.356832460499072,3.6438846808892187,5.153213113088322,97.85910455740785,2.1408954425922846,100.00000000000013
2006,10,25-34,13210,807,30659486.960699916,40.36688997132024,39.61770816213205,0.7491818091882262,11.97908777361223,11.434944767468172,4.055234882771654,5.47479304546615,98.14406854300525,1.8559314569948362,100.00000000000009
2006,10,35-44,15543,1040,33994843.97230013,41.046506442711916,40.145718824661664,0.9007876180503053,12.546389841292475,11.879653689148693,4.5821304946585535,6.111741249034546,97.80544631902481,2.1945536809753174,100.00000000000013
2006,10,45-54,16344,1120,33540292.90770003,41.47095768117949,40.620047755066565,0.8509099261130166,12.456376041926887,11.90662768685097,4.362429224181233,6.057883934977629,97.94817874075986,2.0518212592403664,100.00000000000023
2006,10,55-64,9386,562,18845796.679899998,39.73460219871571,38.95083089490802,0.7837713038076973,13.593473637197514,12.98062559850776,4.320254607755763,5.4075260484313326,98.0274842066167,1.9725157933833046,100.00000000000001
2006,10,65+,2795,125,5524917.291200003,31.895826202119572,31.364158284125836,0.5316679179937547,16.454592690838517,16.173475923526652,3.7997605584058123,3.696460564672859,98.33311131486411,1.6668886851359372,100.00000000000004
2006,11,16-24,8577,493,19652138.90929999,31.70605699240883,30.98265530110624,0.7234016913025364,14.109909780336302,13.473441923045202,3.9622022149830407,5.291779901412486,97.7184116855786,2.281588314421234,99.99999999999983
2006,11,25-34,13141,787,30655826.4274999,40.24216077438179,39.5080931843066,0.73406759007525,11.992621189084083,11.397852332681406,3.9483411794830436,5.420069012099725,98.1758743170111,1.8241256829890664,100.00000000000016
2006,11,35-44,15633,1005,33959505.758599944,40.65191755511917,39.82304847207103,0.8288690830481772,12.647550005688284,12.02622659263258,4.316963242539261,5.859197624206036,97.96105784696553,2.0389421530345504,100.00000000000009
2006,11,45-54,16066,1103,33607531.10839998,41.29043308103545,40.44891738730354,0.8415156937318504,12.717528201908447,12.125903802229073,4.325612523817957,6.0696609215966735,97.96195963340858,2.0380403665912517,99.99999999999983
2006,11,55-64,9556,570,19144653.27709994,39.3257172874405,38.53452738940154,0.7911898980389622,13.700280147816464,12.95468089299302,4.540490429776393,5.544603893504402,97.9881107005475,2.0118892994525126,100
2006,11,65+,2802,127,5490027.629800012,31.034327809458837,30.585870802278077,0.4484570071807977,15.76904477501722,15.567608645866068,2.88241432823997,3.8547340937099985,98.55496465096925,1.4450353490308694,100.00000000000013
2006,12,16-24,8484,490,19691180.323499992,31.79028667837287,31.133448323301625,0.6568383550712958,13.846491043560192,13.359822284260101,3.513754612864319,5.319696439171154,97.93383947204826,2.066160527951914,100.00000000000017
2006,12,25-34,12840,784,30283159.197100155,40.654425168005304,39.93819575968866,0.7162294083167171,11.826582032535619,11.313134462975865,3.8998085851592768,5.468137117472764,98.23824982063623,1.761750179363952,100.00000000000018
2006,12,35-44,15444,1019,33759714.923400186,41.284494387454934,40.47571877601831,0.808775611436651,12.584794933232814,12.023741080120729,4.119587086752569,5.9591853748312875,98.04097004592992,1.9590299540701475,100.00000000000007
2006,12,45-54,16014,1124,33606986.96429996,41.73259247703959,40.86451321031767,0.8680792667218415,12.564829253843746,11.883468489884727,4.371704276583573,6.405115407062907,97.91990093306684,2.0800990669329753,99.99999999999982
2006,12,55-64,9497,571,19100512.154600017,39.35193751440744,38.614611473639066,0.7373260407684039,13.39003718860283,12.837788640559298,4.063267446105014,5.320656521009825,98.12632849272434,1.8736715072757366,100.00000000000007
2006,12,65+,2770,137,5525676.366699997,31.93185822496426,31.431375644521083,0.5004825804431958,15.833479075706679,15.581875553011546,2.9904974718595514,4.358220875027853,98.43265438260056,1.5673456173994897,100.00000000000006
2007,1,16-24,8001,425,18781777.160299864,31.745163680761102,31.12963762323569,0.6155260575254016,13.586600670947085,13.20304115439258,3.506187598654097,4.766932637197288,98.06103989976134,1.9389601002386267,99.99999999999997
2007,1,25-34,12515,761,29866072.92390014,39.8190395747415,39.10604001706429,0.7129995576773412,11.7993717976429,11.31514268043642,3.880170396546956,5.4315682859725625,98.20940041424431,1.7905995857560053,100.00000000000031
2007,1,35-44,15274,947,33487967.27960015,40.76118073767696,40.064049581435555,0.6971311562413453,12.159913382133968,11.712465701166995,3.890199847054221,5.446448226527814,98.28971795314796,1.7102820468519035,99.99999999999986
2007,1,45-54,15728,1028,33491382.25579983,41.200513240976726,40.39481118025553,0.8057020607212191,12.25282370903293,11.666585999401233,4.248821715301853,5.9202550195032195,98.04443683502498,1.9555631649750744,100.00000000000006
2007,1,55-64,9246,563,18856409.01530001,39.43989420898578,38.65116465025423,0.7887295587315928,13.47058141286526,12.983939873568282,4.245662562476126,5.6962528550821805,98.00017323943064,1.9998267605694866,100.00000000000013
2007,1,65+,2511,123,4995719.27830001,31.199521452782417,30.70406715520983,0.49545429757259446,15.525656566035279,15.237349112901578,3.154740783027427,4.394061997308596,98.41198109938189,1.5880189006181349,100.00000000000003
2007,2,16-24,8026,437,18890940.21659996,31.03226189747124,30.431013310674143,0.6012485867971408,13.78321502664251,13.465714001763192,3.366778964533538,4.824499355511885,98.06250479329033,1.9374952067098126,100.00000000000014
2007,2,25-34,12570,813,30006398.107300058,39.62309816311633,38.83697223417117,0.786125928945175,12.327518053516659,11.71490866751207,4.248912568002795,5.854091062241317,98.01599075945823,1.9840092405417966,100.00000000000003
2007,2,35-44,15002,940,33335419.000999678,40.498075757605505,39.77855813455165,0.7195176230537468,12.741276241760891,12.305880808957223,3.866821954588873,5.5799690429696325,98.22332886293066,1.7766711370690789,99.99999999999973
2007,2,45-54,15628,1063,33180625.874700036,40.83217105719982,39.97527784347118,0.8568932137286586,12.790174802497546,12.235829181256564,4.4884903882607885,6.19120063936579,97.90142627359133,2.0985737264087136,100.00000000000004
2007,2,55-64,9317,595,19157311.09429993,38.89905731918316,38.17189856771078,0.727158751472426,13.648777016662805,13.27617179694132,3.9203494052065007,5.655304539697931,98.13065199625345,1.869348003746677,100.00000000000013
2007,2,65+,2547,128,5159044.728400001,31.196644562822897,30.56172272078725,0.6349218420356427,16.01346923452595,15.443670748074148,4.0319507076865175,4.891187112817664,97.96477521562598,2.035224784374023,100
2007,3,16-24,7886,434,18876330.81749998,31.683160977950532,30.97849657514355,0.7046644028069472,14.330471531000605,13.715968119310162,3.844304269788729,5.091690948269221,97.7759024634651,2.2240975365347824,99.99999999999989
2007,3,25-34,12710,803,30302286.51320011,40.3260923219904,39.55187072920454,0.7742215927857525,12.13016415345755,11.64493662093349,4.13441399729762,5.801884462197742,98.08009765339037,1.9199023466093645,99.99999999999973
2007,3,35-44,14869,947,33372735.171399582,41.01986052016154,40.2278293530832,0.7920311670783413,12.573656839534939,11.976552313359951,4.281489711559834,5.59305740513483,98.06915197410521,1.9308480258948044,100.00000000000001
2007,3,45-54,15557,1042,33170046.4423999,41.450633842110065,40.570584329348826,0.8800495127611885,12.800565745144334,12.225239470044754,4.6376754411960865,6.014153730728588,97.87687320750403,2.1231267924958446,99.99999999999987
2007,3,55-64,9303,605,19038195.02209987,39.63339646869914,38.834461950492745,0.7989345182063567,13.62192472448214,13.184239372210637,4.348336005885972,5.710510001804186,97.98418861518124,2.015811384818667,99.9999999999999
2007,3,65+,2624,146,5353471.942300004,31.768962483481523,31.124671106637585,0.6442913768439638,16.336916355005965,15.911100787757748,3.752983681604695,5.109869125091049,97.97194706254905,2.0280529374510334,100.00000000000009
2007,4,16-24,8040,438,18778844.937900025,31.35175457014752,30.763538251826166,0.588216318321399,13.904343600644273,13.529826148323602,3.2977705472476107,4.779296050784498,98.12381690790141,1.8761830920987312,100.00000000000014
2007,4,25-34,12938,811,30541427.04239969,40.09233508423812,39.28966702158123,0.8026680626569009,11.68386147263317,11.158852400642067,4.243116483697303,5.831564986231439,97.99795132668027,2.002048673319757,100.00000000000003
2007,4,35-44,14983,1005,33052575.256700125,40.88006314567559,40.122349940365666,0.7577132053098712,12.566527738803007,12.1375289714717,4.056732510193156,5.804041721109524,98.1464969792003,1.8535030207995755,99.99999999999987
2007,4,45-54,15703,1065,33021210.766400035,41.24335706065229,40.374826510707,0.8685305499452678,12.87202533670005,12.299016674672416,4.41024312564386,6.288501137919909,97.89413226312293,2.105867736877022,99.99999999999994
2007,4,55-64,9443,582,19099858.913100038,39.410881409072445,38.7061162658196,0.7047651432528408,13.635058970058553,13.290646841538898,4.005479839364141,5.316482542201073,98.21174985675249,1.7882501432475013,99.99999999999999
2007,4,65+,2735,131,5470610.920200009,31.929895265374487,31.42764996294315,0.5022453024313317,16.155427303304638,15.830180778625417,3.0499700052777077,4.287247338939343,98.42703742603258,1.5729625739674067,99.99999999999999
2007,5,16-24,8259,495,19005045.780000024,32.08513970350991,31.417533336291765,0.6676063672181258,13.810931234970816,13.367835045891523,3.591045970887112,5.285552430276754,97.91926613570233,2.080733864297602,99.99999999999993
2007,5,25-34,13001,828,30775080.327299986,40.69217831452752,39.869510327440615,0.8226679870869811,11.801083599455115,11.157927530331039,4.329246274605457,5.817144580811772,97.978314208868,2.0216857911322,100.0000000000002
2007,5,35-44,15264,979,33608491.976999626,41.22788242067682,40.445359451172415,0.7825229695042044,12.394351155568899,11.878437598569256,4.25250332869769,5.58314104002091,98.10195691954348,1.8980430804560302,99.99999999999952
2007,5,45-54,16143,1054,33808204.99720003,41.555209746963975,40.668613023669096,0.8865967232949058,12.510467355481827,11.884725606845613,4.585927904422285,5.840678558839599,97.86646071890023,2.1335392810998397,100.00000000000007
2007,5,55-64,9578,599,19392754.71589995,39.676379182362666,38.89708840455956,0.7792907778031819,13.393697770903087,12.968883830513557,4.141214568304494,5.3924688396259635,98.03588232126403,1.9641176787361685,100.0000000000002
2007,5,65+,2817,129,5538269.392099993,32.79307723605252,32.20534110246116,0.5877361335913202,16.683214037225504,16.053573896564505,4.008762155409664,4.270244864530238,98.2077432704449,1.7922567295550003,99.9999999999999
2007,6,16-24,8898,544,20478361.34770002,33.18768343928712,32.41825490450013,0.7694285347870221,13.310820885066018,12.900600694436665,3.991039041035787,5.632312566989363,97.68158408466633,2.3184159153337687,100.0000000000001
2007,6,25-34,12653,765,30164003.048199844,40.45041890817663,39.70294158776679,0.7474773204097516,11.89374097025156,11.432230313354072,4.064596486466649,5.35117675701312,98.15211476027817,1.847885239721601,99.99999999999977
2007,6,35-44,14678,914,32342804.833800048,41.070682309102224,40.25988123543355,0.8108010736686286,12.763032106605717,12.260205328631047,4.332364125015846,5.5749380626248914,98.02583977649432,1.9741602235055542,99.99999999999987
2007,6,45-54,15444,1022,32566706.552999664,41.28646191438285,40.39188810040538,0.8945738139774079,12.508075654462498,11.909469396493042,4.575124516169593,5.828794367372566,97.83325145217681,2.1667485478230524,99.99999999999986
2007,6,55-64,9190,539,18643057.52259997,39.6265682100343,38.85699408438952,0.7695741256447687,13.75410047790122,13.198035086059376,4.3569290444309745,5.28706782675065,98.05793395591115,1.942066044088814,99.99999999999997
2007,6,65+,2708,120,5311360.923300017,32.2941603065884,31.79531565866079,0.4988446479275982,16.39990982793379,16.04283398524114,3.656399782942107,3.763280349169175,98.4553100523693,1.544689947630649,99.99999999999994
2007,7,16-24,9120,558,20807675.025600065,33.93647941390496,33.13160878150146,0.8048706324034407,12.657677494661314,12.23922064861554,3.9435046824881534,5.6548238895136596,97.6283025042553,2.3716974957445265,99.99999999999983
2007,7,25-34,12363,768,29697699.086499713,40.24220259028027,39.464403728889714,0.7777988613905951,12.054352086488583,11.660313691678265,4.166840166892229,5.487377992663445,98.0672060391187,1.9327939608813989,100.0000000000001
2007,7,35-44,14082,900,31303072.169599578,40.99366979038645,40.11006432023195,0.8836054701545232,12.907226063382103,12.394372381383285,4.577312505918443,5.755499614027331,97.84453191267663,2.155468087323424,100.00000000000006
2007,7,45-54,14911,980,31434169.6559001,41.00006780365161,40.159788299123875,0.8402795045277194,12.783059277608267,12.276625172205806,4.446415896030721,5.7365530645137826,97.9505411831224,2.0494588168775687,99.99999999999997
2007,7,55-64,8926,540,18386322.078299973,39.48076946191613,38.72304867591175,0.757720786004427,14.064831875000683,13.626115781289158,4.37046802448837,5.12317934706328,98.0807851611522,1.9192148388479062,100.00000000000011
2007,7,65+,2632,112,5189191.879500014,32.37953864378773,31.916162416672442,0.46337622711528664,16.867411489089136,16.58436341428559,3.0293923407645074,3.597029037168397,98.56892270080509,1.4310772991949008,99.99999999999999
2007,8,16-24,8538,450,19741950.4845999,33.50545292336188,32.85368146872583,0.6517714546360218,12.87916267388997,12.568211243341496,3.565662220115527,4.604800191901724,98.05473020726845,1.94526979273147,99.99999999999991
2007,8,25-34,12498,744,30041946.781999927,40.49991766836519,39.76621943331582,0.7336982350493556,12.046431157686781,11.466396951439888,4.052062367652114,5.091789785462657,98.18839573685733,1.8116042631426217,99.99999999999996
2007,8,35-44,14280,861,31959338.0898999,41.05907896811222,40.224000460653016,0.835078507459276,12.647940966421908,12.019856175493254,4.5813450958964665,5.392680586662924,97.96615382408419,2.033846175915988,100.00000000000017
2007,8,45-54,15131,1006,32202049.466400217,41.06911246938854,40.292809817925786,0.7763026514627147,12.720762061255291,12.278404633480305,4.130621448096834,5.665678979543384,98.10976521092005,1.8902347890798543,99.9999999999999
2007,8,55-64,9132,559,18584199.027599927,39.579572650809794,38.779181944516274,0.8003907062935177,14.106489725167872,13.478914560722934,4.374051196408944,5.604201193461411,97.97776819533917,2.0222318046608363,100
2007,8,65+,2691,129,5259916.946399986,32.332917805650766,31.83705772430762,0.4958600813431293,16.43866274819367,16.07707208128703,3.152571465129329,3.9883814884868523,98.46639241059621,1.5336075894037275,99.99999999999994
2007,9,16-24,8169,461,19237498.91790003,32.367764173346615,31.732638858811423,0.6351253145351051,13.807757986144008,13.297977161317503,3.5635020005761464,4.987889292652106,98.03778441064463,1.962215589355109,99.99999999999974
2007,9,25-34,12952,767,30900861.562899902,40.64712763405334,39.913955118057814,0.7331725159955018,11.652838887065847,11.076958315807628,4.094213821295593,5.278599974566295,98.1962501198208,1.8037498801791463,99.99999999999994
2007,9,35-44,15112,941,33624555.150799975,41.12991081937025,40.31271351085661,0.8171973085135751,12.204527846673654,11.598723941026694,4.3417629798075215,5.648849032445302,98.01313133864423,1.986868661355603,99.99999999999983
2007,9,45-54,15790,1049,33781423.190500095,41.533344677013574,40.7122806521237,0.8210640248898698,12.264079535907818,11.752594871532882,4.2215566976741945,5.880645894630787,98.0231208652351,1.9768791347649006,100
2007,9,55-64,9698,586,19765886.022099983,39.895221592526354,39.15279235391838,0.7424292386079904,13.473140707127842,13.017412440491814,4.032607754587566,5.350500831673015,98.13905222487332,1.860947775126711,100.00000000000004
2007,9,65+,2872,156,5618372.752200008,31.247256501049264,30.711858059637187,0.5353984414120829,16.519241970169745,16.148580847468352,3.32404652458668,4.817485489797996,98.28657456249287,1.7134254375071443,100.00000000000001
2007,10,16-24,8209,477,19375263.002300184,32.03533009487473,31.37026660943612,0.6650634854386361,13.873413701473721,13.41990097787083,3.476241785618403,5.213189945241454,97.92396868248592,2.076031317514154,100.00000000000007
2007,10,25-34,12932,779,30954869.5064998,40.34761544849516,39.61403856939933,0.7335768790959327,11.626970095609575,11.167943941478512,3.979724535803634,5.395241600838667,98.18185815706441,1.8181418429358327,100.00000000000024
2007,10,35-44,14935,959,33481220.90869996,41.00138146935949,40.17030055686591,0.8310809124935349,12.320098836312997,11.724197848060133,4.33671894188214,5.791409407045095,97.97304168125494,2.026958318744956,99.9999999999999
2007,10,45-54,15728,1089,33815477.753899954,41.17612993597934,40.3186596462936,0.8574702896857893,12.464768195692441,11.930329157595546,4.51691732434236,6.0419747787368365,97.91755492558688,2.0824450744132204,100.0000000000001
2007,10,55-64,9596,626,19733080.170800064,39.859539866061745,39.06786620840755,0.7916736576541568,13.625243084494723,13.178173341184465,4.159305919585537,5.814339245921589,98.01384145347784,1.9861585465220695,99.9999999999999
2007,10,65+,2835,136,5515279.7386000035,31.688911106051084,31.15351814631892,0.5353929597321838,16.364686696950603,15.785181898158605,3.8374017229724053,3.8037327885974492,98.31047220922044,1.689527790779624,100.00000000000006
2007,11,16-24,8335,471,19550999.208799843,31.80381633435037,31.12610358411219,0.6777127502381689,13.993406126615707,13.479758932140014,3.5633170270466508,5.122393139626526,97.86908356181706,2.1309164381828958,99.99999999999996
2007,11,25-34,12890,750,31062535.154900417,40.46617430491336,39.731664657258186,0.7345096476550977,11.764478187551763,11.216232436313874,4.0556101236671935,5.198801843915938,98.18487993917925,1.8151200608205615,99.99999999999982
2007,11,35-44,15081,978,33652119.0212998,41.005793217499196,40.18646943009226,0.8193237874069255,12.103692627388963,11.549065411222227,4.244204001477445,5.83454903792909,98.00193162204874,1.9980683779512391,99.99999999999999
2007,11,45-54,15799,1062,34025762.485399835,41.253695176964825,40.45969282812422,0.7940023488406039,12.17033270278914,11.663849533591627,4.0314981650854715,6.026936311801804,98.07531823407673,1.9246817659232567,99.99999999999999
2007,11,55-64,9738,615,20010729.102300208,39.793282876023184,38.97455167307488,0.8187312029483589,13.608597877814681,12.981322586282559,4.601402289751988,5.6831866039767345,97.94253918305992,2.057460816940219,100.00000000000014
2007,11,65+,2849,134,5658615.634399981,31.662364149636765,31.127782516611482,0.5345816330252939,16.277878690411814,15.742017309555097,3.719234889520748,3.9818454699457924,98.31161807596285,1.688381924037175,100.00000000000003
2007,12,16-24,8120,472,19108186.143900048,31.740646207432807,31.085149785476577,0.655496421956225,13.747155363338223,13.307638396774593,3.5352697520154304,4.9062880654388135,97.93483592718182,2.065164072818169,99.99999999999999
2007,12,25-34,12676,707,30759612.007199887,40.18612655890689,39.486294334753254,0.6998322241535843,11.762529948632375,11.249705683725002,3.853031715369711,5.031704495289878,98.2585228184961,1.7414771815037564,99.99999999999986
2007,12,35-44,14920,974,33407325.347000007,41.042196594230475,40.29777480980189,0.7444217844285835,12.118439683486223,11.655167733991117,3.9579678628989194,5.606651152239569,98.18620384335563,1.8137961566443812,100.00000000000001
2007,12,45-54,15857,1054,34015691.74169981,41.05170653583242,40.30762083207561,0.7440857037568844,12.106175103283057,11.705713519135765,3.83861753234602,5.77160850588627,98.18744269959318,1.8125573004069908,100.00000000000017
2007,12,55-64,9643,612,19930779.84810009,39.47208374477603,38.64558950352482,0.8264942412511904,13.129774162139478,12.576687417034627,4.358985156340614,5.650809590912023,97.90612969258154,2.093870307418401,99.99999999999994
2007,12,65+,2778,143,5602296.191099995,31.69650519481625,31.130492184233635,0.5660130105826103,15.060384594542136,14.61492766148351,3.576533381112392,4.4107211609510095,98.21427312852401,1.7857268714759695,99.99999999999999
2008,1,16-24,7778,409,17986036.43439988,31.74675252775622,31.19464264728764,0.5521098804685779,13.77457597596283,13.46626443784547,3.264805430566669,4.214999430614104,98.26089336228684,1.739106637713157,100
2008,1,25-34,12511,711,30087951.53649982,39.98271156254827,39.28647508130811,0.6962364812402564,11.541843725017223,11.007684389435362,3.9323758868221197,5.23885011908448,98.25865616905203,1.7413438309482236,100.00000000000026
2008,1,35-44,14637,935,32865384.392500024,40.68724908601583,39.92487570806373,0.7623733779519644,12.16149862620307,11.617150604437372,4.060695054578894,5.539946996376816,98.12625971261811,1.8737402873815605,99.99999999999967
2008,1,45-54,15794,1037,33665453.952600375,41.00239614160239,40.22890906352345,0.7734870780790011,12.085971607981723,11.618910456564944,4.121899150660751,5.861210659978601,98.113556399465807,1.886443600534349,100.00000000000016
2008,1,55-64,9689,597,19896364.07830005,39.45235380475452,38.699720033419716,0.7526337713347385,12.932058107525156,12.477368545439726,4.116746242069366,5.583873396806697,98.09229691323486,1.9077030867649685,99.99999999999983
2008,1,65+,2681,134,5473928.739100001,31.551218038617677,31.01985026263192,0.5313677759857407,15.337191493673224,15.15631676890884,3.0866615725008435,4.83506825197574,98.31585653734389,1.684143462656065,99.99999999999996
2008,2,16-24,7790,444,18075881.439399954,31.162134498670373,30.5562254199724,0.6059090786979383,13.732234636143856,13.317812698382834,3.4125254636443003,4.666500787405038,98.05562395373197,1.9443760462679194,99.99999999999989
2008,2,25-34,12577,761,30280808.98299986,39.814748446957246,39.10496668417259,0.7097817627846862,11.897190813223805,11.262521652337222,4.00111794419027,5.4175321178538764,98.21728934510222,1.782710654897858,100.00000000000007
2008,2,35-44,14739,959,32884805.782000046,40.76711636839574,39.98744471139801,0.7796716569977151,12.802887862338292,12.25088225920297,4.171787016702947,5.77109552837559,98.08749863504656,1.912501364953414,99.99999999999997
2008,2,45-54,15670,1049,33311374.719900005,40.627385097551034,39.89683966788255,0.7305454296685672,12.33280588450713,11.904993242266238,3.7838293196225603,5.902052160955971,98.20183989711778,1.798160102882436,100.00000000000021
2008,2,55-64,9742,626,20044048.128399927,39.09040519951335,38.3234256626742,0.76697953683906,13.419451761778458,12.880207025273583,4.268246320107051,5.678482584001151,98.03793403285393,1.9620659671458416,99.99999999999977
2008,2,65+,2668,138,5428315.744300001,31.73765950414809,31.21774527031535,0.5199142338327519,15.79506699411198,15.42730596619882,3.2152767633485206,4.5955060823782015,98.36183813817529,1.6381618618247493,100.00000000000004
2008,3,16-24,7683,417,18191865.81270003,31.372178568042898,30.78766249058389,0.5845160774590052,14.01133352337714,13.534152855979258,3.343983194112871,4.705394939767057,98.13683300255589,1.8631669974440965,99.99999999999999
2008,3,25-34,12703,748,30439597.571500026,40.026930987266404,39.36929240267027,0.65763858459622615,11.665013501592405,11.21452096806609,3.7516308151106674,5.048215723583482,98.35700972226587,1.642990277734353,100.00000000000023
2008,3,35-44,14373,921,32853871.09879996,40.96878556693618,40.227732395247926,0.7410531716881691,12.32359729026571,11.880622047956914,3.8576356905189177,5.718857635222859,98.19117613218607,1.8088238678137323,99.9999999999998
2008,3,45-54,15634,1049,33504991.72450019,41.09678700417401,40.2882159966578,0.8085710075161696,12.463630233999037,11.905085061677177,4.200631042630048,5.990571078196381,98.03252013975182,1.9674798602480696,99.9999999999999
2008,3,55-64,9731,584,20050624.35610008,39.46091299228239,38.73835635026975,0.722556642012613,13.29210733162764,12.907149003206817,3.9390523967645574,5.355713841266485,98.16893075394896,1.8310692460509668,99.99999999999993
2008,3,65+,2792,149,5621305.26079998,32.26656304290215,31.61365219111226,0.6529108517899069,16.302742623072277,15.927443770201009,3.7819795574453456,4.822338494768425,97.97650945679659,2.023490543203458,100.00000000000006
2008,4,16-24,7971,419,18702071.75039996,31.238174717697113,30.644200354131534,0.593974363565493,13.71111181273288,13.40213258743535,3.2851523838905607,4.74288079865286,98.098562515469,1.9014374845307256,99.99999999999973
2008,4,25-34,12876,762,30713805.755900066,40.22844446786088,39.54154827980219,0.6868961880585979,11.569313649309992,11.082710973309547,3.7780492581657916,5.220604031110597,98.29251118917247,1.707488810827298,99.99999999999977
2008,4,35-44,14616,956,32895355.240000077,41.008644746601085,40.203039428465544,0.8056053181354836,12.427574741198345,11.880384636255329,4.192663622571049,5.890547376864241,98.03552318513937,1.9644768148604925,99.99999999999986
2008,4,45-54,15891,1080,33597254.922299996,41.321019515863476,40.46669539703036,0.8543241188329515,12.425933358919401,11.899528210177541,4.289848169092788,6.114337547370587,97.93247086145796,2.0675291385416315,99.99999999999959
2008,4,55-64,9723,585,20057995.149199776,39.53655923114723,38.84829357658351,0.6882656545637246,13.272391873007491,12.892592512583773,3.7852472648037265,5.268540214709143,98.25916653358773,1.7408334664122802,100.00000000000001
2008,4,65+,2891,153,5764830.351299967,32.05998982227178,31.480881855712614,0.5791079665591855,16.756274495476806,16.44307430689706,3.6984142057529112,4.895958897322178,98.19367389144688,1.806326108553174,100.00000000000006
2008,5,16-24,8026,475,18764553.692400046,31.95195867169668,31.3162060972546,0.6357525744420808,13.7027189581989,13.280528071957267,3.442493747826275,5.193063271175326,98.01028606423043,1.9897139357695648,99.99999999999999
2008,5,25-34,12970,748,30703514.351800412,40.29264655651571,39.59671618960484,0.6959303669108172,11.45706951860224,10.978587259053265,3.9154828419429615,5.000027991616467,98.2728104843281,1.7271895156717585,99.99999999999986
2008,5,35-44,14764,950,33018587.2103999,41.07150199508407,40.24622700820887,0.8252749868751876,12.277264189686724,11.721429534370115,4.287670361146884,5.872347632091554,97.9906384067133,2.0093615932866697,99.99999999999997
2008,5,45-54,15901,1069,33612195.03130024,41.45382680212022,40.54627854196957,0.9075482601506246,12.77605475563285,12.101192323843874,4.549320038391973,6.016309464219395,97.81070089262728,2.1892991073726558,99.99999999999994
2008,5,55-64,9704,599,20034185.63409987,39.52727114916164,38.7949223003805,0.7323488487811047,13.431947026537348,12.998827459082944,4.062339435177434,5.276130223635575,98.14723144935171,1.8527685506481963,99.9999999999999
2008,5,65+,2869,145,5717884.034499989,32.17109296360297,31.657809464079058,0.5132834995239017,16.18895314801524,15.872101811937275,3.046823355712768,4.76935980433621,98.40451954770508,1.5954804522948882,99.99999999999997
2008,6,16-24,8688,530,19954308.942199953,33.12540523936709,32.345118676354524,0.7802865630125604,13.003388297438734,12.461611703467822,4.105149642142145,5.577708840350814,97.64444673997451,2.355553260025473,99.99999999999999
2008,6,25-34,12587,751,29983864.68159998,40.12554978484181,39.40890683999526,0.7166429448464755,11.699354512912365,11.24142997078307,4.04015100640199,5.274533804745046,98.21399844067115,1.7860015593286676,99.99999999999982
2008,6,35-44,14419,914,31994742.36079988,40.87336835046202,40.01926454856116,0.8541038019009334,12.701020478078881,12.243667569227835,4.463622747406035,5.819381897199472,97.91036600023396,2.089633999766204,100.00000000000017
2008,6,45-54,15433,1011,32884054.61179995,41.10327541699746,40.23867653012856,0.8645988868689495,12.749059649768705,12.247945672777604,4.460676761583315,5.7480348150916045,97.89652070766272,2.103479292337397,100.00000000000011
2008,6,55-64,9437,604,19514494.849000078,39.63027651845323,38.87555026373014,0.7547262547231482,13.525184458159169,13.14240933706754,3.9993685482775008,5.461211121509541,98.09558165870565,1.904418341294494,100.00000000000014
2008,6,65+,2828,146,5543982.725900002,32.13421075524353,31.44552425851923,0.6886864967242805,16.358839241672786,15.829185488814632,4.14452708463668,5.0416054994945085,97.85684328154248,2.1431567184574574,99.99999999999994
2008,7,16-24,8752,562,20123550.067699987,33.49927698300744,32.67838063628306,0.8208963467243767,12.996725469226044,12.544088200420127,4.088931708938454,5.862853614947906,97.54951025617424,2.450489743825748,99.99999999999999
2008,7,25-34,12295,713,29301519.751399934,40.1133521129377,39.3838343279811,0.7295177849564856,12.090159695826788,11.584137962352832,4.03390711542088,5.077352536395048,98.18135920702247,1.8186407929772475,99.99999999999972
2008,7,35-44,13799,873,30683628.55979984,40.670327833835685,39.783607008260084,0.8867208255755756,12.780307235955535,12.212733137975553,4.581920626793447,5.7700342342155775,97.81973523990654,2.180264760093397,99.99999999999993
2008,7,45-54,14648,974,31445497.225100014,40.91137060733216,39.9817460371738,0.9296245701583763,12.991872271493154,12.518153178002393,4.712582211485926,6.018060414034305,97.72771100953594,2.2722889904641046,100.00000000000004
2008,7,55-64,9052,587,18828586.598400053,39.22037829912586,38.42230129848809,0.7980770006377902,13.85681455463276,13.40380464199235,4.2909014923033855,5.610791253921149,97.96514711165965,2.0348528883403905,100.00000000000004
2008,7,65+,2846,119,5617983.441799983,31.6129748991566,31.157026145135486,0.4559487540211227,16.240195672654547,15.942421140319487,2.9701683977820017,3.908703029741291,98.55771639500692,1.4422836049931098,100.00000000000003
2008,8,16-24,8361,485,19361359.418799765,33.31929429162935,32.529014067873845,0.7902802237555133,13.157149154783637,12.682000300710909,4.099391975086668,5.35615199567576,97.62816037807247,2.371839621927562,100.00000000000003
2008,8,25-34,12398,728,29534409.032900125,40.19577276101098,39.48252299795205,0.7132497630588788,11.86684675521805,11.438821031001279,4.017750853474308,5.053145358478337,98.22556026649956,1.7744397335003232,99.99999999999989
2008,8,35-44,13982,876,31062015.958799947,40.77988543177721,39.92608097807158,0.8538044537056699,12.802663312925695,12.131136723350101,4.514048734095217,5.819735562874385,97.90630982734368,2.0936901726564283,100.0000000000001
2008,8,45-54,14978,1039,32412962.03369996,40.95472937186131,40.0241261957326,0.930603176128693,12.893739069459702,12.291645085569494,4.748398946035747,6.182539993464613,97.72772719927164,2.2722728007283104,99.99999999999996
2008,8,55-64,9301,571,19178043.874000046,39.44497070511261,38.638733455829716,0.8062372492828717,13.369917903604183,12.984520937084756,4.148078384955949,5.687901044375292,97.956045511327,2.0439544886729304,99.99999999999993
2008,8,65+,2851,124,5667340.767100002,31.63796705916966,31.224829321398133,0.41313773777151896,16.41406878463694,16.25652097127512,2.5657943816152287,3.901030407125666,98.6941710350767,1.3058289649232657,99.99999999999997
2008,9,16-24,7715,442,18480199.19149995,31.95315175897583,31.216645791920982,0.7365059670547448,13.849858383191348,13.312107218594129,3.79725223898231,5.359041415828035,97.6950443805658,2.3049556194338665,99.99999999999967
2008,9,25-34,12764,704,30503447.080799863,40.052931382847596,39.372413977404385,0.6805174054432037,11.64726458286777,11.08457980560513,3.921446925460756,4.802899508108915,98.30095480668204,1.6990451933179371,99.99999999999999
2008,9,35-44,14394,945,32446864.048599645,40.85497583597467,40.00423167391169,0.850744162063062,12.081312644761743,11.491097238612829,4.262835550702163,6.05891607908668,97.91764859810819,2.0823514018920135,100.0000000000002
2008,9,45-54,15476,1075,33700056.64739979,41.38493993974959,40.49412464621466,0.8908152935350111,12.47835200691306,11.91101365581089,4.454854445780207,6.160117511731766,97.8474892199147,2.1525107800854792,100.00000000000018
2008,9,55-64,9820,613,20158089.634399902,39.560915118321056,38.81048815892382,0.7504269593972532,13.313693804648018,12.911575599224463,3.8644741257133495,5.722718219445705,98.10311021079058,1.8968897892094587,100.00000000000003
2008,9,65+,3004,140,5994221.512499996,31.928900921243788,31.497250075190703,0.4316508460530471,16.200917779406247,15.97304327496991,2.7261988968644775,4.322023718338521,98.6480873641163,1.3519126358835913,99.99999999999989
2008,10,16-24,7775,464,18447223.900700055,31.281502410452273,30.527634167541603,0.7538682429106445,13.918032270481445,13.401345954153895,3.7768747728359195,5.672485850623246,97.59005103713056,2.4099489628693473,99.99999999999991
2008,10,25-34,12700,729,30410543.725699943,39.951862608666204,39.23623661939098,0.7156259892751764,11.73474254249323,11.238113288070842,3.8748856258937128,5.230512310951422,98.20877940964887,1.791220590351013,99.99999999999989
2008,10,35-44,14278,925,32426635.265000045,40.68543312833596,39.82149269268615,0.8639404356497592,12.462155629520685,11.707886002328369,4.753193040946456,5.797716422120427,97.87653622139246,2.1234637786074235,99.99999999999989
2008,10,45-54,15402,1097,33923749.69040019,40.7952204562376,39.89591888044116,0.8993015757964141,12.744082324786886,12.139948711431732,4.532936664882914,6.29996264919024,97.79557123177909,2.2044287682208386,99.99999999999993
2008,10,55-64,9944,649,20406699.01659983,39.30395411067516,38.55373362021533,0.7502204904598467,13.600948788514723,13.24591303215417,4.174334538582653,5.654524447885274,98.09123405663641,1.908765943363655,100.00000000000007
2008,10,65+,2897,101,5887924.890300003,31.747643014375498,31.34499664274704,0.40264637162842704,16.46690605232315,16.025350686291628,3.247678897210918,2.8667443767510377,98.73172830044065,1.2682716995592607,99.99999999999991
2008,11,16-24,7631,453,18205291.75329996,30.743630209400344,30.046847922206343,0.6967822871940871,13.93320907134268,13.42811223643151,3.627297614779363,5.559590196715942,97.73357185716816,2.2664281428321207,100.00000000000028
2008,11,25-34,12607,715,30605142.83990001,39.24958370473776,38.581850684091414,0.6677330206463685,11.788172589997707,11.34720177408635,3.7618702821959342,4.9299353199977745,98.29875133028291,1.7012486697171452,100.00000000000006
2008,11,35-44,14099,890,32195114.38099999,40.263942879597515,39.53906199148762,0.7248808881099286,12.159579538387495,11.618933022240311,3.9551688472700497,5.423121140176445,98.19967733841285,1.8003226615872217,100.00000000000007
2008,11,45-54,15390,1054,33818148.20499979,40.29319904593251,39.44132880233231,0.8518702436001752,12.64119053521004,12.072323783377998,4.337151592883403,6.024229870158293,97.88582127065884,2.1141787293410976,99.99999999999993
2008,11,55-64,9906,648,20369676.30659985,38.63899629032828,37.85514694117945,0.7838493491487992,13.60384244337826,13.060156452689714,4.303245786038845,5.740072385544795,97.9713516798959,2.0286483201040197,99.99999999999993
2008,11,65+,2859,109,5976597.665900003,31.399972685151447,30.917879005190485,0.48209367996099045,16.191437537934327,15.78681226132525,3.2023087408872604,3.7477553989953942,98.46466847345718,1.5353315265429037,100.00000000000009
2008,12,16-24,7349,389,18102599.789500006,30.825698024809068,30.154193510117715,0.6715045146913535,13.83685231313328,13.45739760484621,3.494824742707996,5.023638180011481,97.82160808118307,2.178391918816939,100.00000000000001
2008,12,25-34,12139,723,30020179.42149981,39.383588213805275,38.65565346666139,0.7279347471437674,11.984299775802961,11.466332187484056,3.94129855458683,5.318711248795825,98.15167997595324,1.8483200240464674,99.99999999999972
2008,12,35-44,13665,895,31841219.04859994,40.323761000942504,39.56814739944448,0.7556136014980209,12.208340605568166,11.637362123068081,4.016915255908369,5.669681119132207,98.12613312165905,1.8738668783409358,99.99999999999999
2008,12,45-54,15095,1021,33270273.604199998,40.64360364412209,39.857889954436686,0.7857136896854378,12.584608564228196,12.039467392665335,4.121426160387425,5.847781566047574,98.06682080515016,1.933179194849934,100.00000000000009
2008,12,55-64,9906,623,20405892.883699793,39.142985376716325,38.422528519327706,0.7204568573886607,13.394348180719781,13.007599985619052,4.032251459135395,5.300837133493183,98.15942281751158,1.840577182488525,100.00000000000011
2008,12,65+,2853,118,5931097.779100005,31.054864657205087,30.612192271318623,0.44267238588644603,15.431931775727607,15.180451024220067,2.8850956124137506,3.877602819336732,98.5745473671425,1.4254526328574448,99.99999999999994
2009,1,16-24,7209,381,17069160.420699976,30.622887221190265,30.03682102184935,0.586066199340915,13.877070807565044,13.38035134619649,3.4196507720291267,4.5424163268142985,98.08618241935277,1.9138175806472355,100
2009,1,25-34,12275,765,29263440.42060008,39.12621723765597,38.437888092070686,0.6883291455853687,11.9509013958911,11.46953300852901,3.690594878240861,5.4632914271917175,98.24074701266336,1.7592529873368512,100.00000000000021
2009,1,35-44,13775,874,31097388.278099958,39.93935011883218,39.25606373865202,0.683286380180165,12.40483919588289,11.987486640881539,3.8006156549776997,5.521737395899783,98.28919003902875,1.710809960971253,100
2009,1,45-54,15264,999,32664164.16419979,40.287576009815695,39.50104434840075,0.7865316614149881,12.439287341209361,11.952132139972957,4.153456201907102,5.698582267536187,98.0477066646469,1.9522933353532042,100.0000000000001
2009,1,55-64,9812,618,20204064.039600033,39.042707129466976,38.321439509015086,0.7212676204518952,13.262200190353951,12.857803732779065,3.8750192993646615,5.539188004979991,98.152618828248407,1.847381171751607,100.00000000000001
2009,1,65+,2833,137,5902285.137200001,30.98820215059405,30.469202804697773,0.5189993458962572,15.61814610563497,15.212643733729626,3.2322368905988395,4.608116391832389,98.32517116232144,1.6748288376784966,99.99999999999993
2009,2,16-24,7311,432,17249188.923400067,30.065200306506675,29.43203207274215,0.6331682337645352,13.716559356504426,13.304671708022564,3.4572543515877743,5.152249157607464,97.89401624699138,2.1059837530086427,100.00000000000003
2009,2,25-34,12442,775,29224507.40010017,38.97749528008792,38.29923661704426,0.6782586630436089,11.893632964014852,11.482149816722682,3.6278286344879227,5.413653909850265,98.25987109184473,1.7401289081551239,99.99999999999986
2009,2,35-44,13764,898,31007301.395900246,39.911536632308234,39.12382192565754,0.7877147066506541,12.428646504338811,11.824663198478353,4.296363769318103,5.748212482740163,98.02634833655328,1.9736516634466088,99.99999999999989
2009,2,45-54,15381,1126,32641053.644300193,40.274335162816094,39.41705864907855,0.8572765137373655,12.416791880016712,11.90714385980007,4.227113220350959,6.384260303631126,97.87140741052123,2.128592589478322,99.99999999999955
2009,2,55-64,9722,627,20156428.42570007,38.874834639817195,38.12281648162631,0.7520181581908166,13.668429098462804,13.167133017040495,4.037294055436747,5.782476798389037,98.06553991763958,1.9344600823602445,99.99999999999983
2009,2,65+,2847,135,5727106.5359000005,31.15601131447428,30.641764030433254,0.5142472840409943,15.89409722019926,15.408314519960502,3.4133409705085773,4.533176344330065,98.3494444174819,1.6505555825179978,99.9999999999999
2009,3,16-24,7198,409,17091530.836699918,30.16859264301911,29.534528266566074,0.6340643764530377,13.812045695027193,13.436129138561647,3.4401617319162194,5.051963118165716,97.89826332319896,2.101736676801056,100.00000000000001
2009,3,25-34,12345,794,29031353.23459986,39.07812086731126,38.35125139044679,0.726869476864427,12.146697046084647,11.702224443302578,3.85416573680293,5.6814989355515415,98.13995795925669,1.8600420407431908,99.99999999999989
2009,3,35-44,13731,909,30855945.856599715,40.1430478439753,39.388277242823285,0.7547706011520222,12.361305987490239,11.856914228042765,3.943189140908302,5.796493512829545,98.11979747007354,1.880202529926483,100.00000000000001
2009,3,45-54,15226,1084,32585018.09029964,40.428679935610326,39.583520828618845,0.8451591069915156,12.683016241387179,12.156527367706259,4.1559546620310694,6.375521814789018,97.9095060527884,2.090493947211677,100.00000000000009
2009,3,55-64,9601,590,20094942.620900102,39.044817882190095,38.35707186293406,0.6877460192559113,13.666676022960932,13.342327802916742,3.713787370718412,5.646979127075365,98.23857285919179,1.7614271408078965,99.99999999999969
2009,3,65+,2893,137,5745264.884499997,31.263504547176723,30.70307407775021,0.5604304694265141,15.993481961901074,15.482950790758954,3.4913316220728987,4.414689388548072,98.2073971631017,1.7926028368982845,99.99999999999999
2009,4,16-24,7373,418,17292277.814100027,29.998145848947907,29.365878120691495,0.6322677282564247,13.76363406653924,13.404161395352483,3.4183957679446038,5.267922180022013,97.89231063999715,2.107689360002894,100.00000000000004
2009,4,25-34,12513,780,29038862.573400073,39.02102522801797,38.289709513205764,0.7313157148122232,11.950009325587008,11.468331205396826,3.831518471906049,5.600787668556292,98.12584187488979,1.8741581251102604,100.00000000000004
2009,4,35-44,13875,935,30753413.171200093,39.848775377207375,38.9943932917351,0.8543820854722588,12.546108646851554,11.923719049750188,4.4227791909372804,6.0076687101846735,97.855938915601,2.144061084398962,99.99999999999996
2009,4,45-54,15385,1082,32695404.414200142,40.16105354287036,39.285983205453974,0.8750703374164074,12.88340372559402,12.264768307888906,4.377050185749032,6.283806782361401,97.82109715701984,2.1789028429802118,100.00000000000004
2009,4,55-64,9619,618,19970340.89899992,38.91926395208523,38.203179416546995,0.7160845355382065,13.334013327279585,13.010873988467171,3.830560404996887,5.65695674156756,98.16007688012849,1.839923119871438,99.99999999999993
2009,4,65+,2938,136,5703822.481400002,31.264281563971576,30.701188714575668,0.5630928493959141,15.893914135167158,15.386380223056747,3.9655152240330627,4.117963379224039,98.19892599085084,1.8010740091491904,100.00000000000003
2009,5,16-24,7284,393,16993803.87779998,30.569288481958903,29.967905997461095,0.6013824844978174,13.624650614994097,13.209214142309689,3.309497593227766,4.8010265874953895,98.0327233168913,1.967276683108721,100.00000000000003
2009,5,25-34,12337,739,29031143.17499986,39.21412187324596,38.45710357091377,0.7570183023321498,11.733096272583754,11.095778950353841,4.058586524675133,5.372609318544368,98.0695263181485,1.9304736818514086,99.99999999999991
2009,5,35-44,14143,835,31013021.023799676,40.17332730618522,39.41888517101736,0.7544421351678221,12.280539637391094,11.839445808557604,4.082318574747148,5.34892606053106,98.12203223940651,1.8779677605933967,99.9999999999999
2009,5,45-54,15441,1057,32715103.921399787,40.553211758097895,39.701259393252414,0.8519523648454131,12.619366427204891,12.059462671339613,4.218248783533751,6.163899012654335,97.89917412724934,2.100825872750487,99.99999999999983
2009,5,55-64,9924,632,20436752.140100017,39.020097165899124,38.31348596388898,0.7066112020101714,13.345646727341894,12.924217318229266,3.833989723553649,5.4873887700558655,98.18910957856949,1.8108904214305774,100.00000000000006
2009,5,65+,2984,142,5809020.557199988,31.00681353772293,30.61447333075378,0.3923402069691687,15.971073796607723,15.63375234988723,2.744894118671885,3.94393709307909,98.73466453916062,1.2653354608394285,100.00000000000004
2009,6,16-24,7847,485,18058278.238700088,31.268507045594482,30.533979048635548,0.7345279969589624,13.405951826622504,12.872009728222137,3.854928449305766,5.536617548384679,97.65090160560632,2.349098394393769,100.00000000000009
2009,6,25-34,12070,729,28649357.728100076,38.96481129952475,38.23495585598401,0.729855443540747,11.609811399030729,11.2028666755923,4.003408720464966,5.207508878067049,98.1268857227864,1.873114277213628,100.00000000000003
2009,6,35-44,13824,829,30126324.9556002,39.853851396783384,39.079189763786445,0.7746616329968821,12.626099556680868,12.168459644144546,4.195394248768269,5.2361204797625565,98.05624398684975,1.9437560131500997,99.99999999999984
2009,6,45-54,14929,987,31685848.237299573,40.2150382491445,39.365178366513945,0.8498598826305236,12.79352465918904,12.3212897735565,4.4100624967106725,5.80938541242247,97.88671124128886,2.1132887587110596,99.99999999999993
2009,6,55-64,9615,591,19791244.47140012,38.69756672381765,38.01562323725193,0.6819434865656627,13.300323035517291,12.971697184498735,3.903473716365649,5.118113323110001,98.23776132635751,1.7622386736423377,99.99999999999986
2009,6,65+,2819,134,5506024.5544,31.667917084543497,31.229349263996795,0.4385678205467321,15.905605935348051,15.514151789007554,2.812283979452478,3.74824205124689,98.61510367298278,1.3848963270173165,100.0000000000001
2009,7,16-24,8139,524,18563523.42529996,31.815854947771303,31.012618021882638,0.8032369258886561,13.177562136588644,12.54980844335748,4.134451530288259,5.723658760555743,97.47535646234478,2.5246435376551863,99.99999999999996
2009,7,25-34,11866,733,28315949.696200054,39.03467789435744,38.28447924069716,0.7501986536602279,11.758836896145336,11.389330412444755,4.139156320989491,5.293798915390649,98.07812259732076,1.9218774026790955,99.99999999999986
2009,7,35-44,13037,811,29048681.732300043,39.956424877790795,39.10404482646583,0.852380051324949,12.762674473857325,12.222451792615564,4.618761218074559,5.672391716033755,97.86672592972964,2.1332740702703163,99.99999999999996
2009,7,45-54,14378,965,30476875.175999675,40.071108319943846,39.23201783865871,0.8390904812852465,13.094667802573882,12.61299148499962,4.362841606566978,5.908653103380157,97.9059963238713,2.094003676128972,100.00000000000028
2009,7,55-64,9212,593,18930936.94759987,38.700022359510754,37.94234356893616,0.7576787905745216,13.484188552114798,13.096904791567972,4.220413977659559,5.4069418493825445,98.04217479892904,1.9578252010707629,99.9999999999998
2009,7,65+,2772,137,5388059.220399973,32.05401077627344,31.52459912467168,0.5294116516017525,16.31945922080787,16.001959830043994,3.5008082956052604,4.246649248651254,98.34837626000416,1.6516237399958262,99.99999999999999
2009,8,16-24,7618,424,17573590.46289991,32.028580836680156,31.367375378414202,0.6612054582659579,13.320906081734448,12.771289516911084,3.8284698329908595,4.7123073685384345,97.93557678487984,2.0644232151201787,100.00000000000001
2009,8,25-34,12058,723,28410396.4736,39.18675879241373,38.43253990092767,0.7542188914861273,12.121509129582611,11.540697195315014,4.217841114539214,5.225030569282645,98.07532208652054,1.9246779134796386,100.00000000000018
2009,8,35-44,13239,746,29418469.7205999,39.76727339873147,39.021635512035424,0.7456378866960557,12.694454865745293,12.248135104402657,4.274804818310706,5.160096496919507,98.12499620172645,1.8750037982735843,100.00000000000003
2009,8,45-54,14545,917,30967856.271999504,40.05990074093344,39.246704996025805,0.8131957449075963,12.940757890200675,12.490293119044166,4.380511168298981,5.644653252542153,97.97005052467165,2.0299494753282503,99.9999999999999
2009,8,55-64,9328,564,19188966.19530004,38.54848148074152,37.87227850645215,0.6762029742893664,13.720073659394625,13.363368027866784,3.8389942714286143,5.065501332938281,98.245837583441,1.75416241655898,99.99999999999999
2009,8,65+,2829,119,5655140.778999956,31.426800948592508,30.925340765509063,0.5014601830834496,16.38931603966635,15.95552086497622,3.8610407227696117,3.6735238753284745,98.4043549838123,1.5956450161877143,100.00000000000001
2009,9,16-24,7002,393,16681315.07099999,29.60488592233598,28.962663211428488,0.6422227109075146,13.133639443569747,12.671714403987174,3.4264210255290837,5.144427920984986,97.8306867569351,2.169313243064981,100.00000000000007
2009,9,25-34,12411,744,29004898.410599846,37.024228434489096,36.31947817082912,0.7047502636599398,11.686632894972185,11.107440299589156,3.892315979689108,5.218724466715672,98.09651600192839,1.9034839980715041,99.9999999999999
2009,9,35-44,13647,839,30421996.129299965,37.7974504374825,37.030405331430934,0.767045106051591,12.411440902267804,11.744612146870004,4.251203808904811,5.526046816437767,97.97064326515813,2.029356734841928,100.00000000000006
2009,9,45-54,15040,1007,32313618.64109993,38.028286223209854,37.159145051825234,0.8691411713845733,12.697059725987025,12.147886854901218,4.409586955105117,6.257648254312534,97.71448766772416,2.285512332275729,99.99999999999989
2009,9,55-64,9728,539,20050643.1625,36.54067077456544,35.95801998431301,0.5826507902524253,13.157468810769933,12.764994271232537,3.4960696557444226,4.644349910638437,98.40547319493109,1.5945268050689045,100
2009,9,65+,2939,126,5942423.507299988,30.391253189602544,29.95294150474863,0.43831168485388655,15.379003542169063,15.205691193077312,3.101289471655258,4.030847256270926,98.55777028305015,1.4422297169497496,99.9999999999999
2009,10,16-24,6926,402,16425034.407899978,29.990023582068105,29.388960222185474,0.6010633598826199,13.742455080682433,13.35450089529578,3.2376430791818516,5.253239859789858,97.99578897216331,2.004211027836647,99.99999999999996
2009,10,25-34,12477,743,29221264.746600028,39.04935049512408,38.35924759722518,0.6901028978989123,12.092157990751371,11.51811322538788,3.822391847372499,5.149477363655445,98.23274167393623,1.7672583260637904,100.00000000000003
2009,10,35-44,13452,832,30249235.735900123,39.49143431586444,38.706998125305155,0.7844361905593091,12.738697085995712,12.179575721044632,4.0746853009203345,5.718508202331366,98.01365484908669,1.986345150913363,100.00000000000006
2009,10,45-54,15076,993,32721733.561699755,39.78542505991177,38.96020419034254,0.8252208695692743,12.685855560852094,12.224347367654703,4.2466689303590774,6.01582441800723,97.92582115604758,2.0741788439525206,100.0000000000001
2009,10,55-64,9838,578,20288500.90210003,38.71065752723534,38.05633380167483,0.6543237255605174,13.791949125455243,13.31133854839222,3.8210421721819317,5.131861467360705,98.30970650627634,1.6902934937236864,100.00000000000003
2009,10,65+,2960,122,5981686.344000014,31.325405253729553,30.919918978035252,0.4054862756942968,15.762393032691017,15.44482851959972,2.937872080160364,3.6979581154715166,98.70556734251339,1.2944326574865945,99.99999999999999
2009,11,16-24,6899,424,16488772.034199925,29.89213022418475,29.198256646324015,0.6938735778607147,13.770955323615347,13.369202296668153,3.533047713015716,5.7376376435900305,97.67874161976137,2.321258380238569,99.99999999999994
2009,11,25-34,12595,741,29315431.528099973,38.59409185256938,37.8946280632083,0.6994637893610764,11.887125037658343,11.466825272424632,3.75148860720535,5.2129985787012885,98.18764024288213,1.8123597571178764,100
2009,11,35-44,13425,831,30331016.28470025,39.49896186986729,38.74513983533382,0.7538220345334514,12.509127754668246,11.917198615157591,4.002890502450816,5.533312801149306,98.09153962826417,1.9084603717358006,99.99999999999997
2009,11,45-54,15176,974,32776348.483199947,39.70942353484025,38.89306647124559,0.8163570635946475,12.715260785288239,12.225510005073952,4.335663290826869,5.775778536679681,97.94417296720914,2.055827032790824,99.99999999999997
2009,11,55-64,10099,593,20387072.95610007,38.50376136454743,37.82121718968407,0.6825441748633375,13.74671443251366,13.175908168924737,4.038126266983744,5.21395409379719,98.22733117317776,1.7726688268221873,99.99999999999994
2009,11,65+,2999,121,6057466.488800003,30.995985529999146,30.610369915316195,0.38561561468295275,15.694124562948272,15.51776637520928,2.6674750639584928,3.6721907716911875,98.75591755484034,1.244082445159676,100.00000000000001
2009,12,16-24,6785,393,16275522.977299955,29.918539623166204,29.285730881470755,0.632808741695415,13.834630695786268,13.499343312598175,3.2199148257346617,5.517337321525322,97.88489428405971,2.1151057159401767,99.99999999999989
2009,12,25-34,12208,728,28939212.01370004,38.971616246761776,38.28311511585447,0.6885011309073485,12.015142578036116,11.512613214270582,3.8403350513587253,5.268120334023838,98.23332672027809,1.7666732797220268,100.00000000000011
2009,12,35-44,13205,794,29949128.154800065,40.01484356290129,39.311642790997404,0.7032007719037602,12.50398549721937,12.049996708324905,3.8327274713144686,5.276072774915638,98.24265020354636,1.7573497964533196,99.99999999999969
2009,12,45-54,14828,939,32359160.263500337,40.07578280918632,39.31004888174115,0.7657339274452377,12.820266381444386,12.216300224190041,4.084417713643691,5.5823578451680085,98.08928516483115,1.910714835169017,100.00000000000017
2009,12,55-64,10105,565,20535218.97360001,38.74010658998276,38.134433425411714,0.6056731645710607,13.390900883627333,13.048297460211836,3.466859329250246,4.838066757784516,98.43657331410736,1.563426685892684,100.00000000000004
2009,12,65+,2934,121,5900190.531299982,30.997521837520022,30.550499116625105,0.44702272089489264,16.172840897047095,15.710894459977737,3.225259239983441,3.5388091874720544,98.55787593847637,1.4421240615235484,99.99999999999991
2010,1,16-24,6543,329,15672696.012400035,29.74546520242938,29.241253995203284,0.5042112072261059,13.628848857199856,13.345084531622026,2.8923600559081692,4.508261460829549,98.30491403044213,1.6950859695578935,100.00000000000003
2010,1,25-34,12160,718,28807988.75360004,38.879675001109774,38.199140369654486,0.6805346314553142,11.951743184624224,11.49820618513604,3.7055442811137547,5.317696460529754,98.24963909437035,1.7503609056297131,100.00000000000007
2010,1,35-44,13237,791,29643558.621299997,39.81565375619662,39.09449939388132,0.7211543623153068,12.348321378548912,11.900569340308191,3.8805954680375354,5.379260147444709,98.18876674302237,1.811233256977657,100.00000000000003
2010,1,45-54,15067,993,32324483.868600067,40.14473048989174,39.421644016841995,0.7230864730497635,12.383762747070186,11.861805129005152,3.8806638618486424,5.629588666898064,98.19880102761728,1.8011989723827722,100.00000000000006
2010,1,55-64,10007,598,20457642.156200044,38.82148873101736,38.212053613719604,0.6094351172977908,13.236402711054449,12.90884589212177,3.4721063126631457,5.148885576145278,98.43016036422418,1.5698396357759148,100.0000000000001
2010,1,65+,2915,130,5859616.5996999955,31.303000487590165,30.923674153404093,0.37932633418606243,15.671500845761475,15.371178111414316,2.9128329782403126,3.2583664298066077,98.78821094375138,1.2117890562485967,99.99999999999997
2010,2,16-24,6842,384,16137075.17400007,29.006087855211682,28.45465300763549,0.5514348475761743,13.799218968272912,13.538379404312634,2.9475417695485477,4.9815162923402045,98.09889961607796,1.901100383921974,99.99999999999993
2010,2,25-34,12411,775,28915924.39569992,38.000187735848584,37.22995540959396,0.7702323262545272,12.542759315459605,11.981363067577451,4.31251799499976,5.609901292456095,97.97308283946187,2.0269171605378835,99.99999999999974
2010,2,35-44,13204,826,29462730.709800325,39.11447622535448,38.3599712787371,0.7545049466173757,13.003381473892595,12.446922700643935,4.147428054010001,5.608816540383741,98.07103400216745,1.928965997832527,99.99999999999997
2010,2,45-54,15009,1030,32098963.00889971,39.25213071153319,38.41587129522243,0.8362594163106623,13.17113022336735,12.570283555070695,4.334306785945168,6.0359143716350605,97.86951841555688,2.130481584442879,99.99999999999976
2010,2,55-64,9857,587,20369380.71420002,38.090820367705625,37.4343938254211,0.6564265422845544,13.80996123009082,13.443566473748977,3.7495799766046845,5.308251299688403,98.27668048115586,1.7233195188442034,100.00000000000007
2010,2,65+,2908,127,5801553.444200013,30.30727859140584,29.94763525670794,0.3596433346978689,16.155075141325167,15.990685255196263,2.6507318802763216,3.458389835236046,98.81334335706445,1.1866566429354435,99.9999999999999
2010,3,16-24,6805,366,16099131.5453001,29.81206207182103,29.292509221416392,0.5195528504046446,13.699264897979468,13.431103222746215,2.9468583498169094,4.6392478320859505,98.25723947188567,1.7427605281143455,100.00000000000001
2010,3,25-34,12483,739,29085747.125599988,39.053351976203274,38.30909416582892,0.7442578103743134,11.851694256410289,11.421278066586002,3.9724959628582948,5.388829055453284,98.09425369984153,1.9057463001583541,99.99999999999989
2010,3,35-44,13377,840,29789314.50940003,40.12913119235721,39.33531388650958,0.7938173058476423,12.526541857922627,11.968936580230727,4.121175319053055,5.680305799134959,98.02184278039188,1.9781572196081552,100.00000000000003
2010,3,45-54,14917,981,32196961.456900097,40.332790675394506,39.517003109416876,0.8157875659776271,12.52079255107574,12.04792048923296,4.226809861642475,5.781215666551947,97.9773589867777,2.0226410132222963,100
2010,3,55-64,9780,593,20875594.248900205,38.80841377360454,38.15656948934346,0.6518442842611244,13.25189688870808,12.89866348468123,3.748481775745446,5.251036803217003,98.32035318922405,1.679646810776056,100.00000000000011
2010,3,65+,2940,124,5866659.119499995,31.902381752180485,31.43283587774169,0.4695458744388024,16.145963554862043,15.744246905918537,3.6226468286817073,3.465005139370108,98.52817924979315,1.47182075020687,100.00000000000003
2010,4,16-24,7098,384,16622351.880000023,30.029172053341206,29.433769482847715,0.595402570493532,13.91189912759236,13.566427575945067,3.2747197685880054,4.836821594225564,98.01725279193222,1.9827472080679103,100.00000000000013
2010,4,25-34,12810,783,29396110.202499993,39.32401908123842,38.564624003038574,0.759395078199887,11.749729585761814,11.202289002966934,4.124668521070582,5.231824525440797,98.06887725125189,1.931122748748223,100.00000000000011
2010,4,35-44,13729,829,30180271.202799905,40.12937457700329,39.298998873024296,0.8303757039789305,12.263932309802346,11.606495461127688,4.342042020692971,5.608411899701449,97.93075343752092,2.0692465624789205,99.99999999999984
2010,4,45-54,15216,1010,32527917.193599876,40.6277364081344,39.79059671970517,0.8371396884291683,12.484041855600028,11.912217024307417,4.367419673421751,5.880310634756376,97.93948725073047,2.060512749269383,99.99999999999984
2010,4,55-64,9869,558,21012793.206900015,39.32218029075596,38.64788206962524,0.674298221130703,13.215147936746447,12.896993148087562,3.8706854072682435,4.967427764706917,98.28519625273871,1.7148037472612376,99.99999999999996
2010,4,65+,2991,139,5959298.047200023,32.16719580974247,31.67088037190504,0.49631543783745996,15.615912875115416,15.372381703034518,3.2382823944186274,3.8868213498539492,98.45707583348899,1.542924166511092,100.00000000000007
2010,5,16-24,7156,421,16687008.912500052,30.861566032108435,30.166853486104095,0.6947125460043388,13.600925598947075,13.190461412380575,3.6394532905614128,5.322163009301967,97.74893942426137,2.251060575738634,100
2010,5,25-34,12713,787,29372388.487700142,39.41148225718351,38.67995312239781,0.7315291347858108,11.494987482306598,10.886487271376454,3.9933262618272876,5.418583702059093,98.14386799762559,1.8561320023747025,100.0000000000003
2010,5,35-44,13648,838,30288833.23610003,40.14387548813546,39.332718820132115,0.8111566680032176,12.26181982873329,11.628231494734543,4.299840913922773,5.4818202548689126,97.97937628557293,2.020623714426763,99.99999999999969
2010,5,45-54,15062,967,32277671.598400027,40.5288623219977,39.70203906241909,0.8268232595787008,12.56917621180225,11.957097897664616,4.305768717440891,5.74323273210292,97.95991495391708,2.0400850460831443,100.00000000000023
2010,5,55-64,9873,612,21021458.983600076,39.194209186840254,38.44826160352391,0.7459475833163386,13.337205622013036,12.883901592009607,4.0651281170108335,5.547058851194449,98.0967913403728,1.903208659627188,99.99999999999999
2010,5,65+,2979,117,5979222.731499992,32.547011108963915,32.1482983763807,0.39871273258320894,15.844985736766075,15.648891899542724,2.7479518053367618,3.4241820399394567,98.7749636018854,1.225036398114596,100
2010,6,16-24,7516,473,17665894.62460002,31.71103696431012,30.997576797251902,0.7134601670582179,13.0911765771906,12.761251335261225,3.5804989020000306,5.519460455980595,97.7501203512796,2.2498796487204036,100.00000000000001
2010,6,25-34,12447,711,28992393.129700243,39.31077011443582,38.58129334077361,0.7294767736622042,11.481126785779084,10.935511445363193,3.964236112540828,4.969376054452308,98.14433354640812,1.8556664535918708,99.99999999999999
2010,6,35-44,13144,768,29486499.251399912,39.98956014296318,39.167517033347515,0.8220431096156394,12.526271266765985,11.8843281196289,4.449819350888986,5.424958061184746,97.94435571014823,2.0556442898517138,99.99999999999994
2010,6,45-54,14707,862,31624684.470800024,40.32316639813255,39.59189380186505,0.7312725962674234,12.566323421475973,12.07813186300923,4.118631118897306,5.275710061678261,98.18647030581069,1.8135296941891201,99.9999999999998
2010,6,55-64,9727,570,20534335.173700053,38.77791927886995,38.043248549801405,0.7346707290685405,13.327857342657163,12.900314612033064,4.325206606072802,5.159500789959567,98.10544056326182,1.894559436738169,99.99999999999999
2010,6,65+,2879,104,5812116.660299991,32.452492115921316,32.01004887573914,0.4424432401821872,15.880978164138025,15.627412732881856,3.105284569086979,3.2034927889831764,98.63664325500255,1.3633567449974755,100.00000000000003
2010,7,16-24,7828,494,18106975.426000036,32.26506779500606,31.51690174420067,0.748166050805352,12.753736066058703,12.372869616936867,3.9870917136014987,5.321207277480944,97.68118866026002,2.3188113397398533,99.99999999999987
2010,7,25-34,12182,716,28632327.280199993,39.3331146910084,38.648368667203464,0.684746023804987,12.05149538081073,11.702852283235618,3.874986069891293,4.915176055818567,98.2591106013746,1.7408893986255323,100.00000000000013
2010,7,35-44,12568,709,28245344.193700194,39.96264580385797,39.13820394521031,0.8244418586477636,12.740640708084388,12.16340317957352,4.517817488459482,5.20151437640362,97.93696878156133,2.0630312184389266,100.00000000000026
2010,7,45-54,14085,848,30300061.193199906,40.12758430861408,39.3980952887914,0.7294890198228581,13.049522371033342,12.65016051084545,4.094335620955862,5.293186673365342,98.18207591513033,1.817924084870119,100.00000000000044
2010,7,55-64,9400,538,19713469.41469994,38.99825869602773,38.31736210382808,0.6808965921995878,13.852325891366212,13.513719328690378,4.0835643900126355,4.779424694759346,98.25403334670169,1.745966653298144,99.99999999999983
2010,7,65+,2807,113,5710290.95929999,32.04549040065594,31.69450771091472,0.3509826897412056,16.072628914117214,15.91366798056706,2.4636048906241537,3.135834292442975,98.90473609436779,1.0952639056321674,99.99999999999996
2010,8,16-24,7398,436,17486853.542099975,32.08391026390595,31.352418345059366,0.7314919188465895,13.034986197220663,12.614408599168957,3.858116759210819,5.291994072987869,97.72006618635416,2.2799338136458696,100.00000000000003
2010,8,25-34,12175,661,28937956.41510002,39.218219181559434,38.57933588624649,0.6388832953128941,12.050110780584193,11.735155143115108,3.7638442054609587,4.807398489874301,98.37095281569198,1.6290471843078986,99.99999999999987
2010,8,35-44,12867,705,28779626.78829983,39.94629296216853,39.191774424067525,0.7545185381009878,12.539510038184712,12.016255358652206,4.248673029016199,5.058922030538287,98.11116756487122,1.8888324351287389,99.99999999999996
2010,8,45-54,14238,820,30870948.82959973,40.11029186592874,39.344871082193535,0.7654207837351513,12.807156866033823,12.331456697757373,4.192068968838513,5.107411108751604,98.09170976293647,1.9082902370633956,99.99999999999987
2010,8,55-64,9533,500,19926773.365299888,38.82413735672835,38.23167385652823,0.5924635002001155,13.488535182767771,13.131896220281904,3.5431501896475455,4.565311355345507,98.47398154721024,1.5260184527897556,100
2010,8,65+,2832,121,5791116.414600003,32.356651178742105,32.017825689954975,0.338825488787127,16.621829515058515,16.40389779002846,2.559195941306689,3.1480032423522255,98.95284129709401,1.047158702905976,99.99999999999999
2010,9,16-24,6933,391,16705445.799199948,30.6683339793444,30.012898172882746,0.6554358064616496,13.67194777269028,13.307172228422612,3.4721123941758583,4.968364502070035,97.86282552256311,2.137174477436876,99.99999999999999
2010,9,25-34,12432,725,29527150.43319994,39.47894279628154,38.801948298098495,0.6769944981830629,11.744556137362725,11.331259019949183,3.733632186000163,5.159645609374478,98.28517571588364,1.7148242841164125,100.00000000000006
2010,9,35-44,13463,751,29929693.86109991,40.41753762622168,39.72557141619912,0.6919662100225342,12.299395499782907,11.734536513949957,3.9430178401787392,4.981889747418902,98.28795554934145,1.7120444506584869,99.99999999999993
2010,9,45-54,14971,916,32580015.739799876,40.662941911419125,39.939183359019374,0.723758552399793,12.482133404975913,11.918856990403194,4.058957058627545,5.317955695716443,98.2201028298041,1.7798971701960018,100.00000000000011
2010,9,55-64,10020,546,21043138.891600028,39.253645813345365,38.64667206457649,0.6069737487689427,13.508054280795173,13.1269213643362,3.5957402933555667,4.780083282164364,98.45371369667141,1.5462863033287604,100.00000000000017
2010,9,65+,3014,132,6207552.816499998,32.25898339405615,31.830735668586343,0.4282477254698363,16.28846028162766,16.119304161392687,2.7414755897991028,3.735667818783833,98.67246986602586,1.327530133974224,100.00000000000009
2010,10,16-24,6953,426,16737521.543099932,30.457772807429834,29.7894398891184,0.6683329183114055,13.893156143027175,13.514966743337332,3.4329592466181085,5.487804590630458,97.80570653495582,2.1942934650440797,99.9999999999999
2010,10,25-34,12500,728,29742113.44160001,39.17533258271096,38.490619523116614,0.6847130595943436,11.851289071512552,11.417363530183716,3.813435284610671,4.992736919707327,98.25218316105241,1.7478168389475892,100
2010,10,35-44,13482,748,30207839.055899896,39.96950580232511,39.292541685618346,0.6769641167068516,12.522829274555384,12.03920974444145,3.7951716318250064,4.960906069205604,98.30629850652949,1.693701493470733,100.00000000000021
2010,10,45-54,14945,927,32566992.78039989,40.349072972044176,39.604175735723246,0.74489723632082006,12.507550316016514,12.074959411230322,4.002742278709604,5.350386497302512,98.153867780712,1.8461322192877183,99.99999999999973
2010,10,55-64,9942,575,20750152.15719999,38.947087773001726,38.28239927981811,0.6646884931836153,13.693411150288808,13.256575430340686,3.770282335067747,5.113609431687088,98.2933550845761,1.7066449154238947,100
2010,10,65+,3077,142,6163059.545299987,32.69376658125281,32.22064570155538,0.47312087969743466,17.19037951722494,16.856113118058662,3.0805491897668404,3.731505271198967,98.55287129880982,1.4471287011901854,100
2010,11,16-24,6990,430,16984823.44959999,29.803110747337346,29.11247307110786,0.690637676229497,13.84172030010434,13.411173740118777,3.531126044669331,5.398329538253716,97.68266580598072,2.3173341940193257,100.00000000000004
2010,11,25-34,12480,767,29716151.205400046,39.13056836917001,38.37239066010958,0.7581777090603123,12.068863120898579,11.555512213952504,4.041652808192902,5.4414889509855415,98.0624413581026,1.9375586418971147,99.99999999999972
2010,11,35-44,13286,726,30027005.12190028,39.73980069992351,39.07013391374992,0.6696667861735601,12.165628511476095,11.692625463662578,3.804713002741514,4.918814836191462,98.31487130187124,1.6851286981286977,99.99999999999993
2010,11,45-54,14743,905,32430789.85650013,39.756883517746935,39.04414647874861,0.7127370389983613,12.431260857679431,12.048523525507669,3.985792746367367,5.195654476674036,98.20726129431102,1.7927387056890538,100.00000000000009
2010,11,55-64,10101,533,20904779.541399885,38.27029923986116,37.6299567786651,0.6403424611960095,13.435278985986193,12.927172161393695,3.818930009822879,4.659603270490992,98.32679003322477,1.6732099667750928,99.99999999999986
2010,11,65+,3057,158,6127274.83070001,31.678660669203957,31.144832498446604,0.5338281707573276,16.279309189422275,15.95456233478776,3.187656455414358,4.377373321923573,98.31486508747415,1.6851349125257762,99.99999999999993
2010,12,16-24,6908,406,16627015.34729998,30.059691776754175,29.360060058756833,0.6996317179973622,13.774008173505973,13.21143340150466,3.6717754431745173,5.453432194896266,97.67252530999542,2.3274746900046495,100.00000000000007
2010,12,25-34,12425,741,29610351.765700124,39.406376090585155,38.673619605502346,0.73275648508281,11.823099946732754,11.40547248176577,3.79818959768591,5.296044889330009,98.14051288705566,1.8594871129443384,100
2010,12,35-44,13173,743,29896235.87479969,40.250895667575854,39.5500817639111,0.7008139036647325,12.23974335257604,11.678359304184163,3.826521368613039,5.019778109808802,98.2588861886388,1.7411138113611562,99.99999999999996
2010,12,45-54,14760,916,32425386.357800163,40.383417538209486,39.66417105426151,0.7192464839479009,12.311519410510735,11.871543544623213,3.8687655624863346,5.281454043146777,98.21895587893856,1.7810441210612578,99.99999999999982
2010,12,55-64,10289,579,21188268.311300006,38.84117298894104,38.18832526925637,0.6528477196847104,13.279207924865604,12.879182495090872,3.6250550850393624,5.071697344548438,98.3191863956566,1.6808136043434914,100.00000000000009
2010,12,65+,3052,138,6151134.021099997,31.590294589200127,31.100245053511273,0.4900495356888593,15.685454809794802,15.394749747604935,3.187588994352543,3.9663607793798334,98.44873388469004,1.5512661153099663,100.00000000000001
2011,1,16-24,6547,374,16044753.19249999,29.79588804607277,29.14737429021374,0.6485137558590717,13.88073272354552,13.329344624186513,3.516188670404593,5.085031910502545,97.82347901543916,2.1765209845609843,100.00000000000014
2011,1,25-34,12248,674,29243964.95800009,38.324236009081496,37.69596784348609,0.6282681655954385,12.054174440948813,11.718742105536604,3.522148895362496,5.088147118002017,98.36065051512956,1.6393494848705166,100.00000000000009
2011,1,35-44,12986,736,29237981.788200103,39.30821434094788,38.647246568062734,0.6609677728850405,12.50306246665959,11.974129425687073,3.7842119781728174,4.968683445812592,98.31849962160045,1.6815003783992846,99.99999999999973
2011,1,45-54,14558,882,31851158.642599788,39.69512486515004,39.008376685523544,0.6867481796264913,12.309722952295093,11.8772087044277,3.7762941350539294,5.185223290719186,98.26994326895436,1.7300567310456185,99.99999999999999
2011,1,55-64,10270,584,20927728.2875001,38.228898862795155,37.57235786259951,0.6565410001957406,13.308661915708592,12.890878396692303,3.874009221142991,5.0164451037289615,98.28260551643929,1.717394483560955,100.00000000000024
2011,1,65+,3042,140,6194461.2663,31.084180283867003,30.539925415725136,0.5442548681418655,15.581327453488875,15.257439451433976,3.3079296340734228,3.9420308676149833,98.24909370885248,1.7509062911475237,100.00000000000001
2011,2,16-24,6629,356,16319644.60109999,29.696219264715698,29.044212109787683,0.6520071549280425,14.018620827873432,13.516629651572028,3.7743909685847195,5.0119066621393795,97.80441022099161,2.1955897790084715,100.00000000000009
2011,2,25-34,12304,686,29346895.893399943,38.910214424640436,38.26154031760546,0.6486741070349894,12.217231899373296,11.805026757665347,3.5755982741130716,5.045443357888489,98.33289505949318,1.667104940506849,100.00000000000003
2011,2,35-44,12927,757,29462493.452799954,39.95134635447268,39.23841853493323,0.7129278195394506,12.17141911522857,11.593889782956406,3.986123261782809,5.290902256447871,98.21550990243502,1.784490097564975,99.99999999999999
2011,2,45-54,14498,898,31906593.680400014,40.11847724203232,39.3734320506585,0.7450451913738088,12.06877365261142,11.576693977146654,3.984074848263126,5.451241390172097,98.14288766026934,1.8571123397306353,99.99999999999997
2011,2,55-64,10206,589,21191830.645199917,38.979004070698565,38.288698319415445,0.6903057512831497,13.247946526943789,12.815756439698582,3.92742179708043,5.22425610385278,98.2290318397282,1.7709681602718754,100.00000000000007
2011,2,65+,3073,169,6354708.592300008,31.60833235574082,30.992849903116735,0.6154824526240603,15.704397629283829,15.384974978928778,3.5103979218526957,4.785899609441005,98.05278416558949,1.9472158344104293,99.99999999999991
2011,3,16-24,6547,327,16498808.089800023,29.961406592661966,29.40533160330128,0.5560749893607132,13.838897250801915,13.488204910226083,3.1992504980453886,4.4098180780089224,98.14402909409175,1.855970905908353,100.0000000000001
2011,3,25-34,12339,700,29482258.514399853,39.26983629170489,38.603784806191705,0.6660514855131926,12.017056600412204,11.547521465283303,3.7496291242233655,4.983907098169989,98.3039107151718,1.6960892848282259,100.00000000000003
2011,3,35-44,12979,778,29622108.62740009,40.15317068332872,39.395046462238554,0.758124221090302,12.12505860125111,11.588463455553379,4.076771733713532,5.3711357463199025,98.11191941212022,1.8880805878801228,100.00000000000034
2011,3,45-54,14369,894,31947106.97380007,40.50560542532815,39.75093794542534,0.7546674799027099,12.444990656203249,11.934707781495737,4.088791743749241,5.510307381021056,98.13688137239664,1.8631186276031229,99.99999999999977
2011,3,55-64,10172,573,21445243.31790004,38.99246804487115,38.36959579247054,0.622872252400632,13.126868221950934,12.860100777441877,3.4530654764674127,5.176354107735538,98.40258315610124,1.5974168438988081,100.00000000000006
2011,3,65+,3051,159,6398966.890699995,32.07620934279384,31.556995916103233,0.5192134266905939,15.633579069356857,15.283340545241622,3.1228825089144823,4.482230667841832,98.38131301257624,1.6186869874237153,99.99999999999996
2011,4,16-24,6699,357,16754200.634600036,29.880772300728243,29.24496011276265,0.6358121879656187,13.82070776046282,13.427601473798465,3.456822573717569,4.849366550631591,97.8721694955987,2.127830504401397,100.0000000000001
2011,4,25-34,12746,713,29731436.03809971,39.40547751691049,38.71790737032205,0.687570146588405,12.041887857445928,11.561422870368318,3.845637039257968,5.014501702136043,98.2551406811569,1.7448593188430233,99.99999999999993
2011,4,35-44,13150,760,29621345.030700017,40.310245720090684,39.60893708463301,0.7013086354576344,11.956106991880247,11.493759812940175,3.8157733518043035,5.110448306891842,98.26022237540433,1.7397776245955783,99.9999999999999
2011,4,45-54,14424,897,32027675.366200116,40.5283640657055,39.7184733006713,0.8098907650342375,12.69518473240589,12.071034584073072,4.3214359977770345,5.617189799852298,98.00166924151887,1.9983307584812064,100.00000000000007
2011,4,55-64,10233,554,21635228.27530007,39.0318063213125,38.38013319607004,0.6516731252425143,13.124340779997972,12.756647140574744,3.6600790881555936,5.049499558769268,98.33040490138262,1.6695950986175134,100.00000000000014
2011,4,65+,3149,161,6561072.343899992,32.41846209149834,31.923931945307142,0.4945301461912149,15.682206347784266,15.351326151133717,3.3241465327680144,4.417723213637194,98.4745416213902,1.525458378609836,100.00000000000004
2011,5,16-24,6807,374,16683524.949400032,30.70167906778119,29.988166238615683,0.7135128291655229,13.866086541801915,13.273350372756278,3.9151801568184976,4.9918262700829885,97.67598108367213,2.324018916327916,100.00000000000004
2011,5,25-34,12764,710,29885788.87810002,39.62435107320442,38.8654185992477,0.758932473956564,12.040397094258548,11.50761202672865,4.1665976237020885,5.105916308664663,98.08468163288119,1.9153183671184073,99.99999999999959
2011,5,35-44,13310,821,29665998.35699992,40.39740265379009,39.57305579282798,0.82434686096211085,12.42025093486919,11.820276568415524,4.327965073571262,5.489407484295043,97.95940628157003,2.0405937184299905,100.00000000000001
2011,5,45-54,14559,900,32210833.20969986,40.687208559129566,39.8646033992351,0.8226051598944931,12.533003114495434,11.917430906677325,4.3633568889855745,5.747768725965383,97.97822168434338,2.0217783156566873,100.00000000000007
2011,5,55-64,10241,568,21656367.31559991,39.243533327009175,38.541938677930865,0.7015946490783421,13.439061593076755,13.06076269871186,4.025455330146692,5.0894508849877544,98.21220315909872,1.7877968409013592,100.00000000000009
2011,5,65+,3161,147,6487440.041400004,32.60339233502265,32.098203499182105,0.5051888358405134,15.906857698552738,15.403921585932869,3.5728369424627004,3.8354998152137507,98.45050223409461,1.5494977659052929,99.9999999999999
2011,6,16-24,7258,452,17597161.18979992,31.773356468200703,31.021285212140867,0.7520712560598236,13.033553387739074,12.597101176877075,3.8838300135292054,5.538361186717532,97.63301287727495,2.3669871227250066,99.99999999999996
2011,6,25-34,12152,646,29039680.167299822,39.48334735635316,38.78667861828348,0.6966687380696848,12.023713007783085,11.61178560622908,4.006981546408962,5.071647277157129,98.23553780336313,1.7644621966368963,100.00000000000003
2011,6,35-44,12722,723,28689321.783199906,40.20429510739889,39.485116060458786,0.7191790469401158,12.49274291473503,11.984099557759949,4.092279774306728,5.007810834835827,98.211188518493,1.7888114815070184,100.00000000000003
2011,6,45-54,13996,817,31094157.61180023,40.38504662089443,39.61611879650377,0.7689278243906005,12.899102184343738,12.441897532628987,4.12114977153354,5.358027013948564,98.09600857562752,1.9039914243723377,99.99999999999986
2011,6,55-64,9826,562,20762829.78960002,38.93681200355635,38.19042795120711,0.7463840523492791,13.389310088311388,12.926457998100469,4.132358718845702,5.354301456812239,98.0830889486251,1.9169110513749996,100.0000000000001
2011,6,65+,3011,130,6196536.94879998,32.91402849409253,32.30262758978041,0.6114009043121568,16.453692798840716,15.937043785035714,3.870166722195963,4.003239561865916,98.14243065256551,1.8575693474346118,100.00000000000011
2011,7,16-24,7549,471,17977776.61210012,32.13386010041293,31.445071166809942,0.6887889336029217,12.941665591255733,12.589433026598126,3.5880389503829124,5.449761952435058,97.85650111299844,2.143498887001349,99.99999999999979
2011,7,25-34,11927,610,28519408.15279991,39.31508381352972,38.70946632424091,0.6056174892887577,12.014253706260249,11.792943002859676,3.642098432310608,4.511198969862523,98.45957980870335,1.54042019129651,99.99999999999986
2011,7,35-44,12303,728,27985640.302000064,40.11359335291189,39.34781061240524,0.7657827405066868,12.6484803418683,12.241030635141282,4.226493387853766,5.19707539689937,98.09096449233697,1.9090355076631342,100.0000000000001
2011,7,45-54,13560,780,30203518.814600144,40.336274846660785,39.586716717107414,0.7495581295533144,13.14205806480142,12.711020195371773,4.175015713831885,5.1823393231366515,98.14172693833818,1.8582730616616823,99.99999999999986
2011,7,55-64,9525,588,20140643.477000214,39.08906579736354,38.227123603603744,0.8619421937598215,13.830366269830773,13.31979040970688,4.779591168554441,5.66587136455267,97.79492761932947,2.2050723806706003,100.00000000000007
2011,7,65+,2964,110,6007837.954400008,32.550095879729795,32.051464889390594,0.4986309903392148,16.331751509059323,15.938462616976741,3.6739069306557113,3.1850018035166827,98.46811206891185,1.5318879310881894,100.00000000000004
2011,8,16-24,7235,437,17406792.77990001,32.1236392564968,31.36924352952154,0.7543957269752377,13.076213007334312,12.623967468142698,4.058405044520486,5.43297366297154,97.65158697944634,2.3484130205535974,99.99999999999993
2011,8,25-34,12083,620,29230733.875500035,39.28827488791378,38.659655264394864,0.6286196235189684,12.137128906148748,11.813324837079042,3.657875890351985,4.702999046329906,98.39998160949465,1.6000183905054841,100.00000000000013
2011,8,35-44,12283,694,28193069.20270007,40.06600074455582,39.363159907691546,0.7028408368643406,12.51334144468457,11.975487835137164,4.082110584001837,4.998250334394397,98.24579238305991,1.7542076169402627,100.00000000000017
2011,8,45-54,13738,813,30630782.68860007,40.28522478135539,39.52732981132449,0.7578949700309147,12.83706275861293,12.382528725002514,4.041622521249843,5.306560921164271,98.11867756939596,1.8813224306040857,100.00000000000004
2011,8,55-64,9715,549,20637970.269800056,38.86864628039659,38.162758575813704,0.705887704582934,13.380180079925935,13.050271736094464,3.906678700437059,5.1069231848942405,98.18391487192365,1.8160851280764794,100.00000000000013
2011,8,65+,2936,130,5946858.443599984,32.54920278343183,32.14433221763065,0.40487056580120534,15.719357980571234,15.483880508001025,2.749071506792341,3.779795438748126,98.75612755097256,1.2438724490275144,100.00000000000009
2011,9,16-24,6895,353,16896988.864600074,30.656285043936386,30.03970920427736,0.6165758396590261,13.825316378383683,13.44565557865702,3.528775601493273,4.731224227026923,97.98874573753685,2.011254262463158,100
2011,9,25-34,12542,722,30055126.67109959,39.58885517452651,38.91000837894744,0.6788467955791022,12.132173363270919,11.639197624588082,3.8837919719110485,5.140841284111858,98.28525782676364,1.7147421732364387,100.00000000000009
2011,9,35-44,13034,796,29524156.61170008,40.66637839968656,39.92426450725729,0.7421138924292666,12.011179784057491,11.581184312936296,3.9027736002138784,5.444742357053353,98.17511683697167,1.8248831630283224,99.99999999999999
2011,9,45-54,14541,844,32122028.41140026,40.77435733130615,40.01084608857609,0.7635112427301067,12.662219284705342,12.072693077184594,4.275198296944871,5.268907495266805,98.12747203707893,1.8725279629211722,100.0000000000001
2011,9,55-64,10337,601,21895814.155299846,39.382985968867516,38.69482654134732,0.6881594275202074,13.227561333475204,12.778436231811698,3.9658744771758885,5.037817151151713,98.25264791231373,1.7473520876862958,100.00000000000003
2011,9,65+,3163,148,6445836.401499995,32.34354821346141,31.79746101471079,0.546087198750634,15.796940997879176,15.504415089892023,3.5205936492755874,4.492756538664383,98.31160392438532,1.6883960756147098,100.00000000000003
2011,10,16-24,7035,409,17286827.9533001,30.538329542703803,29.89038834155579,0.6479412011479946,13.873821330566903,13.52179309112761,3.4536319288334165,5.352248955675932,97.87826901192498,2.1217309880749524,99.99999999999994
2011,10,25-34,12554,748,29972523.898100078,39.39680135081808,38.691308111123355,0.7054932396947851,12.143610442784547,11.64311728677438,3.9292405333518463,5.278304544784372,98.20926264187669,1.7907373581234545,100.00000000000014
2011,10,35-44,13158,741,29605479.409000468,40.20713675432395,39.547246305748324,0.6598904485755657,12.148962399829218,11.754131675215456,3.7211642250152024,4.986127262141977,98.35877284023549,1.6412271597643666,99.99999999999986
2011,10,45-54,14515,873,32241779.10719984,40.4657826729654,39.70102881509306,0.7647538578723739,12.520759417589339,12.107487672778207,3.9670381680954643,5.588469675662646,98.11012216406908,1.889877835930985,100.00000000000007
2011,10,55-64,10269,608,21576592.201599807,38.94479651383958,38.281083237025705,0.6637132768138516,13.46668696883242,12.998756935380143,3.7759346661025854,5.1612438785279116,98.29575877594324,1.7042412240567026,99.99999999999994
2011,10,65+,3323,149,6634564.799700005,32.31397642118049,31.78864633637109,0.5253300848094206,16.29518339697024,15.811633039083464,3.505483382516735,4.069954131915475,98.37429452209085,1.6257054779092064,100.00000000000006
2011,11,16-24,6850,402,17024489.90799985,30.292493430928943,29.635606862172175,0.656886568756754,13.962350673166787,13.59104937098089,3.426151450998865,5.580607007517797,97.8315203063275,2.168479693672447,99.99999999999996
2011,11,25-34,12470,735,30194666.397399805,39.27420982389525,38.55053187322967,0.7236779506655424,12.209354298685385,11.64104179047861,3.983046947176417,5.390417383581889,98.15737107401898,1.8426289259809414,99.99999999999993
2011,11,35-44,13116,709,29809090.236299977,39.80841051083313,39.146267419150846,0.6621430916822889,12.141784561859659,11.672588735579973,3.814172063283602,4.874692145855863,98.33667538295182,1.6633246170481961,100.00000000000001
2011,11,45-54,14312,885,32290953.431300014,40.22891229323487,39.46126881999905,0.7676434732358414,12.659199786344097,12.119856117284163,4.100954258078528,5.530056395823508,98.09181151197838,1.9081884880216677,100.00000000000004
2011,11,55-64,10371,610,21833987.760799773,38.740296817365035,38.0186354446181,0.72166137274700215,13.693842382077307,13.129992222604624,4.1053616669315,5.250777794051512,98.13718161182632,1.8628183881738436,100.00000000000017
2011,11,65+,3303,155,6668361.708500001,31.605916371460488,31.12623540784051,0.4796809636200015,15.786945851602898,15.504449561293505,3.205439375678023,4.274297029159122,98.48230642015773,1.517693579842361,100.00000000000009
2011,12,16-24,6714,404,16735337.141700003,30.654056285273555,29.892431008395217,0.7616252768783622,13.88403205458529,13.314576667930204,3.9667969640023153,5.660277944683072,97.51541763416077,2.484582365839306,100.00000000000007
2011,12,25-34,12365,728,30036865.400500257,39.47632785111659,38.78194975252001,0.694378098596554,11.923182152513164,11.466023837512475,3.7891342313585166,5.368347812928391,98.24102661925549,1.7589733807444645,99.99999999999996
2011,12,35-44,12949,714,29775192.790699907,40.36671899695705,39.68617192453201,0.6805470724249734,12.254402608014475,11.830267234794364,3.858640132909624,4.891581839748565,98.31408871135567,1.6859112886441794,99.99999999999984
2011,12,45-54,14327,902,32248009.353199705,40.84908912141259,40.114012105840246,0.7350770155723715,12.428726945925236,11.896373510656739,3.9354822261764717,5.555130596060354,98.200505736156,1.79949426384407,100.00000000000007
2011,12,55-64,10476,607,21854518.283000007,39.15922567102326,38.45936482563928,0.699860845383978,13.3782844042294,12.911847714459638,3.834034625899543,5.228693344336387,98.21278170497162,1.7872182950283808,100
2011,12,65+,3311,160,6734626.765399996,32.34276163591718,31.83941066392032,0.5033509719968368,16.283750640688496,15.953877695852272,3.1733611573285025,4.338955254376956,98.44369822941192,1.556301770588004,99.99999999999993
2012,1,16-24,6410,366,16233589.979100013,30.127835480887054,29.50171235161088,0.6261231292761467,13.654168266982056,13.32326956236838,3.2943065873327484,5.213345308644539,97.92177858355147,2.0782214164484403,99.99999999999991
2012,1,25-34,12231,684,29238071.75129989,39.04853919158828,38.39519384192614,0.6533453496621489,11.903910634132133,11.466422329293126,3.754470102208534,4.879255339526884,98.32683792226756,1.673162077732451,100.00000000000001
2012,1,35-44,12920,725,29716467.920299973,40.03361177447415,39.359323773647766,0.6742880008263691,11.941034892143524,11.49304741352741,3.8123035929714137,5.0654125393944405,98.31569530966897,1.6843046903309937,99.99999999999996
2012,1,45-54,14071,867,32006827.198600058,40.287133735320715,39.55253517065809,0.7345985646627413,12.206519538039489,11.704327343146131,4.011584661013776,5.5916561872720765,98.17659263255409,1.8234073674462,100.00000000000028
2012,1,55-64,10409,575,21954763.501900017,38.738461883955004,38.053267322159854,0.6851945617951256,13.01599002876858,12.591633149281737,3.898152959330127,4.950893792164656,98.23122930423071,1.7687706957692215,99.99999999999993
2012,1,65+,3234,144,6764605.4808000205,32.078150647336386,31.646785736539698,0.4313649107966751,16.084835132858043,15.835654905497972,2.9252138607477107,3.9358432765322555,98.65526876677191,1.34473123322804,99.99999999999996
2012,2,16-24,6603,401,16777700.239399977,29.933508794686823,29.260295115271102,0.6732136794156921,13.819340352787671,13.366319713219793,3.4075675249175577,5.619201986849404,97.75096971079041,2.2490302892094864,99.9999999999999
2012,2,25-34,12280,681,29434731.119299863,39.33893320888102,38.66438264198349,0.6745505668975273,11.86778450436649,11.483849179330694,3.725513968076661,5.048456374468649,98.28528505509841,1.7147149449015642,99.99999999999997
2012,2,35-44,12939,743,29812118.98290002,40.13861034863614,39.46375972512827,0.6748506235078392,12.092065370649735,11.624636441165517,3.8553746696774027,5.142039645284142,98.31869958215731,1.6813004178426165,99.99999999999993
2012,2,45-54,14148,899,31784393.8322995,40.538969948988395,39.78608667347722,0.7528832755112129,12.337970978833383,11.82312494263782,4.089106729961692,5.726719244682578,98.14281597075961,1.8571840292404873,100.0000000000001
2012,2,55-64,10369,602,22296217.51550017,39.06832975854891,38.37385892168007,0.6944708368688809,12.897994429049874,12.523755318525355,3.7039909231956183,5.579702065765801,98.22241994689604,1.7775800531040546,100.0000000000001
2012,2,65+,3285,153,6997130.623599994,32.103017395626225,31.69360741936569,0.40940997626054393,15.726812791304624,15.510474559942276,2.74698459372791,4.067218155684229,98.72469939129051,1.2753006087095187,100.00000000000003
2012,3,16-24,6417,376,16824206.001699965,30.424031818974388,29.726447058813093,0.6975847601612897,13.66488938872812,13.26835983536473,3.620567150068548,5.34203664178379,97.7071258526418,2.2928741473581775,99.99999999999997
2012,3,25-34,12169,727,29444666.283300065,39.242152600725824,38.5231466880044,0.7190059127213596,11.92995882006352,11.534732360564382,3.8881675207010216,5.332749923508444,98.16777147768362,1.832228522316232,99.99999999999984
2012,3,35-44,12858,694,29801986.570700034,39.960870350598036,39.32486290010364,0.6360074504944242,12.14420398326084,11.740313583778173,3.7467181243654895,4.833850495779755,98.40842442891167,1.591575571088396,100.00000000000007
2012,3,45-54,14039,865,31626573.44939998,40.352472388393245,39.645473071585315,0.7069993168078788,12.525493382296037,12.086336157314697,3.8819437990413044,5.3900014724242595,98.24794052269449,1.7520594773053755,99.99999999999987
2012,3,55-64,10322,607,22350571.439100105,39.320861316867735,38.60723148559651,0.7136298312712036,13.273659076117756,12.920200576867156,3.9331508813821348,5.51155777675096,98.1851113953979,1.8148886046020385,99.99999999999993
2012,3,65+,3223,154,6930176.526800059,32.3662327139263,31.83521820718627,0.5310145067400204,16.207581085114413,15.80116887158179,3.4234139411260456,4.402792474622385,98.35935645821532,1.6406435417846434,99.99999999999996
2012,4,16-24,6492,342,16984870.724800024,30.21979989992803,29.599712751097275,0.6200871488307427,13.783022236596471,13.424961530369087,3.287636990670958,4.949853538022135,97.9480765892423,2.0519234107576585,99.99999999999996
2012,4,25-34,12443,692,29732382.160400026,39.4400111926858,38.75735314874227,0.6826580439435229,12.0203814012638,11.583714845568842,3.803468339925637,4.957403858016901,98.26912309783995,1.730876902160014,99.99999999999997
2012,4,35-44,13123,726,29790908.41730024,40.00846993430211,39.34109071008033,0.6673792242217818,12.214912832448915,11.735894954778972,3.706614966958974,5.037312247680684,98.33190515578904,1.6680948442109502,100
2012,4,45-54,14082,902,31680025.698400013,40.61185743047481,39.81553949167102,0.7963179388037576,12.4208878090839,11.926591369246966,4.285174840536969,5.518445982473728,98.0391984282742,1.9608015717257172,99.99999999999991
2012,4,55-64,10340,604,22030336.190500006,39.46819358087014,38.74326057868619,0.7249330021839099,13.275452629084985,12.793112140309946,4.087811146188095,5.268477279073508,98.16324757630834,1.836752423691562,99.9999999999999
2012,4,65+,3288,145,6969992.765299978,32.0069366233695,31.50568227372462,0.5012543496448858,15.81774395327891,15.507258925957984,3.3253118495180836,3.760595346740208,98.43391963578641,1.5660803642136143,100.00000000000003
2012,5,16-24,6716,381,17237584.299199857,30.40326232727566,29.790277945549388,0.6129843817262999,13.805934972305334,13.359375664714944,3.2060540782436444,5.057716201802527,97.98382037056483,2.0161796294352716,100.0000000000001
2012,5,25-34,12474,686,29908273.685999855,39.569957735798305,38.84931916524824,0.7206385705500964,12.094170236421816,11.580093714243109,3.922119980551082,5.250586558377952,98.1788240074411,1.8211759925589868,100.00000000000009
2012,5,35-44,13043,721,30074966.129699837,40.470137893027776,39.76177987589062,0.708358017137113,12.150660913221445,11.600727640224418,3.9294910749948304,5.055886911534743,98.24967728301417,1.7503227169857247,99.99999999999989
2012,5,45-54,14252,896,32277274.670100115,40.958597110110304,40.15074880286292,0.8078483072474065,12.331643394671724,11.82427310762123,4.280050642951285,5.588686992123941,98.0276465400521,1.972353459947962,100.00000000000007
2012,5,55-64,10435,629,22512456.59669983,39.45781524446852,38.75217534246299,0.7056399020055739,12.939617640301218,12.624159825530132,3.9553116226529585,5.464174275766623,98.21165997753906,1.788340022461065,100.00000000000013
2012,5,65+,3388,161,7153118.502399994,32.3616585201171,31.795178894392954,0.5664796257241443,16.183777239826135,15.523170122175651,4.155713264899378,4.064418967789423,98.24953462946898,1.7504653705309987,99.99999999999999
2012,6,16-24,7320,400,18288107.030300017,31.755954899323125,31.142376119310043,0.6135787800130734,12.968354740130348,12.702578602202982,3.2313218284133125,4.696650348649614,98.0678307991105,1.932169200889474,99.99999999999997
2012,6,25-34,12294,640,29331962.953700062,39.531832555084094,38.79816169562035,0.73367085946375,11.888925998624153,11.438798938746492,4.100528931869542,4.771020403608784,98.14410106477752,1.8558989352225068,100.00000000000003
2012,6,35-44,12470,707,28881519.9869003,40.40682897262057,39.691395391958224,0.7154335806623743,12.435860054364047,11.979499209641933,4.012125706497914,5.101174448811001,98.22942408782653,1.7705759121735285,100.00000000000006
2012,6,45-54,13800,838,31171404.02340043,40.6952885665593,39.961396938725485,0.7338916278338513,12.564186563939312,12.23249289665174,3.970986751888423,5.328846065621648,98.19661770764078,1.8033822923593053,100.00000000000009
2012,6,55-64,10110,573,21813888.872699894,39.07452285351288,38.39879876550094,0.6757240880119885,13.436580609368946,13.069571460350787,3.8608968576794886,5.044250458143145,98.27067859396473,1.7293214060353892,100.00000000000013
2012,6,65+,3209,133,6679053.171000012,32.31619247232064,31.77958455420111,0.5366079181195358,15.74846739625763,15.496730030846685,3.5072521116252267,3.9259033052545744,98.33950760573313,1.6604923942668974,100.00000000000003
2012,7,16-24,7612,467,18968421.768699948,31.989786784374445,31.240880412620264,0.7489063717541754,12.92688204380138,12.665806390943153,3.8984169235608777,5.262193397381488,97.65892040230794,2.341079597692042,99.99999999999999
2012,7,25-34,12058,646,28893262.132099923,39.42188673615589,38.71165195272853,0.7102347834272938,12.200641922952384,11.797305881820746,4.024354482005663,4.827527096881061,98.19837445076934,1.8016255492304993,99.99999999999983
2012,7,35-44,12070,691,28230436.873200152,40.287279793692996,39.57084638190612,0.7164334117868475,12.527366157063076,11.970031568445952,4.0953173359885575,4.9388024055822894,98.22168829601885,1.7783117039810807,99.99999999999993
2012,7,45-54,13507,835,30428360.423499994,40.55671284480097,39.76609855054473,0.7906142942562417,12.835821254705232,12.356146162857927,4.250159443063725,5.488145385941613,98.0505957243584,1.949404275641614,100.00000000000001
2012,7,55-64,9712,565,21024056.897400185,38.98919684638817,38.3006363099395,0.6885605364486109,13.81044324811002,13.400766043904863,3.9552259306990925,4.97630748815837,98.23397096595373,1.7660290340461242,99.99999999999986
2012,7,65+,3162,139,6509179.771199971,32.66959886220766,32.210331814779195,0.4592670474284491,15.698889174977557,15.440230786529328,3.1847949137271656,3.8668600860227706,98.59420665259609,1.4057933474038806,99.99999999999997
2012,8,16-24,7164,402,17669951.921600025,32.217312715146996,31.525150291906407,0.6921624232406244,13.44230314951522,13.009613236103604,3.8004521462288805,5.263601213102683,97.8515823794479,2.148417620552206,100.00000000000011
2012,8,25-34,12148,621,29174818.505599968,39.539429686806315,38.894184474912926,0.645245211893491,12.002352596078925,11.648195505273906,3.734201131823964,4.580775652960711,98.36809681625556,1.6319031837447042,100.00000000000026
2012,8,35-44,12290,694,28978110.65840035,40.39158482014075,39.67608110106064,0.7155037190800955,12.425603874836948,11.968220345068104,4.051620067524096,4.983886327252105,98.22858221021491,1.7714177897850611,99.99999999999997
2012,8,45-54,13697,780,31000910.625599522,40.618008707653644,39.881251115802755,0.7367575918508456,12.59754638641054,12.113064632523274,4.133530544790158,4.973552957914702,98.18613069598348,1.8138693040164189,99.9999999999999
2012,8,55-64,9912,587,21583418.00169988,39.297116960520086,38.57322678679182,0.7238901737282512,13.819903989209124,13.322317658688927,4.09907576420674,5.082556483934115,98.15790513473158,1.8420948652683824,99.99999999999996
2012,8,65+,3239,144,6722110.274100011,32.982906757890674,32.40554019664073,0.5773665612499373,16.021522388739996,15.62595745925359,4.106576337764144,3.9990998992647624,98.24949763982879,1.7505023601711844,99.99999999999997
2012,9,16-24,6858,390,17420135.883899957,30.970836282823395,30.3544483838906,0.6163878989327444,13.811164467144888,13.440912141952365,3.376351915626909,4.916616688917898,98.00977960910068,1.9902203908991525,99.99999999999983
2012,9,25-34,12532,664,30056661.577200014,39.53725954998105,38.87891933582336,0.65834021415772,11.87720688181097,11.445546696180324,3.8147924107903854,4.703748467436094,98.33488658128809,1.6651134187119843,100.00000000000007
2012,9,35-44,13001,768,30210755.92629978,40.748081441584674,40.013152255788576,0.7349291857960926,11.898457157416997,11.286931627846156,3.9851927532990112,5.290766939428162,98.19640788033254,1.8035921196674418,99.99999999999999
2012,9,45-54,14365,807,32355436.575399976,40.835989723114054,40.160443461048764,0.6755462620652266,12.285297550775502,11.794979662697441,3.839741387914508,4.914649227477913,98.34570860986646,1.6542913901333773,99.99999999999984
2012,9,55-64,10262,588,22621265.046799947,39.70111539623416,39.028865764560685,0.6722496316735052,13.343100732922489,12.887343043679579,3.8521211939824145,5.004765979965197,98.30672356440333,1.693276435596747,100.00000000000007
2012,9,65+,3387,186,7095509.033500004,32.561060447897944,31.92041772994234,0.6406427179556063,15.730582587467417,15.427143540789586,3.8195870036271926,4.974591676700172,98.032488164871907,1.9675118351280985,100
2012,10,16-24,6950,373,17728364.60449993,30.751627829112874,30.155567566756908,0.5960602623559406,13.978959354466772,13.604151357660529,3.302753704105347,4.725043173961888,98.06169525181471,1.9383047481852143,99.99999999999993
2012,10,25-34,12539,714,30367881.205299947,39.52635613000604,38.87591868169129,0.6504374483147249,11.826834959902508,11.435876386646614,3.585073823274264,4.941355341702638,98.35442091809475,1.6455790819051792,99.99999999999993
2012,10,35-44,13045,720,30231899.64649982,40.54222568984365,39.85423219301721,0.6879934968263921,12.184657104330798,11.668914120234337,3.954128439557158,4.953172376891543,98.30301991289346,1.6969800871064251,99.99999999999989
2012,10,45-54,14164,857,32133595.839800026,40.51190721047927,39.75152600806692,0.7603812024123612,12.29177358988522,11.828670913311543,4.087600041551508,5.461143361448713,98.12306737754457,1.8769326224554352,100.00000000000001
2012,10,55-64,10531,631,22857893.012700003,39.228213971843395,38.524678601979424,0.7035353698639277,13.474824564569847,13.132485008647093,3.8284992974262857,5.433157857594257,98.2065577332454,1.7934422667544847,99.99999999999989
2012,10,65+,3489,183,7206596.875099988,31.800202263085573,31.242397419333386,0.5578048437521667,16.00769899430052,15.734566407906222,3.3141561207436836,4.933026622153993,98.24590787461847,1.7540921253814783,99.99999999999994
2012,11,16-24,6938,403,17552580.123800028,30.432975538764065,29.775995475954705,0.6569800628093336,13.907122011010422,13.496068388409167,3.5135774467187337,5.164632387980477,97.8412230444817,2.1587769555182135,99.99999999999991
2012,11,25-34,12721,760,30305852.20010004,39.32361684550044,38.614215818680705,0.7094010268197978,11.733452077075981,11.316853044581459,3.810143064738333,5.3799655952081045,98.19599242458567,1.8040075754144935,100.00000000000016
2012,11,35-44,12963,733,29835058.27949999,40.48915235477613,39.74718139925065,0.7419709555255146,12.104840792375018,11.587004739141644,4.1372611579931755,5.239905654798661,98.16748212206532,1.832517877934758,100.00000000000009
2012,11,45-54,14115,885,31873033.50170006,40.65507575348568,39.87795335934082,0.7771223941448433,12.302924491767923,11.748851767094342,4.167306131060556,5.5384531786277655,98.08849847222771,1.9115015277722474,99.99999999999996
2012,11,55-64,10602,620,22994248.6945001,39.61445012609935,38.90771763624475,0.7067324898546025,13.309626048383878,12.9354163834191,3.999940698608214,5.386242233677497,98.21597299065125,1.7840270093487502,100
2012,11,65+,3546,164,7295022.283599992,31.933176078406817,31.447190092432493,0.48598598597432346,16.23948782352193,15.82803071455462,3.196674015328379,4.106987445035587,98.47811572271715,1.5218842772828562,100
2012,12,16-24,6822,424,17216435.281199973,30.847739198394798,30.134919548452476,0.7128196499423455,13.79885468379065,13.398342333354034,3.5781140783656884,5.5707601413127845,97.6892321172781,2.310767882721979,100.00000000000007
2012,12,25-34,12688,781,30337847.406800214,39.729909972868775,38.98667017471668,0.7432397981521204,11.647656007977083,11.17858772453271,3.9943216974281035,5.337622457475439,98.12926885900409,1.8707311409959717,100.00000000000006
2012,12,35-44,12897,724,29900595.30799997,40.50099305281706,39.808065462804954,0.6929275900121165,11.909366325790666,11.54229568913986,3.893470586572482,5.034656593934866,98.2891096297109,1.7108903702891298,100.00000000000003
2012,12,45-54,14047,809,31920428.5250998,40.764746303982214,40.05151469926251,0.7132316047197815,12.322486142150046,11.81134574667173,4.00442617948989,5.161042810263616,98.25037153573545,1.7496284642647404,100.0000000000002
2012,12,55-64,10584,617,23091077.312099956,39.48708193808722,38.763421984844484,0.7236599532427935,13.118330813299336,12.674449849625642,3.984168174729017,5.326261860270696,98.16735013648925,1.832649863510902,100.00000000000016
2012,12,65+,3451,172,7140052.570599991,32.41803532224547,31.838863384516653,0.5791719377288144,16.139469928234593,15.722573676629521,3.5225236428676507,4.6642403890874276,98.21342677934777,1.7865732206522174,99.99999999999999
2013,1,16-24,6599,381,16583507.849599982,30.607493501602036,29.948057045836528,0.6594364557655268,13.563743068446405,13.239565919976874,3.4711854892454705,5.461938572434474,97.8455065073166,2.1544934926834536,100.00000000000006
2013,1,25-34,12351,681,29780018.74020027,39.26745479761001,38.65040949628547,0.6170453013246298,11.36090118545147,11.031272927066887,3.441373415024037,4.7421774933057135,98.4286088708706,1.571391129129627,100.00000000000023
2013,1,35-44,12822,683,29496020.323300056,40.08814126471972,39.45249645831209,0.6356448064076439,11.772491902105186,11.311310284391109,3.7057165933201213,4.88718191674585,98.41438194350249,1.5856180564975568,100.00000000000004
2013,1,45-54,13830,825,31389486.57959984,40.35684190756981,39.64813365871107,0.7087082488586407,12.165276223026524,11.683474755242147,3.9360433258078666,5.386730756529487,98.24389566834314,1.756104331656603,99.99999999999974
2013,1,55-64,10587,604,22698428.142700117,39.09675720670117,38.47706867889335,0.6196885278077569,12.927447540214434,12.515140921601978,3.565693635534767,5.045039937130106,98.41498740028085,1.5850125997189928,99.99999999999984
2013,1,65+,3347,137,7080768.522500025,31.801006154399285,31.441890508771284,0.35911564562799775,15.908080298584647,15.647406822219931,2.6300972684409674,3.288294686659122,98.87074124672523,1.1292587532747558,99.99999999999999
2013,2,16-24,6632,422,16915075.777599983,30.434639661794165,29.736351034447818,0.698288627346362,13.751815796744753,13.371424300227634,3.4207906161824555,6.066360891855214,97.70561230523475,2.2943876947652906,100.00000000000004
2013,2,25-34,12273,737,30042989.2349998,39.234027471997166,38.52449507288534,0.7095323991118195,11.807703159048394,11.303038711213368,3.7845585726765796,5.404466093568498,98.19153820081752,1.8084617991824574,99.99999999999997
2013,2,35-44,12618,756,29482199.58310016,40.2391441241289,39.53208689868201,0.7070572254469502,12.279161603799533,11.752826848260606,3.895606933522342,5.420656283108822,98.24286216608938,1.757137833910767,100.00000000000014
2013,2,45-54,13961,877,31774568.679800022,40.60129327799017,39.81689473955329,0.7843985384369618,12.298890941126315,11.750088432880906,4.199482753581691,5.6272659610851266,98.06804543622235,1.931954563777853,100.0000000000002
2013,2,55-64,10549,601,22964558.25390003,39.169468281861576,38.54611732208127,0.6233509597803358,13.014741474304987,12.667543296527322,3.535331626928286,5.227492945117405,98.40857946987,1.5914205301300821,100.00000000000009
2013,2,65+,3403,158,7320469.729400002,32.24834628889982,31.717571802899936,0.5307744859998844,15.90267383082648,15.435489010805544,3.750440791405442,3.9324169970113996,98.35410324224105,1.6458967577589614,100.00000000000001
2013,3,16-24,6384,367,16510124.085999912,30.66693588970906,29.966395185959442,0.700540703749624,13.756292818982262,13.338678657479983,3.7433660155544906,5.3520424280111305,97.71564819429939,2.2843518057006316,100.00000000000003
2013,3,25-34,12046,702,30042441.3618,39.61295151245624,38.87277679389706,0.7401747185591478,11.839148755960158,11.370159009723647,3.9453933765250864,5.425037264023302,98.13148303698998,1.8685169630099407,99.99999999999991
2013,3,35-44,12505,747,29679967.581799883,40.414200071038415,39.67334718031691,0.7408528907216051,12.203275490900047,11.6625914489174,4.076361013923844,5.33947982534789,98.16685004424369,1.8331499557565518,100.00000000000024
2013,3,45-54,13785,831,31545291.692899723,40.73796470447105,39.97319600921039,0.7647686952607915,12.521273834645703,12.001063043657451,4.127981451471561,5.459894634252718,98.12271255864503,1.8772874413553045,100.00000000000034
2013,3,55-64,10593,586,23039124.408800114,39.37611081615498,38.75304575025715,0.6230650658979455,13.089292351879863,12.694282408497301,3.559349248039202,4.95635083624895,98.4176571708494,1.5823428291509134,100.00000000000031
2013,3,65+,3358,169,7214736.829799998,31.782171270862154,31.276862385575892,0.5053088852862655,15.869054090659146,15.55890812859553,3.0366858790158346,4.480866195488962,98.41008696045405,1.5899130395459542,100
2013,4,16-24,6665,384,17056395.22480009,30.778869644066468,30.078261476490432,0.7006081675760453,13.75067141436472,13.130323208834758,3.7805200974394393,5.286264259337768,97.72373652548642,2.27626347451362,100.00000000000004
2013,4,25-34,12277,659,30351921.800100032,39.59780553396249,38.909876796572654,0.6879287373899063,11.657430623026167,11.22309073502666,3.829185228953972,4.932517452634798,98.26270994537863,1.7372900546215353,100.00000000000017
2013,4,35-44,12839,738,29998717.344999764,40.46023504858999,39.73056337900617,0.7296716695838511,12.143707809881858,11.49305542193309,3.979500080851354,5.23550004501038,98.19657085850456,1.8034291414955077,100.00000000000007
2013,4,45-54,14168,823,31977343.144099865,40.812863501885516,40.091598991273635,0.7212645106119632,12.3725619308118,11.906945679346437,4.013187137434471,5.204701118851656,98.2327520082521,1.7672479917480954,100.0000000000002
2013,4,55-64,10736,610,23084935.776400268,39.520198319956855,38.85401560942825,0.6661827105285583,12.957557575971476,12.624345904442587,3.7627362915166405,5.062693985896998,98.31432346281473,1.6856765371851647,99.99999999999989
2013,4,65+,3525,168,7464456.903100004,32.35803551210669,31.845434632555662,0.512600879551054,16.060126183887668,15.706348322046486,3.2575293348040506,4.160026822193041,98.41584672419549,1.5841532758046004,100.00000000000009
2013,5,16-24,6790,413,17193603.187000018,31.300567160285855,30.59671282965607,0.7038543306297833,13.610000117430069,13.078424414832117,3.66541619505489,5.416731220156193,97.7513048660574,2.2486951339426,100
2013,5,25-34,12410,675,30589131.378199875,39.744126700849186,39.0455895934266,0.6985371074226785,11.674176818522792,11.329425780552873,3.734366320265867,5.0557266516634565,98.24241424983263,1.7575857501675922,100.00000000000023
2013,5,35-44,13009,766,30193553.41180004,40.7519149067606,40.00766710011075,0.7442478066499406,11.892840638542738,11.327497712630283,4.034325493996551,5.37440772196696,98.17371083456406,1.8262891654361806,100.00000000000024
2013,5,45-54,14267,866,31982421.35809986,41.04419809651301,40.27622424405866,0.7679738524544054,12.17514901504393,11.613276887483021,4.181268565261132,5.304599968227031,98.12891008213025,1.8710899178699028,100.00000000000016
2013,5,55-64,10661,603,23071952.118499696,39.53359245006578,38.868932678012726,0.6646597720530112,12.876848337112337,12.540643435913022,3.7469025867195493,4.954737073086192,98.31874684069611,1.681253159303779,99.99999999999989
2013,5,65+,3631,165,7635986.760400004,32.83711708816072,32.33691774529281,0.5001993428678914,16.261550094082516,16.02458646713452,3.4283318349993372,4.1668002549461285,98.47672576881527,1.523274231184674,99.99999999999994
2013,6,16-24,7296,488,18658450.060300075,32.40526313288955,31.59106430845857,0.8141988244309556,13.096448006617505,12.568955076700378,3.9372694548519114,6.021397212893316,97.48744881011439,2.512551189885537,99.99999999999993
2013,6,25-34,12168,628,29906410.8068002,39.647691131417204,38.94102147470294,0.7066696567143556,12.161034150545325,11.67162863336065,4.234540615462417,4.772525653848966,98.21762721473007,1.7823727852701712,100.00000000000024
2013,6,35-44,12266,689,29125077.127599787,40.43963879594239,39.75482509580977,0.6848137001326356,12.27610498840979,11.784470994151986,3.968514083542173,4.882129452466048,98.30657809880998,1.6934219011900475,100.00000000000003
2013,6,45-54,13684,848,31147018.402500167,40.65255302213993,39.824631894545476,0.8279211275943543,12.610533759263157,12.04683682767841,4.464036917481732,5.418608771761356,97.96342156630716,2.036578433692608,99.99999999999977
2013,6,55-64,10329,583,22442837.636999868,39.34357042925314,38.68485712290959,0.6587133063435656,13.219051551394182,12.912611377053004,3.8623652915267894,4.884688590771931,98.32574090465928,1.674259095340753,100.00000000000004
2013,6,65+,3432,159,7300811.631400023,32.95990769846164,32.505700840180566,0.45420685828105684,15.610593797164162,15.306785818461666,3.0165411009456857,4.081276470940274,98.62194135239561,1.3780586476043326,99.99999999999994
2013,7,16-24,7472,453,19108791.37730013,32.56172798716341,31.723837276962804,0.8378907102005418,12.957028554162804,12.387096987713363,4.168321985871664,5.690762964170489,97.4267621468648,2.573237853134999,99.9999999999998
2013,7,25-34,11904,664,29435949.93749958,39.52819730894448,38.79323684979036,0.734960459154039,12.202549275452066,11.873404657520904,4.2934695547305575,4.984452887422708,98.14066790496462,1.859332095035185,99.9999999999998
2013,7,35-44,11869,681,28411364.26759975,40.27451969530395,39.579493513178065,0.6950261821259683,12.651348885152661,12.188131631080704,4.018377780717171,4.890699204770679,98.27427816052409,1.7257218394761118,100.0000000000002
2013,7,45-54,13168,790,30269658.942899834,40.269361399455846,39.49286702772415,0.7764943717317053,12.67385930802887,12.16795295043433,4.279923497327759,5.275890682523183,98.07174898049864,1.9282510195013867,100.00000000000003
2013,7,55-64,9965,566,21867118.309100088,39.08605904657384,38.36989108301632,0.7161679635575398,13.384675722718725,12.929869522688385,4.19617406016267,4.989501113852533,98.16771508556502,1.8322849144350275,100.00000000000004
2013,7,65+,3256,130,6960025.164899991,32.832137393900304,32.31141678210175,0.5207206117985461,15.885039275507477,15.457106821281265,3.6929139402281193,3.7092323401636653,98.41399112841403,1.5860088715859475,99.99999999999997
2013,8,16-24,7001,395,18057538.448799964,32.52009723584577,31.78440796683121,0.7356892690145628,13.295099472513279,12.77606869380105,3.8887695230774306,5.217707903939779,97.7377396393402,2.262260360659802,100
2013,8,25-34,12271,642,29855115.260799807,39.73078542797498,39.07359144213357,0.6571939858414192,12.053663599593511,11.56095539999207,4.061989404940883,4.616695386233369,98.34588222014189,1.654117779858135,100.00000000000003
2013,8,35-44,12095,669,29057928.776500028,40.558918292849214,39.90691378342177,0.6520045094274611,12.144099847609787,11.750735600692085,3.743244464582384,4.640484778428233,98.392450940827,1.607549059173044,100.00000000000004
2013,8,45-54,13248,788,30683719.925300047,40.577591421269794,39.85257733442304,0.7250140868466575,12.374650292085008,11.970430849307624,3.778586986485792,5.388574391974845,98.2132648551764,1.7867351448233633,99.99999999999977
2013,8,55-64,10193,582,22461516.90870019,39.422579879750536,38.6869399444887,0.7356399352618876,13.484772932280945,12.949668911311779,4.089323687226966,5.271581719582629,98.13396297881636,1.8660370211837662,100.00000000000013
2013,8,65+,3468,149,7306346.386600007,32.61658214066644,32.08421451824794,0.5323676224184665,16.004390254249632,15.472091389331345,3.742224209873051,4.034728893235248,98.36780070909165,1.632199290908256,99.99999999999991
2013,9,16-24,6613,371,17763984.275300026,31.484366201509292,30.757811442077088,0.7265547594323127,13.838674633829157,13.294271093508266,3.822746435824978,5.222037321828991,97.69233163284267,2.307668367157676,100.00000000000034
2013,9,25-34,12734,712,30917156.15040019,39.82233560757411,39.15480889045937,0.6675267171147268,11.813225431794848,11.400095804729203,3.660045072418883,5.005931570714554,98.323737905047,1.676262094952976,99.99999999999997
2013,9,35-44,12660,702,30261079.779599868,40.6779591471401,40.03066255134888,0.6472965957911692,11.68454769761934,11.34731944901243,3.6943161894771497,4.814832033793566,98.40872892995978,1.5912710700400954,99.99999999999987
2013,9,45-54,13881,813,31816222.030200295,40.99026630665563,40.26257482377855,0.7276914828769887,12.124599182524847,11.681124941130394,3.992616941766062,5.178868398127112,98.22472126081571,1.77527873918407,99.99999999999979
2013,9,55-64,10558,618,23211887.020099953,39.82235579148169,39.1186588226805,0.7036969688011891,12.839628623119603,12.411099941515667,3.913295737148891,5.289575681790955,98.23290974425045,1.767090255749549,100
2013,9,65+,3579,143,7466294.4277000055,33.09315356501609,32.67682761101037,0.41632595400574735,16.15202355173162,15.863933371818733,2.7916577375681286,3.527361889492605,98.74195744691484,1.2580425530852395,100.00000000000009
2013,10,16-24,6623,397,17791642.58229999,31.10157792992644,30.37504841422227,0.7265295157041641,13.854330742902766,13.391888244958798,3.6834336027935697,5.52183575887122,97.66401075424186,2.3359892457581255,99.99999999999999
2013,10,25-34,12668,721,30710870.16410007,39.78443323784283,39.06890061366837,0.7155326241744712,11.671246884917867,11.291164791331369,3.9108631262848568,5.212546004220026,98.20147588908254,1.7985241109174799,100.00000000000003
2013,10,35-44,12699,687,30039504.656000186,40.66226042603241,40.03210296590867,0.6301574601237282,11.87687170771026,11.490851818308583,3.6953412939047463,4.73535115238949,98.45026456099251,1.5497354390074556,99.99999999999996
2013,10,45-54,13796,780,31581153.956199963,40.82021343274606,40.091030559664766,0.7291828730811494,11.788036010324328,11.347095760716474,3.9133003969844893,5.062143357450523,98.21367207135584,1.7863279286437965,99.99999999999964
2013,10,55-64,10539,612,23297359.192399967,39.874919350355086,39.099380765656,0.775538584699081,13.161812971447285,12.630465392393738,4.143894256528926,5.320621191711587,98.05507171592015,1.9449282840798392,99.99999999999999
2013,10,65+,3572,148,7384947.6006999705,33.36496752696598,32.92393493662084,0.44103259034516235,15.880530914603321,15.517522098602308,3.0892498744932104,3.9916653568680642,98.67815669237895,1.321843307621128,100.00000000000007
2013,11,16-24,6647,413,17702894.049000055,30.926997109397853,30.141590332284753,0.7854067771131107,13.9583762065509,13.495748976763846,3.9921225087241785,5.638154949339366,97.4604492821114,2.5395507178886354,100.00000000000003
2013,11,25-34,12691,655,30783349.98289994,39.61908886879386,38.97488106360965,0.6442078051841665,11.41821278181597,10.984568989740183,3.658528294880519,4.701063675018749,98.37399641542079,1.6260035845790979,99.99999999999989
2013,11,35-44,12718,744,30199243.510399878,40.54652260808842,39.80674463819638,0.7397779698920741,11.83493697778953,11.284776121508736,4.061223110358746,5.3692439035487896,98.17548356232042,1.8245164376796632,100.00000000000009
2013,11,45-54,13780,790,31777798.114599913,40.94887285130847,40.241349456046166,0.7075233952622494,11.694856436288285,11.25676467337732,3.8645174899801327,5.169909393895978,98.27217858271354,1.7278214172863158,99.99999999999986
2013,11,55-64,10486,567,23363840.8645001,39.522074084271566,38.890154228151744,0.6319198561197656,13.012624513519345,12.525423630248396,3.704223610953616,4.927450694758152,98.40109642329904,1.5989035767008193,99.99999999999986
2013,11,65+,3653,162,7531086.251699998,32.82779261941038,32.41298319699871,0.41480942241165075,15.568614962989045,15.33745049842299,2.5730609105800517,4.21068101601437,98.73640781388876,1.2635921861111754,99.99999999999994
2013,12,16-24,6680,407,17627391.246500093,30.60623415340701,29.848295331276834,0.7579388221301727,13.934438350469572,13.454985761881462,3.972440054226512,5.577860633774832,97.52358026691174,2.4764197330882696,100
2013,12,25-34,12505,704,30740515.0288997,39.30069838184957,38.58779626365482,0.7129021181947455,11.752386438190774,11.219719330877675,4.009666771567773,5.004975725857478,98.18603193442488,1.8139680655751107,99.99999999999999
2013,12,35-44,12609,725,30014355.20569957,40.35078073071563,39.639744806350805,0.7110359243648647,11.908727989474157,11.37860650020404,3.928235861588194,5.169423458097027,98.23786327925107,1.7621367207490324,100.0000000000001
2013,12,45-54,13879,773,31589407.70369988,40.607704660843055,39.90214595346693,0.7055587073761289,11.994112172057905,11.504562308435379,3.9367838388062877,4.980957209006844,98.26250039673758,1.737499603262434,100.00000000000001
2013,12,55-64,10442,536,23099123.720700067,39.45776150638241,38.81048037676096,0.6472811296214339,12.992785860467658,12.608922019945444,3.7187199594179754,4.681966767556768,98.35955942529392,1.6404405747060289,99.99999999999996
2013,12,65+,3575,144,7432567.742700014,32.515532656579325,32.10530817853209,0.4102244780472578,15.270547584211723,15.076416402029627,2.721618357290136,3.533073103274624,98.73837380312997,1.2616261968701021,100.00000000000007
2014,1,16-24,6604,381,17024768.58080003,30.528335754710053,29.905876235815246,0.6224595188947948,13.98330591519565,13.629145189132956,3.387093313423776,5.135950365199688,97.9610433929443,2.038956607055656,99.99999999999996
2014,1,25-34,12437,665,30519791.78520009,39.14419965910545,38.488251241590156,0.6559484175153512,11.624653732839866,11.27863215376286,3.624218683903218,4.829398467963159,98.32427684503006,1.6757231549700848,100.00000000000014
2014,1,35-44,12610,666,30146365.593399946,40.287972954089824,39.6575758399064,0.6303971141834972,11.62291737796832,11.272523992977167,3.613125694400282,4.742612391103665,98.43527219673774,1.5647278032624439,100.00000000000018
2014,1,45-54,13682,784,31499107.637999948,40.63276594382486,39.9208912255027,0.7118747183221402,11.905420421414531,11.37420316261056,3.9349921462810524,5.1909299434484595,98.24802791100579,1.7519720889941703,99.99999999999996
2014,1,55-64,10540,566,23065596.320199918,39.26254386331663,38.596176278757824,0.6663675845588016,12.798244197181193,12.417385106869947,3.8767882963763145,4.747465285521426,98.30279060144802,1.6972093985519754,100
2014,1,65+,3602,149,7527464.9378999835,32.175424051482786,31.756419563608016,0.4190044878747609,15.455190156186097,15.235488948970806,2.7115323284794948,3.8960133314392715,98.6977499124663,1.3022500875336602,99.99999999999997
2014,2,16-24,6565,399,17164970.906600043,29.990739790858463,29.33303728305179,0.6577025078067066,13.977678874810499,13.510696622752727,3.5038602655178916,5.494209029724488,97.80698138027543,2.1930186197246866,100.00000000000011
2014,2,25-34,12243,691,30532654.573900044,38.50049261319578,37.794311955398406,0.7061806577974814,12.256068575356446,11.823577907107802,3.788610653950127,5.2435601772685905,98.16578799421559,1.8342120057846811,100.00000000000027
2014,2,35-44,12689,705,30146426.89570002,39.72732121079407,39.02558203438057,0.701739176413556,12.662489835713071,12.091382926418563,4.093687084397392,5.120662374485879,98.23361063614117,1.7663893638589727,100.00000000000014
2014,2,45-54,13577,777,31504394.08039997,39.982664554484195,39.26240797050445,0.720256583979725,12.662014379794481,12.16923512133147,4.050678683926518,5.214093223973362,98.19857782865307,1.8014221713468712,99.99999999999994
2014,2,55-64,10573,601,23275627.348299958,38.612041086683725,37.89606867524973,0.7159724114339369,13.441061577625236,12.966735757061961,3.979078110284531,5.04447381602266,98.1457276246375,1.85427237536235,99.99999999999986
2014,2,65+,3656,178,7755657.90550001,31.60055738902512,31.149651165489903,0.4509062235352093,15.569202156976091,15.37017365580792,2.805064014318833,4.3888344141457525,98.57310673990891,1.4268932600910678,99.99999999999997
2014,3,16-24,6483,369,17566882.830700006,30.75721453739935,30.150742053244073,0.6064724841553162,13.87993346009289,13.472465346409237,3.2939248420457727,5.059049216443066,98.02819438210885,1.9718056178912877,100.00000000000014
2014,3,25-34,12117,680,30444820.583200056,39.438678233737775,38.735569794119854,0.7031084396178772,11.70081691044504,11.297454031552025,3.6539236485109594,5.380226562096661,98.21721094340214,1.782789056597753,99.99999999999989
2014,3,35-44,12482,691,30191054.824700076,40.44222290386742,39.71053159846359,0.7316913054037181,12.146438706093422,11.591080389605697,4.281817057804362,5.101322770080798,98.1907737684373,1.8092262315624292,99.99999999999973
2014,3,45-54,13425,765,31768692.110700212,40.59002991769619,39.889323322337084,0.7007065953590925,12.086110526108088,11.668033105349629,3.8719939626946713,5.10128092731319,98.273697760805,1.7263022391949576,99.99999999999997
2014,3,55-64,10668,645,23570394.119299963,39.548279582114475,38.78419539758432,0.7640841845301695,13.090017665728368,12.591465188116779,4.053883679897187,5.516949185992736,98.0679711163069,1.932028883693143,100.00000000000004
2014,3,65+,3571,166,7654762.55569998,32.676390812298315,32.15952604453961,0.5168647677587179,15.424987088302059,15.223977012968236,3.3487028464596897,4.377212421180845,98.41823177251212,1.5817682274879241,100.00000000000004
2014,4,16-24,6612,382,17678174.719399933,30.96503830393088,30.358200050848758,0.6068382530820549,13.656318063411259,13.317306971842397,3.2833488080617443,5.189952289549174,98.04024704531018,1.95975295468961,99.99999999999979
2014,4,25-34,12297,677,30878331.46339999,39.49615860935229,38.76774767150546,0.7284109378468155,11.519792409495361,11.0823113260764,3.931964971393143,5.128408125215569,98.15574232154732,1.8442576784526463,99.99999999999997
2014,4,35-44,12559,672,30192728.208799966,40.631547166494336,39.911558629510694,0.7199885369836868,11.920888428572225,11.379121342024426,4.209961272880459,4.898723045401756,98.22800610069467,1.7719938993054272,100.0000000000001
2014,4,45-54,13588,810,32067112.66440009,40.80995527750223,40.09082375983678,0.7191315176654811,12.104210645179881,11.63349412097695,3.901504302970244,5.287630555782446,98.23785271810407,1.7621472818960056,100.00000000000007
2014,4,55-64,10845,640,23753174.790699825,39.665288066052305,38.931687975220555,0.7336000908317574,12.995932217229969,12.56058162693685,3.9298785030044177,5.367114382954609,98.15052372842943,1.8494762715705875,100.00000000000003
2014,4,65+,3678,181,7864722.539200011,33.17954883070087,32.5960843180587,0.5834645126421415,15.813377065945321,15.489024971947197,3.5390200378559884,4.743061152389291,98.2414935307912,1.7585064692087218,99.99999999999993
2014,5,16-24,6824,403,18002115.817000005,31.76341149878734,31.049469841609326,0.7139416571780399,13.434994348510681,13.054517289035187,3.6059934203440838,5.399503388274418,97.75231430287243,2.247685697127642,100.00000000000007
2014,5,25-34,12476,725,30988018.852599844,39.84499503238196,39.05930090582578,0.7856941265561834,11.558219122883443,11.016375101136385,4.161980457956223,5.306601933869801,98.02812341696203,1.9718765830379728,100
2014,5,35-44,12812,712,30191897.2163002,40.79007049926356,40.06642956301914,0.7236409362444599,11.660055210818337,11.200605887006281,4.05602781953889,5.2220401931177625,98.22593850074988,1.7740614992502275,100.0000000000001
2014,5,45-54,13973,823,32263141.251799904,41.09821531130436,40.36474532672008,0.7334699845843388,12.133172345409463,11.559361870789992,4.059538434485437,5.329970636706261,98.21532400122852,1.7846759987716365,100.00000000000016
2014,5,55-64,10824,595,23904773.829000045,39.47669104552547,38.81414741843683,0.6625436270886707,12.983858095501125,12.567592539084258,3.90408663983049,4.774642085152679,98.32168398733172,1.67831601266836,100.00000000000009
2014,5,65+,3583,171,7757233.905399998,33.112556570544065,32.56343609820211,0.5491204723419194,15.885142205757107,15.493867165657386,3.542145353056512,4.391473947470638,98.34165486083175,1.658345139168144,99.9999999999999
2014,6,16-24,7360,463,19009020.548799988,32.271824041692945,31.529952487322465,0.7418715543705515,12.844997641374162,12.538166434051686,3.74172714108455,5.553005740038704,97.70117873284129,2.298821267158947,100.00000000000023
2014,6,25-34,12275,653,30526913.630399834,39.71854235249206,39.03957974181845,0.6789626106734766,11.643764101783864,11.207235968198964,3.821428555467126,4.824553778451234,98.29056513542722,1.709434864572457,99.99999999999967
2014,6,35-44,12221,680,29274356.55780012,40.678570362975464,39.94932986864901,0.7292404943264875,12.039776562770287,11.629276023905001,4.264208177970117,5.035583450278149,98.20731041474804,1.7926895852520486,100.00000000000009
2014,6,45-54,13588,786,31300501.73330018,40.68594729588797,39.9307745460579,0.7551727498301595,12.441528176796426,11.889711310946565,4.2429965397578995,5.0785195465695825,98.14389783200059,1.8561021679996204,100.00000000000021
2014,6,55-64,10627,594,23362606.518500023,39.45479266461899,38.774074240477994,0.6807184241410176,13.061833459565467,12.693091471632767,3.9181693698943554,4.924310685064197,98.2746876154505,1.7253123845495466,100.00000000000006
2014,6,65+,3451,135,7416312.079599984,32.593636166324615,32.11604567047117,0.4775904958534385,16.353544528306568,15.820520343571184,3.5688925179705153,3.5672836223778455,98.53471244074669,1.465287559253299,99.99999999999999
2014,7,16-24,7469,454,19320913.105899952,32.5028965325833,31.776267842187103,0.7266286903962588,13.192454157662121,12.78932875947848,3.879628894660067,5.428201627177434,97.76441865829474,2.2355813417054464,100.00000000000018
2014,7,25-34,12180,656,30059169.666500013,39.566714362089655,38.93580091044048,0.630913451649184,11.966673670687813,11.575194296587624,3.7042010263083176,4.580367878339704,98.40544391461101,1.594556085389,100.00000000000001
2014,7,35-44,11844,653,28382792.633099873,40.164476426039165,39.514360420157416,0.6501160058817208,12.304678024079637,12.018871783233882,3.704808832076959,4.906836290224116,98.38136566505752,1.618634334942412,99.99999999999993
2014,7,45-54,13191,760,30306915.44930025,40.476190002787675,39.71783666138768,0.7583533413998642,12.722093784181162,12.196845137529817,4.280354899186217,5.055126419786724,98.12642113462812,1.873578865371555,99.99999999999967
2014,7,55-64,10212,552,22580938.613299858,39.16341690281341,38.47559250990922,0.6878243929042013,13.491991155996566,12.963037118329856,4.174125224661606,4.845830733783188,98.2437068894906,1.7562931105094397,100.00000000000004
2014,7,65+,3423,137,7269873.814000028,32.89095842245915,32.412991225971055,0.4779671964881216,15.864287102940665,15.45815898281881,3.283014542688043,3.5376855235743276,98.54681280384423,1.4531871961558531,100.00000000000009
2014,8,16-24,7218,420,18403228.966600016,32.99175645831636,32.27677228482813,0.7149841734882751,13.327447783213888,12.93920212360562,3.866952484305039,5.344760356376317,97.83283992656898,2.1671600734311505,100.00000000000013
2014,8,25-34,12400,660,30476902.493199542,39.92663801607182,39.22943795927001,0.697200056801747,11.914691500121904,11.342693257004852,4.139045750453439,4.794761532363946,98.25379723551688,1.7462027644829512,99.99999999999983
2014,8,35-44,12184,658,29098502.471100193,40.558137334483895,39.922718732431676,0.6354186020522348,12.29602686340695,11.97631492745673,3.7040040375848933,4.788870438896206,98.43331414159407,1.5666858584059788,100.00000000000004
2014,8,45-54,13446,784,30888249.456599936,40.660188516751525,39.87889402488307,0.7812944918684461,12.784727778813286,12.248516811242773,4.275915167944189,5.3038868907151615,98.07847794029146,1.9215220597085079,99.99999999999997
2014,8,55-64,10231,527,22908010.9881999,39.274754746208565,38.61651225902066,0.6582424871878808,13.358626100068717,12.949098275043596,3.780304474258013,4.595908147339033,98.3240061168009,1.6759938831990417,99.99999999999994
2014,8,65+,3466,160,7191978.832800026,32.52758501265249,32.007629033701946,0.5199559789505263,16.11805439511243,15.808203407801363,3.2649897420991785,3.9869044315355104,98.40149221422897,1.5985077857709857,99.99999999999996
2014,9,16-24,6815,414,17767686.91029996,31.618395092887972,30.837605026688685,0.7807900661992132,14.315795399557809,13.826866173935443,3.954611033411061,5.635244952000877,97.53058286511539,2.469417134884366,99.99999999999976
2014,9,25-34,12744,699,31418213.267500106,40.12848323128772,39.44358334856402,0.6848998827237319,11.789167178336792,11.242361632765224,3.7968748915525503,5.025414090091666,98.29323256805857,1.7067674319415178,100.00000000000009
2014,9,35-44,12749,712,30470161.34860006,40.972780843970064,40.293626942077445,0.6791539018926387,11.801337385064702,11.285441269797523,3.8982087516345123,4.908128852322965,98.3424266356757,1.6575733643243533,100.00000000000004
2014,9,45-54,13797,830,31852977.815699726,41.277597620165075,40.531877354369605,0.7457202657954443,12.034992695915081,11.62596130266415,3.9360814118830816,5.438879355405537,98.19340196913211,1.8065980308678198,99.99999999999993
2014,9,55-64,10818,609,23880567.769100115,39.784240441654305,39.096563033450096,0.6876774082042199,12.95783219894439,12.508217876255996,3.8751540817525956,5.022973801117461,98.27148287721435,1.7285171227856801,100.00000000000003
2014,9,65+,3802,166,7863823.443299999,33.1431461933901,32.70289718341907,0.44024900997105526,15.956430308321401,15.646323207967997,3.089368011820874,3.5671719199011327,98.6716740547135,1.328325945286559,100.00000000000007
2014,10,16-24,7158,470,18423304.612300143,31.250525466246433,30.422697003853283,0.8278284623930928,14.307069212684207,13.876551627264426,3.8488415279854578,6.3836267176237484,97.3509934631746,2.649006536825203,99.9999999999998
2014,10,25-34,13131,749,31722951.9049002,39.652502091058345,38.874283844619285,0.7782182464389947,12.156466031301719,11.557910346015804,4.055994424554141,5.549698556672002,98.03740443755112,1.9625955624487144,99.99999999999983
2014,10,35-44,12981,748,30370873.838499807,40.517341515886585,39.7609124338469,0.7564290820397005,12.220483410397437,11.751879838807685,4.167236520537231,5.268564784499593,98.13307326261004,1.866926737389988,100.00000000000003
2014,10,45-54,13932,864,31765678.09410026,41.090753471037395,40.29738799785762,0.7933654731797043,12.391092989285763,11.954430210239565,4.134390299869185,5.7753971127747885,98.06923600527556,1.9307639947242725,99.99999999999983
2014,10,55-64,10938,625,23859131.9718,39.361293628522965,38.61330159806715,0.7479920304558183,13.328262383813206,12.859427307496624,4.108793273667552,5.240194551410068,98.09967620090164,1.9003237990983854,100.00000000000003
2014,10,65+,3850,168,7874389.866799997,33.14047712222945,32.744807814104846,0.3956693081245852,15.952112802601338,15.75901618929869,2.798761210196685,3.7896735423041688,98.80608445477328,1.1939155452266688,99.99999999999996
2014,11,16-24,7039,436,18095370.120500002,30.754484281199193,29.94202870879591,0.8124555724032781,14.063406497702855,13.500100010731684,4.053766221305132,5.999966281264433,97.35825330389314,2.641746696106843,99.99999999999999
2014,11,25-34,13097,707,31855534.121199995,39.37653139199193,38.66889555575595,0.7076358362360061,11.865550372173207,11.388946673390027,3.845949498560183,5.040326539153682,98.20289951597948,1.7971004840205889,100.00000000000007
2014,11,35-44,12988,738,30402609.1964,40.428355420883975,39.68039191766948,0.7479635032144766,12.215836861868002,11.66363908037497,4.137594303687767,5.274604791452855,98.14990371132406,1.8500962886759005,99.99999999999996
2014,11,45-54,13834,832,31732030.684500176,40.599670634532956,39.84314616334847,0.756524471184443,12.399315769826188,11.887732575905,3.962242817588075,5.726378014904602,98.13662411699221,1.8633758830076919,99.9999999999999
2014,11,55-64,10892,619,24037348.79269999,39.150445799584155,38.444164989470096,0.7062808101139613,13.428091363180544,13.026568793056303,3.839090940650626,5.170212873382386,98.19598271312262,1.8040172868771347,99.99999999999976
2014,11,65+,3863,182,7953427.101699971,32.72369348766267,32.29847018591429,0.42522330174839135,15.772393653897455,15.61580895946734,2.6682222158247084,4.168500259833106,98.70056446437289,1.299435535627135,100.00000000000003
2014,12,16-24,6761,410,17801038.09060007,31.153277504728134,30.40148903657318,0.751788468154942,14.014959768411256,13.530232159047754,3.8261833624185186,5.655083248384108,97.58680778277389,2.413192217226079,99.99999999999997
2014,12,25-34,12610,720,31709910.560800124,39.847395363420354,39.119615834630835,0.7277795287896159,11.73050682614596,11.25105809554902,3.8648822318779925,5.533696651195238,98.17358318617327,1.8264168138269654,100.00000000000024
2014,12,35-44,12768,711,30232446.118500173,40.97160373421847,40.245086598654666,0.7265171355638106,12.208050272016393,11.691330918964969,4.055280560521705,5.007828259300341,98.22677886792839,1.773221132071629,100.00000000000001
2014,12,45-54,13672,778,31779724.19420013,41.21537842191346,40.479882623791745,0.735495798121677,12.324798320908407,11.719939879246787,4.103568202194221,5.193115993754265,98.21548211788185,1.7845178821180674,99.99999999999991
2014,12,55-64,10815,634,24044035.708799995,39.50382508192937,38.80746491194043,0.6963601699889358,12.997853644484652,12.548114251653361,3.77740297398697,5.2192401209115955,98.23723356271267,1.7627664372873066,99.99999999999999
2014,12,65+,3796,155,8157251.5399,33.144078721423654,32.733104830033604,0.41097389139002777,15.892266700688008,15.680480347462263,2.8097591719716766,3.6332061375127482,98.76003827155888,1.2399617284410525,99.99999999999994
2015,1,16-24,6757,409,17418804.243700076,30.882578338094614,30.17539114296582,0.7071871951288057,13.559052663210506,13.124452984485606,3.637191737239943,5.503121959400244,97.71007722416604,2.2899227758339995,100.00000000000004
2015,1,25-34,12575,751,31407299.424800128,39.543490685041625,38.847176236829974,0.6963144482117216,11.639415001465828,11.27394505258769,3.6576452581734458,5.565247368004558,98.23911739669697,1.760882603303206,100.00000000000017
2015,1,35-44,12826,707,30142893.597099967,40.4102560948195,39.759922182812915,0.6503339120065762,11.792178483288401,11.355484561817068,3.65522301195668,5.04302114693544,98.3906711442743,1.6093288557256815,99.99999999999997
2015,1,45-54,13660,813,31655072.305799946,40.66166149609031,39.98455884319022,0.6771026529000482,12.122296743722744,11.631962128020612,3.733542990486256,5.393059570700161,98.33478852563564,1.6652114743642557,99.9999999999999
2015,1,55-64,10710,577,23805660.40800014,39.34754601915235,38.698752909976136,0.6487931091762349,12.999218462343942,12.589405204573575,3.7292068281908897,4.903772940941771,98.35112179839523,1.6488782016048371,100.00000000000006
2015,1,65+,3705,180,8128818.9805000005,33.123581187145284,32.63563179806248,0.4879493890828439,15.413498210940745,15.171540001703448,3.166473272154847,4.554478404404417,98.52688214379377,1.4731178562063485,100.00000000000011
2015,2,16-24,6683,367,17763328.891800012,30.730975960530373,30.074432045606674,0.6565439149237194,13.750638094936429,13.31393772547876,3.5383116465906954,5.138543002045974,97.86357610065187,2.136423899348195,100.00000000000007
2015,2,25-34,12473,726,31631870.53489978,39.46559250680941,38.74091291288186,0.7246795939275502,11.761364883794217,11.228078357419323,3.977382759898777,5.395357069437394,98.16376861996304,1.8362313800369618,100
2015,2,35-44,12700,697,30228948.470199917,40.322551821807934,39.63641822783768,0.6861335939702584,11.97801375505214,11.41788943073099,3.929948602087,5.005167785745314,98.29838747060853,1.7016125293914854,100.00000000000001
2015,2,45-54,13465,754,31858230.074700076,40.88332554049972,40.127586211791076,0.7557393287086647,12.315637018931485,11.780449754103877,4.19566761975676,5.21264273786131,98.15147295696384,1.8485270430362042,100.00000000000004
2015,2,55-64,10581,582,23817691.818099875,39.121535399009815,38.48907216088227,0.632463238127571,12.627004064759689,12.275899038272103,3.5628071685830967,5.044497692202705,98.38333738265409,1.6166626173459924,100.00000000000009
2015,2,65+,3665,185,8127027.2229999965,33.199004559431415,32.63241728068222,0.5665872787491709,15.676001594897235,15.338879658542773,3.359858164687071,4.792076595951624,98.29336064057308,1.7066393594268496,99.99999999999993
2015,3,16-24,6522,376,17368286.18850003,31.101296092222483,30.398697978006723,0.702598114215774,13.753382654051553,13.330708804999434,3.523176951159521,5.536565666085714,97.7409362229394,2.2590637770606383,100.00000000000003
2015,3,25-34,12253,703,31399106.36480011,39.52999970365875,38.8107990743117,0.7192006293470752,11.847817757956625,11.364311141560764,3.9129150647558046,5.084903312056931,98.18062070645429,1.819379293545779,100.00000000000007
2015,3,35-44,12504,697,30371427.56219977,40.56881038357303,39.854639990855176,0.7141703927179167,12.104604664004,11.611770131283107,3.9223235139000825,5.21344126665516,98.23960725994807,1.7603927400520865,100.00000000000016
2015,3,45-54,13256,743,31852300.871000223,40.979231879223335,40.250607414802566,0.7286244644207138,12.082208023560964,11.589193084619774,4.086055987350375,5.043465017193132,98.22196651570187,1.778033484298006,99.99999999999987
2015,3,55-64,10583,565,24082145.742199812,39.664044002980305,38.970981151323656,0.693062851656647,12.7502311806315,12.241447135662881,4.016606560676204,4.899540437264297,98.25266719751377,1.7473328024862296,100
2015,3,65+,3698,191,8314359.103000001,33.151627411034625,32.52615089290789,0.6254765181267635,16.137515833550044,15.79285150161887,3.579432665861157,5.053164462771457,98.11328563038043,1.8867143696196695,100.0000000000001
2015,4,16-24,6735,350,17871693.97990002,30.739228612428153,30.046680136384413,0.6925484760437491,13.895882420926883,13.379955696195205,3.8426669267122215,5.145807101634046,97.74702064005686,2.2529793599431622,100.00000000000003
2015,4,25-34,12665,711,31735162.929899983,39.60449076780803,38.959208977472336,0.6452817903356688,11.553313303359348,11.089730571143365,3.607880005781316,5.0192937371033075,98.37068529900098,1.6293147009989517,99.99999999999993
2015,4,35-44,12764,668,30596685.204900037,40.50550434810588,39.81243135724464,0.6930729908612435,11.920854514958695,11.391916819194943,4.080989823785109,4.922794580893955,98.28894121424845,1.7110587857515542,100.00000000000001
2015,4,45-54,13528,726,32120461.620000012,41.081204871345214,40.42588241715948,0.6553224541858252,11.780032331476166,11.252696892582502,3.68526796288582,4.930748026715317,98.40481199069497,1.595188009305255,100.00000000000023
2015,4,55-64,10924,576,24438530.16210017,39.50267544487351,38.88352078782853,0.6191546570450398,12.795215275819041,12.448303544025705,3.578149632661958,4.772434920856015,98.43262601818194,1.567373981818214,100.00000000000014
2015,4,65+,3768,181,8362628.458000006,33.33884097639051,32.751434360112974,0.5874066162775341,15.863754260360116,15.56764579951021,3.4791609933684766,4.914351996672188,98.23807127340295,1.761928726597054,100
2015,5,16-24,6869,365,18368129.6879999,31.546913566881376,30.8659421170842,0.6809714497971855,13.842918710093649,13.360573928447666,3.724955529924471,5.182354702786574,97.84140071784368,2.15859928215635,100.00000000000003
2015,5,25-34,12717,660,31990739.961199988,39.93571983345848,39.27798681718497,0.6577330162734609,11.47833111765608,10.987676639929836,3.812457793842483,4.693343338169159,98.35302075681516,1.6469792431847108,99.99999999999987
2015,5,35-44,12787,673,30707745.914699864,40.78833700094963,40.04793389828108,0.7404031026685074,12.024851280485647,11.374199395819932,4.355515311712903,4.998336551512401,98.18476761469508,1.8152323853048222,99.9999999999999
2015,5,45-54,13456,748,32242384.34680013,41.1470719368576,40.38820251675447,0.7588694201031787,11.921725781948185,11.296067799442792,4.203243375921618,5.117428934698967,98.15571464898484,1.8442853510152672,100.00000000000011
2015,5,55-64,10794,596,24509696.41870019,39.59615419320509,38.855754860565696,0.7403993326394049,12.896975187779741,12.386320576819822,4.1604704206342245,5.214413387123373,98.13012311997095,1.8698768800290748,100.00000000000001
2015,5,65+,3748,171,8375802.834000024,33.92451491343194,33.366103968034125,0.5584109453978566,15.76707150429896,15.431852260649046,3.551018194154246,4.228024449936557,98.35396041233675,1.646039587663379,100.00000000000013
2015,6,16-24,7150,422,19097009.60909998,32.35511031134795,31.555881902638006,0.7992284087099717,13.292313990989907,12.735672928537955,4.1462325096054835,5.355037982034066,97.52982326124344,2.470176738756651,100.00000000000009
2015,6,25-34,12186,638,31440836.995200045,39.7614063097831,39.06992818619123,0.6914781235919089,11.761386164335887,11.362698599663988,3.9359344861688004,4.901648366852568,98.26093142127688,1.7390685787232179,100.0000000000001
2015,6,35-44,12146,645,29908484.406499736,40.412934734149125,39.688998443506044,0.7239362906431531,11.857037557496186,11.42035876180915,4.005386363530842,5.073944169736021,98.20865201845548,1.7913479815446893,100.00000000000017
2015,6,45-54,12793,703,31343825.433999956,40.775049205332465,40.03381602596443,0.7412331793680194,11.919944621450137,11.429292734816332,4.1588067710015055,4.9989997790771925,98.18214031910695,1.8178596808929974,99.99999999999994
2015,6,55-64,10263,537,23829587.50420004,39.62384895200486,38.909994630699416,0.7138543213054698,13.301546559797481,12.741189755877613,4.2488073692891595,4.8808383904883135,98.19842256573783,1.8015774342622275,100.00000000000006
2015,6,65+,3644,161,8088745.245400033,33.90802727462294,33.383686324163165,0.5243409504597701,15.753820487364198,15.486895538246417,3.3678997443661096,3.8884914465425817,98.4536376999667,1.5463623000332771,99.99999999999999
2015,7,16-24,7407,423,19776430.341800097,33.18687128714451,32.39680503076985,0.790066256374647,12.993528548024424,12.535301585964568,4.1649398692016115,5.489587101598143,97.61934094498173,2.380659055018218,99.99999999999994
2015,7,25-34,11938,600,30772438.461099725,39.9042328457617,39.231449047647345,0.6727837981143894,11.52722522769995,11.306520747046994,3.7166112035539145,4.819423604907905,98.31400392856868,1.6859960714314222,100.0000000000001
2015,7,35-44,11628,611,29051059.66529997,40.37993020613257,39.721939591461926,0.6579906146704964,11.869303319767532,11.54890235602458,3.739223134597811,4.864035157339962,98.37050086190908,1.6294991380905512,99.99999999999963
2015,7,45-54,12400,704,30378129.854199897,40.75329592272285,40.00697721278537,0.746318709937488,12.367325739019195,11.924741942698338,4.0231886417124,5.141790251726267,98.16869116217579,1.8313088378242368,100.00000000000003
2015,7,55-64,9865,526,23093208.009899892,39.653095036949274,38.93888926950321,0.7142057674459709,13.034444724043816,12.681827599059572,3.976680136991205,4.981450009919977,98.19886501474711,1.801134985252638,99.99999999999974
2015,7,65+,3512,158,7834961.428999987,33.59073230833899,33.01015560245206,0.5805767058869342,15.7862900020578,15.37604765869178,3.7022391509086465,4.077381789239698,98.27161640729457,1.7283835927054332,100
2015,8,16-24,7191,390,19110224.49339995,32.899680736479105,32.17680094264041,0.722879793838688,13.01106881212945,12.455097607224175,3.896516028724134,5.244521872812854,97.8027756572204,2.1972243427795943,99.99999999999999
2015,8,25-34,12217,588,31313025.83829976,39.99339350618316,39.32398276721637,0.6694107389667117,11.575238037096474,11.11453940174257,3.8088157234648006,4.59469113885584,98.32619670330477,1.6738032966950347,99.99999999999982
2015,8,35-44,12013,613,29396797.495199904,40.601545198880686,39.92448870372152,0.6770564951590374,11.745063743022007,11.314002546715793,3.944193868002721,4.742574267920334,98.33243663056984,1.667563369429848,99.99999999999969
2015,8,45-54,12572,687,30647849.183800407,40.76662641823185,40.0308754328114,0.7357509854205002,12.441739527949597,11.903386500361078,4.123986967789443,5.113821018241036,98.19521248122851,1.804787518771615,100.00000000000013
2015,8,55-64,9787,532,23003429.807900004,39.64573074154356,38.92658677471127,0.7191439668322314,13.076951831976665,12.536358425511136,4.043870321537164,4.890095403137158,98.18607463305318,1.8139253669466664,99.99999999999984
2015,8,65+,3577,155,7793359.924899995,33.83507710285616,33.2904777998983,0.5445993029578269,15.989995312547286,15.60997269717531,3.7244226608637425,3.808493904556945,98.39042984503236,1.6095701549675352,99.99999999999989
2015,9,16-24,6704,341,18176853.27229997,30.606901624964497,29.98011550736614,0.626786117598363,13.109526029536843,12.685090740950981,3.4617685968682923,4.9562289737623475,97.95214123507647,2.047858764923547,100.00000000000001
2015,9,25-34,12375,672,31933017.958399925,37.91131227125538,37.215262481020815,0.6960497902345376,11.507132730022132,11.070367021637864,3.6898890574857743,5.278231467178416,98.16400501978319,1.835994980216729,99.99999999999991
2015,9,35-44,12447,707,30690637.944400094,38.57986754408397,37.900961012038465,0.6789065320456076,11.687901649319032,11.22498669132601,3.7197924033647047,5.262096043509175,98.24025696493193,1.7597430350683374,100.00000000000027
2015,9,45-54,13043,769,31891533.66800013,38.69945451714585,37.93862291106832,0.7608316060775235,12.131107474116602,11.636286535738883,4.104381730766416,5.3689963161541945,98.03399914657598,1.9660008534240085,99.99999999999999
2015,9,55-64,10200,560,23863318.53399989,37.435575341916255,36.7429141598661,0.6926611820501658,12.716913462049982,12.31322137682736,3.8393463893140285,4.998699522869996,98.14972475853848,1.8502752414615615,100.00000000000004
2015,9,65+,3772,166,8127559.890399986,31.770851258112607,31.301226957625033,0.4696243004875793,14.747287138131933,14.43790506687293,3.032966899882616,3.8669656580596743,98.52183910128106,1.4781608987189536,100.00000000000001
2015,10,16-24,6798,392,18448915.57080002,31.185760957832404,30.472858533496037,0.7129024243363514,14.063499302194725,13.636830672228744,3.654048632380905,5.46900085171915,97.71401305454656,2.2859869454533985,99.99999999999996
2015,10,25-34,12556,679,32080852.06919987,39.6547968529106,38.96729589588721,0.6875009570233686,11.697996044240416,11.227002306748883,3.7214135299720543,5.2357958229315,98.2662855150324,1.7337144849675532,99.99999999999994
2015,10,35-44,12493,706,30759604.23380022,40.55988957773285,39.83265580120647,0.7272337765262713,11.80335031735914,11.340909630271257,3.9095300526027024,5.4012484301549115,98.20701243495094,1.792987565048793,99.99999999999973
2015,10,45-54,13199,795,31975316.38589982,40.97142181059738,40.21712888317115,0.7542929274262213,12.395881240028789,11.947129809781714,3.9749613414543816,5.5367654047066575,98.15897790681228,1.8410220931876993,99.99999999999999
2015,10,55-64,10528,591,24267055.050500013,39.642537552622315,38.91827862885001,0.7242589237723699,13.014119749728476,12.51059830337208,4.009304592896386,5.303407874263181,98.17302582406359,1.8269741759365778,100.00000000000017
2015,10,65+,3845,173,8431040.91219999,33.39825659838059,32.966730487525744,0.43152611085487497,15.807115212425202,15.61363220148843,2.946029690750591,3.9617158127731407,98.70793821353007,1.2920617864700121,100.00000000000009
2015,11,16-24,6690,393,18199787.8198001,30.85231731648096,30.153048414144983,0.6992689023360154,13.758263624216925,13.382649201016743,3.393213825674827,6.048946230034087,97.73349633623003,2.266503663770092,100.00000000000013
2015,11,25-34,12502,675,32227405.86089989,39.245771176323956,38.52674506113453,0.7190261151895565,11.607706866687435,11.175794933631616,3.8632531419261174,5.172755482074196,98.16788893774317,1.832111062257143,100.00000000000031
2015,11,35-44,12624,700,30807477.540600087,40.17002377171541,39.47674289472216,0.6932808769933447,11.87220974130123,11.459215988847708,3.7856107150711362,5.142702474787358,98.27413376468698,1.7258662353132561,100.00000000000024
2015,11,45-54,13203,791,32234460.751300238,40.612785579243535,39.79350544708757,0.8192801321559187,12.346875224410825,11.697435520064175,4.29646651289341,5.696579936507646,97.98270391830822,2.017296081691668,99.99999999999989
2015,11,55-64,10561,567,24565322.149600007,39.28888253672312,38.62350253781814,0.6653799989049256,12.882255530848312,12.465477092926697,3.7425565779857526,5.006049479876345,98.30644203666762,1.6935579633322435,99.99999999999986
2015,11,65+,3879,170,8419833.8759,32.65108865415882,32.16182844008361,0.4892602140751457,15.043465991722115,14.76838807940365,3.0877424099069875,4.14292173267746,98.50155007308496,1.49844992691485,99.9999999999998
2015,12,16-24,6665,369,18309830.62699987,31.16117638594938,30.453395768973646,0.7077806169757799,13.878577551212436,13.468735883373876,3.5142240440652315,5.825914077692286,97.72864602988842,2.271353970111729,100.00000000000016
2015,12,25-34,12208,730,32279213.18030019,39.98317046648655,39.213657305693104,0.7695131607935,11.575246224655901,11.118333381422111,3.971987017853487,5.618992733710531,98.07540734810301,1.924592651897121,100.00000000000013
2015,12,35-44,12429,712,30715628.845099997,40.829471292014816,40.13608477397536,0.6933865180395805,11.793553352606846,11.263206091766989,3.7807919212517773,5.325600481596377,98.30174994655133,1.6982500534489875,100.00000000000031
2015,12,45-54,13085,812,31974547.805999823,41.21307257599842,40.379785277905455,0.833287298092779,12.083177858498836,11.554668796446055,4.2646204336172016,5.859413172524821,97.97809955431897,2.0219004456805947,99.99999999999957
2015,12,55-64,10669,564,24833064.14280018,39.64006048694162,38.96656767193395,0.6734928150076485,12.789515722121994,12.369444052376243,3.750413457926418,5.057759778968517,98.30097934580718,1.6990206541927781,99.99999999999996
2015,12,65+,3806,169,8372455.2418999905,33.418263901044824,32.94674192981428,0.4715219712305218,14.993837524431672,14.79469055524507,2.932322833980873,4.1620998886453355,98.58902912303651,1.410970876963419,99.99999999999993
2016,1,16-24,6568,346,17754053.071500033,30.884654035134528,30.228636941376035,0.6560170937585216,13.691218066692466,13.340799082065908,3.471469980593942,5.110317576195819,97.87591244178353,2.124087558216561,100.00000000000009
2016,1,25-34,12305,693,32410285.520299874,39.529791804140444,38.80994662875976,0.7198451753807359,11.443759449039119,11.042356533951798,3.8123803432870518,5.377335502979162,98.17898060544482,1.8210193945553177,100.00000000000014
2016,1,35-44,12448,640,30549956.65739982,40.49827735424368,39.90532656515916,0.5929507890844187,11.58916507085598,11.158457628799082,3.4862543012893434,4.722715045981999,98.5358617012326,1.4641382987671332,99.99999999999974
2016,1,45-54,13146,765,31772778.683000255,40.77932668699012,40.00339898247096,0.7759277045192954,11.71897759912987,11.20677320649011,4.095764450275566,5.6004556254063544,98.09725229041925,1.9027477095810919,100.00000000000034
2016,1,55-64,10644,549,24618280.30989993,39.406491511678794,38.77202529160666,0.6344662200721973,12.377299106351225,11.981350909471521,3.715781194001906,4.838806841519962,98.38994491584185,1.6100550841583101,100.00000000000016
2016,1,65+,3737,157,8253100.738400038,32.62205143162885,32.18112062544491,0.4409308061839402,15.235186848636364,14.914882890793445,2.8562784235449223,4.063240366614139,98.6483657929727,1.3516342070273173,100.00000000000001
2016,2,16-24,6483,366,17981811.17689999,30.615977464040405,29.97977022383783,0.6362072402026112,13.800151097922866,13.532910459899911,3.284336571539639,5.486961667507048,97.9219763897794,2.0780236102207095,100.00000000000011
2016,2,25-34,12418,697,32743176.296300065,39.5870921142632,38.884982342860376,0.7021097714028975,11.496181300996632,11.002621338666499,3.980121988348426,5.242338575729334,98.2264174156155,1.7735825843846913,100.0000000000002
2016,2,35-44,12393,650,30599843.52479995,40.19359945252347,39.52012086985366,0.673478582669803,11.680992287664397,11.254200663804314,4.0169471707326645,4.8125984984415915,98.32441335973077,1.6755866402692132,99.99999999999999
2016,2,45-54,13000,785,31817380.57080006,40.67945147379394,39.89269271902158,0.7867587547723314,12.096380112368573,11.514300894782235,4.136749423135128,5.710630888852934,98.06595535026034,1.9340446497396069,99.99999999999994
2016,2,55-64,10557,551,24761932.388899792,39.261935666208984,38.643143496387545,0.6187921698214767,12.709766538097822,12.25824693320497,3.6690355848173404,4.726464921310614,98.42393870979213,1.5760612902079705,100.0000000000001
2016,2,65+,3848,186,8533815.296999993,32.54166784977471,31.96634707869758,0.5753207710771486,15.439740362601944,15.078920319699952,3.2989230209662534,4.849452465247096,98.23204891115896,1.7679510888411074,100.00000000000006
2016,3,16-24,6347,349,17848544.174599905,31.196407823361312,30.47225836398449,0.724149459376831,13.980168783084261,13.470898258124018,3.652228358419169,5.333155180547592,97.67874088748596,2.321259112514084,100.00000000000004
2016,3,25-34,12013,705,32649490.853700217,39.90691481843237,39.15565330379773,0.75126151463462,11.607042626374604,11.132340962876096,3.9347145974489424,5.589596956282017,98.11746531133083,1.882534688669103,99.99999999999993
2016,3,35-44,12259,689,30709826.145800147,40.47356935109137,39.750088059461376,0.7234812916301228,11.810341986028165,11.217459501537826,4.048376434601793,5.138424846197987,98.21245987633536,1.7875401236649617,100.00000000000033
2016,3,45-54,12875,725,32144937.020799767,41.05083773948122,40.26506963919052,0.7857681002907625,11.910174386698488,11.370033852551966,4.175294784214793,5.4627592378350505,98.08586585911505,1.914134140885118,100.00000000000017
2016,3,55-64,10333,563,24623956.144899793,39.63728919423704,39.001414391591176,0.635874802645922,12.608332975081119,12.248434280073846,3.6747112449347843,4.950396972472191,98.39576616975533,1.6042338302448125,100.00000000000014
2016,3,65+,3819,172,8693457.632400004,33.02006420284951,32.45675129972465,0.5633129031248347,15.684770845666845,15.41458796636548,3.5081137056638867,4.56578917599695,98.29402844384461,1.7059715561553115,99.99999999999991
2016,4,16-24,6605,385,18123177.949899975,30.898177578463415,30.190829391206293,0.7073481872571227,13.95000697333132,13.456724982683953,3.6376332008253387,5.483242381369903,97.71071227271942,2.2892877272805796,100
2016,4,25-34,12338,648,32691187.04090007,40.03970695576024,39.31769517602677,0.7220117797334699,11.586103576409089,11.13896056232121,3.904470620781382,5.017594305608422,98.19676057936384,1.8032394206361668,100
2016,4,35-44,12505,705,30747434.57070017,40.81516569251549,40.08048195291249,0.7346837396029816,11.760417082151516,11.300882401542026,4.05638817246719,5.2046641947323895,98.19997364426301,1.8000263557369431,99.99999999999996
2016,4,45-54,12998,716,32297251.246499825,41.10096471599166,40.35937727994946,0.7415874360421217,11.982897087861689,11.410426059230067,4.104731344098855,5.117323521391358,98.19569335861925,1.8043066413805688,99.99999999999982
2016,4,55-64,10595,551,25111341.806499865,39.815768034785165,39.15781183907035,0.6579561957148529,12.852507443578425,12.41951060947244,3.8359644805811683,4.7658961867590195,98.34749842037458,1.6525015796255078,100.00000000000009
2016,4,65+,3933,195,8882878.322700014,33.63069963457489,32.95928291873868,0.6714167158362204,16.27630726946358,15.70873385633687,4.070674954341995,5.197170034629899,98.00356007120963,1.9964399287904007,100.00000000000003
2016,5,16-24,6652,371,18282397.872899935,31.573592372494474,30.78913827069643,0.7844541017980338,13.952897403950166,13.31058600946275,4.003094601798468,5.386810200426876,97.51547403113551,2.4845259688644608,99.99999999999997
2016,5,25-34,12437,681,32869228.279700037,40.02502421930321,39.269626171539066,0.7553980477641612,11.278548855744416,10.719030349996766,4.038025536745254,5.184237515708265,98.11268559482886,1.8873144051711752,100.00000000000004
2016,5,35-44,12653,730,30904068.989000026,40.64324793450904,39.903196929919986,0.7400510045890888,11.715234338896737,11.13166051738547,4.1231084491248655,5.2993523227731885,98.17915387623168,1.8208461237684017,100.00000000000009
2016,5,45-54,13059,718,32213639.508600317,41.10590564454169,40.36665690001091,0.7392487445307823,11.96661248828978,11.439331570188502,4.202810863210403,5.110516961799609,98.20159966569439,1.7984003343056,99.99999999999999
2016,5,55-64,10712,578,24898897.569299854,39.71329302708969,39.0083542477462,0.7049387793434565,13.048174344087158,12.580090410242331,3.8542938111954697,5.11022826355512,98.22492992746123,1.7750700725386723,99.9999999999999
2016,5,65+,3908,202,8692845.83990002,33.296735531275694,32.73847853893085,0.5582569923448468,15.56997113142765,15.065073458509657,3.677588102564299,5.213663155278191,98.32338821377708,1.6766117862229313,100.00000000000001
2016,6,16-24,7095,421,19363788.489199955,32.90850326971458,32.13531071227418,0.7731925574404258,12.939047414616656,12.426599738187123,3.7992775245095247,5.533970385999987,97.65047789896917,2.3495221010309164,100.00000000000009
2016,6,25-34,12070,639,32058142.36539962,39.94646323541707,39.21728185691244,0.7291813785046369,11.631304917073123,11.167693543032263,4.136089551309861,4.983431701034203,98.17460340804809,1.8253965919519377,100.00000000000003
2016,6,35-44,12072,608,29960481.432199992,40.497523312094906,39.823921864115164,0.6736014479797384,12.170423235179001,11.570648604706918,3.9281319358851308,4.750380152003754,98.33668483183868,1.6633151681613134,100
2016,6,45-54,12424,653,31021509.77789985,40.746120029164096,40.045322808550175,0.7007972206139274,12.148467508531935,11.694947532981228,4.080351951086507,4.822994090912645,98.28008845968077,1.7199115403192515,100.00000000000001
2016,6,55-64,10393,533,24169757.22080001,39.642442277932254,38.94272510683278,0.6997171710995045,13.092961026102836,12.689301465371251,4.090189669663799,4.771983440145715,98.234929204932,1.7650707950680824,100.00000000000009
2016,6,65+,3785,162,8451796.19860001,33.283692412471595,32.71938729424244,0.5643051182291905,15.813782090591298,15.528585433492776,3.6419623989119834,3.9408551847851205,98.30455974885254,1.6954402511475621,100.0000000000001
2016,7,16-24,7343,444,19883883.785900008,33.218480100612,32.39521977911444,0.8232603214975525,12.979480642096126,12.423745228734505,4.095748173552677,5.725350752186923,97.52167974270927,2.478320257290716,99.99999999999999
2016,7,25-34,12156,655,32021279.91290003,39.88887383151204,39.10755483798165,0.7813189935303306,11.807489248590214,11.274535443909063,4.4332737904375055,5.0338551606446975,98.04126083671694,1.9587391632828999,99.99999999999984
2016,7,35-44,11840,641,29398181.54759986,40.303226529582396,39.57503367781578,0.7281928517666351,12.059449440995072,11.726843977056104,4.133259349543879,5.067495977898765,98.19321450298247,1.8067854970175767,100.00000000000004
2016,7,45-54,12242,663,30197501.404499926,40.781914528136376,40.00070672019223,0.7812078079441578,12.446613765847687,11.909903615806353,4.439916395793582,5.068382289972922,98.0844258613578,1.9155741386422274,100.00000000000003
2016,7,55-64,10246,500,23658624.84379995,39.51346704096719,38.8759386552651,0.6375283857021261,13.06593127337178,12.713910603840501,3.919541613311493,4.516554428056833,98.38655417141426,1.6134458285858404,100.0000000000001
2016,7,65+,3741,180,8328021.889699971,33.05446809477791,32.50198241468013,0.5524856800977699,15.773357311074795,15.431951322217824,3.710640313859963,4.434187646129062,98.32855976228804,1.6714402377119297,99.99999999999997
2016,8,16-24,7250,415,19451888.74049992,33.42729867601486,32.662267334877455,0.7650313411373929,12.742615499697738,12.24915393085286,3.9318742009161576,5.701471605638525,97.71135756869778,2.288642431302195,99.99999999999997
2016,8,25-34,12598,640,32365092.55130001,39.906868136201886,39.20717300889132,0.6996951273105629,11.565371924448815,11.055831565921812,4.126187644063305,4.887911988487293,98.24667993258075,1.7533200674192422,99.99999999999999
2016,8,35-44,12042,642,29550004.505599897,40.39976173636335,39.704703314710414,0.6950584216529557,11.986080148537688,11.485040478227853,3.9943590614043925,5.139448396741174,98.27954821568335,1.7204517843166927,100.00000000000004
2016,8,45-54,12482,671,30415009.61339996,40.82911473507132,40.098972423312304,0.7301423117589979,12.012279751921765,11.551939994575466,4.10916835002465,5.028179485191502,98.21171162662549,1.7882883733744577,99.99999999999994
2016,8,55-64,10440,542,23696978.83230004,39.4582950851775,38.791173918560574,0.6671211666169006,12.847152423972426,12.478168986541892,3.7323108638090914,4.842056323804516,98.30930057880903,1.6906994211909185,99.99999999999994
2016,8,65+,3841,168,8337751.655999993,33.540492292914166,32.991117585812674,0.5493747071014948,15.708908598325058,15.302734654013655,3.7295149876931553,4.054356172347,98.36205532613022,1.6379446738697896,100.00000000000001
2016,9,16-24,6946,397,18514372.474499926,31.606541939769762,30.838141661613214,0.7684002781565659,13.70075726048923,13.164999190883853,3.8067636205560578,5.803982979061377,97.5688568536829,2.4311431463171425,100.00000000000004
2016,9,25-34,12930,769,33086770.855100214,40.07379753573063,39.28012642389553,0.7936711118350825,11.645309083761942,11.057520958908102,4.2044086711796185,5.707610309480835,98.01947616487446,1.9805238351255057,99.99999999999997
2016,9,35-44,12821,719,31164434.82509989,40.971256803981014,40.24260898474277,0.7286478192381991,11.589366461913384,10.98845879773445,4.0269386418046205,5.358590925752966,98.22156341768007,1.7784365823198258,99.9999999999999
2016,9,45-54,13147,774,31964216.407700047,41.247564466773404,40.452732069984876,0.7948323967885456,11.961555006164533,11.368730977805852,4.261868763425466,5.524349236900489,98.07301980840882,1.9269801915912284,100.00000000000004
2016,9,55-64,10745,595,24660605.269599803,39.64403913152475,38.92028812106584,0.723751010458862,12.728993500967658,12.263613553366413,4.098826524620257,4.9772245436858205,98.17437620809079,1.8256237919090808,99.99999999999987
2016,9,65+,3960,179,8582368.667800039,33.20825093339384,32.71723832999559,0.4910126033982424,15.648647937990972,15.276797883465237,3.1286180427543777,4.168139437334349,98.52141383663029,1.4785861633696753,99.99999999999996
2016,10,16-24,6917,407,18303886.54829993,31.212679663563794,30.390222084340103,0.8224575792236994,13.987901729813375,13.321451500801663,4.247757346414435,5.792130366424664,97.36498888243874,2.6350111175612954,100.00000000000003
2016,10,25-34,12891,756,33003958.807700112,39.667100800954714,38.80811821075751,0.8589825901972017,11.798779302234326,11.150056175527876,4.494399091534505,5.662747947570344,97.83452137198661,2.1654786280133878,100
2016,10,35-44,12646,748,31018578.511499986,40.44754418889832,39.71074702811201,0.7367971607862951,11.857761891273643,11.382841455073132,3.9557159088202978,5.553117502987413,98.17838839029308,1.821611609706887,99.99999999999997
2016,10,45-54,13286,806,32180062.674899954,40.61131912558854,39.805679471346224,0.8056396542422399,12.293007093253147,11.856661842157795,4.272716841939206,5.629138360606467,98.01621894686329,1.9837810531365365,99.99999999999983
2016,10,55-64,10890,619,25090152.445899975,39.379821613748604,38.67188929126873,0.707932322479872,13.036340052887446,12.691131314990043,3.9088358134038788,5.177338575367138,98.20229677670069,1.7977032232992973,99.99999999999999
2016,10,65+,3934,192,8596259.281199966,33.07392156407979,32.57264585795675,0.5012757061230109,15.943100184939935,15.464531315253783,3.229526451574605,4.451884119374525,98.48437777433851,1.5156222256613971,99.99999999999991
2016,11,16-24,6905,422,18525476.660299998,31.152892989143467,30.358126863667593,0.7947661254758538,13.868613701228698,13.25781321859195,4.066407190394595,6.339453168925813,97.44882080212312,2.551179197876818,99.99999999999994
2016,11,25-34,12838,757,33017848.77759996,39.70979980223012,38.92105685741201,0.788742944818012,11.658515464156979,10.990191005797957,4.266046428745742,5.586494295023176,98.01373225564886,1.986267744350894,99.99999999999976
2016,11,35-44,12649,750,31149407.233899906,40.260103233562766,39.50075364335112,0.7593495902117238,11.67098478211747,11.195148906569475,3.951133801970997,5.601365076061996,98.11389060329428,1.8861093967059013,100.00000000000018
2016,11,45-54,13083,798,32082537.3974997,40.40013252882573,39.58515615309685,0.8149763757288635,12.16560865420466,11.580851421609811,4.369904479753259,5.785800679046855,97.98273836070366,2.0172616392962897,99.99999999999996
2016,11,55-64,10874,585,25156255.45730013,39.012143108735266,38.3072364589281,0.7049066498072186,13.056217653320347,12.572721841018932,3.9602655443363144,4.981440138923171,98.19310964834094,1.806890351659204,100.00000000000014
2016,11,65+,4023,191,8651910.677400002,32.21913503017917,31.706600826771002,0.5125342034081874,15.779258504372521,15.357884398129864,3.24861181441207,4.341306246736171,98.40922419882445,1.59077580117562,100.00000000000007
2016,12,16-24,6675,355,18505602.924200032,31.192412223707723,30.470581432762106,0.7218307909455718,13.887033663605306,13.306743159372644,3.9739408218744288,5.332750127311295,97.68587698261761,2.3141230173822396,99.99999999999986
2016,12,25-34,12407,714,33146892.584600005,39.86331444654643,39.11520340988416,0.7481110366623296,11.229428313428642,10.781828807047221,3.9407994200383696,5.5685048481966914,98.12330949634048,1.8766905036596682,100.00000000000016
2016,12,35-44,12437,694,30959082.035300057,40.689693861525214,39.958572629781635,0.7311212317436081,11.916767525577598,11.252768944241287,4.101633833856731,5.032790768871704,98.20317834232982,1.7968216576702518,100.00000000000007
2016,12,45-54,12903,776,31917587.817999896,41.05457300674613,40.240409570906955,0.8141634358391308,11.813543207573591,11.247262710929602,4.154613040266118,5.738915729612253,98.01687515857151,1.983124841428375,99.99999999999989
2016,12,55-64,10799,579,25178070.902799986,39.604090788111435,38.96707716205097,0.6370136260604607,13.016547176517436,12.565207641568266,3.761644093138104,4.874353095349803,98.39154588987134,1.608454110128651,99.99999999999999
2016,12,65+,3878,176,8533659.252799978,32.74618824452266,32.26716473388051,0.47902351064213666,15.525835575292083,15.196040823221606,2.977374783868191,4.18989433146963,98.53716253303993,1.4628374669600246,99.99999999999996
2017,1,16-24,6475,339,17732261.196400072,30.65753136103499,29.968352829411494,0.6891785316235357,13.674899904703322,13.08152203133171,3.8514335134853623,5.079519060901598,97.75200904630101,2.2479909536991145,100.00000000000013
2017,1,25-34,12344,685,32823124.87710004,39.48668276104168,38.81167345528066,0.6750093057610628,11.41534675928786,11.00342080336005,3.829141158439997,5.003530771824251,98.29053934500926,1.7094606549908515,100.00000000000011
2017,1,35-44,12353,707,30516291.892299946,40.17710939171374,39.375029731488844,0.802079660224907,11.856565395313536,11.153459986847608,4.303647519188559,5.4504987905155415,98.00364020117803,1.996359798821989,100.00000000000001
2017,1,45-54,12848,747,31509140.982299685,40.575151947366386,39.787354100676694,0.787797846689768,11.966430490078578,11.323379105459995,4.2373938308060985,5.53624901859411,98.0584229291079,1.9415770708922795,100.00000000000018
2017,1,55-64,10752,549,24887253.094500154,39.312451930261844,38.66732560321262,0.6451263270492509,12.658341592079747,12.126758538409307,3.9960113118040903,4.704576029159062,98.35897712970525,1.6410228702948113,100.00000000000006
2017,1,65+,3874,166,8602569.809999976,32.31483648623836,31.842120782231763,0.4727157040065928,15.34239056409525,15.088770586735455,2.985508599122212,4.0673454749912805,98.53715582250305,1.4628441774969343,99.99999999999999
2017,2,16-24,6568,378,18299012.764100052,30.742219316522018,30.040813380296836,0.7014059362251734,13.791103332904864,13.470630701654812,3.5228619290078904,5.619900921199099,97.7184277784128,2.2815722215871763,99.99999999999999
2017,2,25-34,12444,727,33358775.771100033,39.60525984961284,38.88399022445646,0.7212696251564676,11.459062663571714,11.029961341136975,3.673530839727432,5.671592864445248,98.17885395047236,1.8211460495278593,100.00000000000021
2017,2,35-44,12416,728,30615289.638400134,40.53459348590524,39.740501947868374,0.7940915380368243,11.932557717232228,11.292356487465643,4.1260473852288175,5.460294805126521,98.04095349244594,1.9590465075539667,99.9999999999999
2017,2,45-54,12859,819,31525378.669299744,40.76112187521395,39.94240358257583,0.8187182926381429,11.890577953459134,11.352796743943143,4.13700726006857,6.112406536377388,97.99142355515988,2.008576444840174,100.00000000000006
2017,2,55-64,10691,560,24997215.769700166,39.458994157941476,38.81759413931884,0.6414000186226468,12.43019369516134,12.026261434343057,3.7134937007101207,4.819478344305421,98.37451503184467,1.6254849681553765,100.00000000000004
2017,2,65+,4048,202,8913349.446699983,33.04612302862779,32.48747540060914,0.558647628018617,15.411045722122886,15.106069020675765,3.284057741650562,4.487967856439239,98.30949116925247,1.6905088307474425,99.99999999999991
2017,3,16-24,6448,355,18030021.63919998,31.256513067524264,30.486968197176832,0.769544870347457,13.791032903548231,13.356055106872123,3.8625001471996874,5.643689908212171,97.53796954674706,2.46203045325302,100.00000000000009
2017,3,25-34,12194,764,33390476.85710023,39.502191533680204,38.73111724997092,0.771074283709285,12.040632876181299,11.543582508365844,3.9712351377344532,5.999391061029522,98.04802150520725,1.9519784947927628,100.00000000000001
2017,3,35-44,12179,719,30454337.146500163,40.32212652273453,39.53876892779377,0.7833575949408447,12.032308678582403,11.486363938742514,4.063120816872688,5.698920562122469,98.05725128485203,1.9427487151481704,100.0000000000002
2017,3,45-54,12709,738,31478623.93370015,40.58673255811928,39.83609276287064,0.7506397952485878,12.22860294187043,11.725664719041857,4.081248416535465,5.35825657103854,98.15052913122844,1.8494708687714356,99.99999999999987
2017,3,55-64,10531,593,25143391.33320005,39.43565626964705,38.69654889780019,0.7391073718469161,12.956559243664548,12.466863466864922,4.048851892673252,5.19483526263744,98.12578909098633,1.8742109090138166,100.00000000000014
2017,3,65+,3960,197,8860348.01830002,32.746726115467986,32.171568303610634,0.5751578118573446,16.08740813966449,15.675905429449333,4.096523229968282,4.592318703053255,98.24361736245238,1.7563826375475977,99.99999999999999
2017,4,16-24,6589,370,18187893.425700013,30.747615454255257,30.051599454248763,0.6960160000064866,13.717466324899046,13.299340451056516,3.5523867185981093,5.469268848883823,97.7363577964542,2.26364220354578,99.99999999999999
2017,4,25-34,12348,693,33548621.202700023,39.554672694626376,38.8851962815423,0.6694764130840762,11.51192302987084,11.032184965596146,3.8355473299275515,5.1717222025815,98.3074656735182,1.6925343264818031,100
2017,4,35-44,12434,681,30587167.70420028,40.37710845085212,39.635153660703914,0.7419547901482747,11.916654763055027,11.419563247194025,3.9893614655398455,5.206414223116566,98.16243703768107,1.837562962319102,100.00000000000017
2017,4,45-54,12761,700,31564826.188100025,40.34297908519081,39.61410824068182,0.7288708445089911,11.944151417505083,11.467266003516327,3.9521401288313394,5.145919621798406,98.19331427416438,1.8066857258356177,100
2017,4,55-64,10544,558,25214646.187500034,39.09052911024915,38.3630519627929,0.7274771474562041,13.211363496579564,12.547891905734398,4.186505807213892,4.895951393567408,98.13899385857759,1.8610061414222885,99.99999999999989
2017,4,65+,4099,189,9206896.079199987,33.223154858926044,32.65417664371247,0.5689782152135673,15.778478325215824,15.395080054292968,3.523267814749918,4.6393763199412135,98.28740461997181,1.712595380028156,99.99999999999997
2017,5,16-24,6486,338,18277793.56880001,31.67815152199536,31.05289404372908,0.6252574782663055,13.774234340852676,13.350415177940176,3.5123828846366814,4.799719037737201,98.02621855056113,1.9737814494389458,100.00000000000007
2017,5,25-34,12109,702,33418270.337599836,40.03039477760073,39.30737462535436,0.7230201522463157,11.168373937055698,10.681144228828371,3.901489299247861,5.505121765174311,98.19382207878964,1.8061779212102256,99.99999999999986
2017,5,35-44,12485,687,31349004.858200185,41.04647851351517,40.27964355651617,0.7668349569990202,11.793668766430573,11.191111224263315,4.224761487095746,5.124245313898066,98.13178868256261,1.8682113174374464,100.00000000000006
2017,5,45-54,12724,714,32092588.529299986,41.08219034997089,40.305548229552805,0.7766421204180644,11.917331533250943,11.316983752581105,4.193181442342527,5.450346937901408,98.10954062136896,1.8904593786310002,99.99999999999997
2017,5,55-64,10733,565,25622412.97859988,39.9627222742137,39.224042598314036,0.7386796758996836,13.010732769777194,12.49637560910418,4.086376993306365,5.039241056564048,98.15157818621306,1.8484218137870032,100.00000000000006
2017,5,65+,4118,175,9302361.186499957,33.33538824277532,32.88364304702883,0.45174519574649263,15.235901696133052,14.927050088549588,3.1604119834351945,3.9492335336661437,98.64484795420255,1.3551520457974509,100
2017,6,16-24,6955,451,19518139.185199864,33.06953464265338,32.189070526287686,0.8804641163657132,13.055410567618763,12.56734695213205,4.064387573157448,6.277593217641835,97.33753702348729,2.6624629765127774,100.00000000000006
2017,6,25-34,11891,664,32899766.74350007,39.97298337454085,39.220967866185006,0.7520155083557858,11.50151182328723,10.95799821099754,4.181474116142116,5.10344506479433,98.11869056329978,1.8813094367000665,99.99999999999984
2017,6,35-44,11994,674,30374805.77560015,40.604992343900264,39.862958272732335,0.7420340711678072,11.906232310290546,11.510743118207664,4.0777213917832675,5.220218643747594,98.1725545842163,1.8274454157834032,99.9999999999997
2017,6,45-54,12121,605,30900155.172300015,40.834051393068734,40.10525150781477,0.7287998852539022,12.068800334287129,11.643307823199583,4.183677192581672,4.668998783842071,98.21521534016173,1.7847846598381134,99.99999999999984
2017,6,55-64,10295,508,24655720.138899848,39.759968655048134,39.02384740875916,0.7361212462890098,13.007615148038226,12.540475535668076,4.1780752842180515,4.75060898039648,98.14858695519743,1.8514130448026596,100.00000000000009
2017,6,65+,3822,166,8618756.15450003,33.886434867914105,33.444530909254034,0.4419039586601391,15.717650697864055,15.459632216660175,3.0981136873041786,3.9825488915913274,98.69592667277462,1.3040733272255876,100.0000000000002
2017,7,16-24,7146,437,20214865.028699946,33.179311298084656,32.386437507700975,0.7928737903836889,12.885668842737374,12.413807652890265,4.074114740991624,5.749994982156708,97.61033680518423,2.3896631948157983,100.00000000000003
2017,7,25-34,11766,629,32615049.796999972,39.88899228922717,39.22022917555549,0.6687631136717233,11.524747841884052,11.16614794397963,3.7526433447298553,4.897625936928445,98.32343943706923,1.6765605629308822,100.00000000000011
2017,7,35-44,11633,617,29667289.06680001,40.42304858488859,39.7084007095313,0.7146478753573173,12.183768579016041,11.72346055368829,4.11824523782671,4.747160939541513,98.23207823166398,1.7679217683360853,100.00000000000006
2017,7,45-54,11855,658,30359128.485399958,40.88491001096161,40.06009501478539,0.8248149961762676,12.180955361635759,11.611022405291783,4.49043309457826,5.278570456232538,97.98259309863937,2.01740690136074,100.00000000000011
2017,7,55-64,10133,502,24131420.57740004,39.71601494374851,38.985679402752325,0.7303355409961045,13.013221021616365,12.603594112526256,4.1106317822417076,4.87802071255776,98.16110568487147,1.838894315128318,99.99999999999979
2017,7,65+,3855,170,8598709.200200044,33.45164156098074,32.96852823149362,0.4831133294871,15.46191105655277,15.189043207775038,3.182608968086311,3.872258448887351,98.55578588391117,1.4442141160887654,99.99999999999993
2017,8,16-24,6891,411,19458219.340799946,32.803310387242185,32.053286674167914,0.7500237130742518,12.897323768669153,12.307303687666709,4.092350713833546,5.368678457178154,97.71357309911635,2.286426900883607,99.99999999999996
2017,8,25-34,11896,609,32677503.724100005,39.76439795404518,39.0790893509837,0.6853086030615017,11.581545028470423,11.135943930006206,4.018496642970865,4.640761048040449,98.27657744534828,1.72342255465177,100.00000000000006
2017,8,35-44,11839,619,30177676.18359995,40.45768029133427,39.82174924566515,0.6359310456690932,11.900068508970966,11.480409014110972,3.7508561656185933,4.557977728409424,98.428157420075,1.5718425799249416,99.99999999999994
2017,8,45-54,12060,647,30101172.65019973,40.72498916157569,39.96852009507409,0.756469066501597,12.162357246429316,11.64377618202961,4.268490366644461,4.968295217861144,98.14249412442979,1.8575058755702032,99.99999999999999
2017,8,55-64,10458,520,24488949.156900063,39.71132664873006,38.98583301632186,0.7254936324082343,12.943399170198393,12.341298353862092,4.511942708091776,4.610282432155275,98.17308135075514,1.8269186492449632,100.0000000000001
2017,8,65+,4020,186,8763165.49540002,33.535931468504664,33.067142456582346,0.4687890119222807,15.63909377270229,15.380894733993475,2.9671677746413665,4.0817887222118685,98.60212914508553,1.397870854914362,99.99999999999989
2017,9,16-24,6644,357,18799972.444900032,31.092308437083254,30.405745049252243,0.6865633878309986,13.809438930929408,13.380454527000696,3.6408741092157464,5.20667956917957,97.79185457001269,2.2081454299872645,99.99999999999996
2017,9,25-34,12380,676,33568820.60400022,39.73031986982507,39.08145288533218,0.6488669844928782,11.882221007906951,11.407907134974675,3.7522713004870787,4.828799440474947,98.36682164498329,1.63317835501669,99.99999999999999
2017,9,35-44,12441,675,31260644.309599943,40.739085726822616,40.02802553871016,0.711060188112434,12.232168036676873,11.677695831926695,4.175202897903321,4.76138194868527,98.25459954383736,1.7454004561625986,99.99999999999996
2017,9,45-54,12641,734,31505002.11360001,41.082761324144784,40.24773750812529,0.835023816019478,12.319769407869952,11.711236664440017,4.399666105955755,5.429944072790674,97.96745936956107,2.0325406304388927,99.99999999999996
2017,9,55-64,10659,564,25211988.998500213,39.66816571394233,39.035814426709585,0.6323512872327681,13.149185263987476,12.759582633481244,3.6308430435897785,4.783578856359738,98.40589733391558,1.5941026660844897,100.00000000000007
2017,9,65+,4159,226,9080644.998399962,33.10026025266499,32.490995854301765,0.6092643983632052,15.580431756667204,15.285987102892472,3.6013076741099086,4.91523203559489,98.15933653175983,1.840663468240108,99.99999999999994
2017,10,16-24,6668,329,18714104.914399978,31.333040468133945,30.714535796713946,0.6185046714199809,13.85910540608621,13.371740191778688,3.5403784639875417,4.694534677017804,98.02603047077724,1.9739695292226973,99.99999999999994
2017,10,25-34,12465,681,33766173.78360013,39.74025353663362,39.05156413727702,0.6886893993566555,11.419094400674192,11.00433077819018,3.8746308882935048,5.033662483030616,98.2670231363226,1.732976863677539,100.00000000000014
2017,10,35-44,12497,680,31561062.055500023,40.73850789276078,40.0348108262633,0.7036970664974705,11.79860919613318,11.196113205391361,3.96787558683849,4.939519056610217,98.27264889438298,1.7273511056169961,99.99999999999997
2017,10,45-54,12793,772,31845119.455000035,41.00731276741896,40.13325271447331,0.8740600529457156,11.867398781901095,11.209203303271893,4.560137581059864,5.7088333161034965,97.86852638234781,2.1314736176523423,100.00000000000016
2017,10,55-64,10746,550,25459265.62210017,39.5313721439964,38.9019160380674,0.6294561059290305,12.805201045186658,12.414787242874361,3.6248498067128287,4.670144218409387,98.40770488907859,1.5922951109214798,100.00000000000007
2017,10,65+,4136,203,9085061.009000033,33.18267475240454,32.66959080716931,0.5130839452351755,15.524981701478328,15.167143249525166,3.1170938072446095,4.562254214797188,98.45375953245586,1.5462404675439723,99.99999999999983
2017,11,16-24,6565,345,18349102.414599996,31.205822740282525,30.560516525081535,0.6453062152009426,13.679767714649186,13.286451007997734,3.431920441489747,5.111909606835382,97.93209677382424,2.067903226175604,99.99999999999984
2017,11,25-34,12471,683,33970893.17160024,39.50318205870977,38.832711149256596,0.6704709094531918,11.423977465620135,11.078368987026886,3.7683245655628412,5.07840416407495,98.30274202099285,1.6972579790071989,100.00000000000006
2017,11,35-44,12651,717,31611307.124200232,40.706833496014745,39.93277616880711,0.7740573272076948,12.066569018046133,11.41561676823064,4.220121018934226,5.193936280613507,98.09845851241802,1.9015414875821182,100.00000000000014
2017,11,45-54,12696,727,32049255.89190004,40.78178057057594,39.95147168933527,0.830308881240687,11.899526253336067,11.200923615379486,4.54545921862863,5.648111905017719,97.96402003634012,2.035979963659936,100.00000000000006
2017,11,55-64,10772,555,25664386.140099943,39.43996967418051,38.74798247197927,0.6919872022012383,12.693882010773889,12.228008161956136,3.858425217365128,4.7956722622597185,98.24546720517827,1.7545327948217204,99.99999999999999
2017,11,65+,4167,199,9129629.310699984,32.69507395084086,32.101110035039305,0.5939639158015536,15.39919271860075,14.98793144335337,3.5965548349535164,4.576846005240081,98.18332291679592,1.8166770832040828,100
2017,12,16-24,6507,344,18310025.917200036,31.650873367481307,30.964652371644423,0.6862209958368752,13.640048625221361,13.189091862024823,3.656651654049337,5.085423166579493,97.83190502243164,2.168094977568333,99.99999999999997
2017,12,25-34,12118,677,33736545.286799856,39.98174874674748,39.232921701013026,0.7488270457344257,11.405852764872089,10.875373741978935,3.9913379027511815,5.27216873179938,98.12707780623185,1.8729221937680824,99.99999999999993
2017,12,35-44,12312,725,31599166.71480011,40.86945691984419,40.121421048704285,0.7480358711398857,11.653219032363076,11.091128078787724,4.1311799823422435,5.532352049274791,98.16969461422744,1.8303053857725142,99.99999999999996
2017,12,45-54,12568,702,32014485.813899927,41.06283254703798,40.304955066127015,0.7578774809110171,11.947852527493103,11.320576476523666,4.22017967192199,5.368489981974924,98.15434680488053,1.8456531951195994,100.00000000000013
2017,12,55-64,10565,573,25478631.093999993,39.749329930491946,39.05134695997878,0.6979829705131959,12.508637643412921,12.083188096270115,3.7924785864065447,5.1717810903518595,98.24403839829827,1.7559616017017914,100.00000000000006
2017,12,65+,4036,203,9017502.44449999,32.949031429907734,32.31104390968161,0.6379875202261726,15.387309450604697,14.928434941023225,3.8858612913982085,4.738572843532991,98.06371388614772,1.936286113852419,100.00000000000014
2018,1,16-24,6234,350,17824582.782599945,31.253527537565272,30.56507817938566,0.6884493581795957,13.685080613271433,13.201388431580641,3.7175011271124947,5.4409708941223105,97.79721070732855,2.202789292671402,99.99999999999994
2018,1,25-34,11675,638,33333963.203100048,39.51879765435137,38.818533598941116,0.7002640554102837,11.37233547476064,10.98317143354758,3.776382738657782,5.29506622043625,98.22802287272233,1.7719771272777538,100.00000000000009
2018,1,35-44,12186,713,31282395.39249989,40.30377375615815,39.53747977897926,0.766293977178848,11.665471858648408,11.122607540921642,4.0973843308378886,5.701738866287838,98.09870415158876,1.9012958484111264,99.99999999999989
2018,1,45-54,12311,666,31447086.928600036,40.44377480906538,39.68093662690039,0.7628381821650645,11.932308038142196,11.218863564419529,4.378317334556656,5.328018673412278,98.11383040834752,1.8861695916526466,100.00000000000017
2018,1,55-64,10432,537,25203632.959900074,39.160869517805025,38.450410950613986,0.7104585671910613,12.719108803396574,12.127474746450918,4.183754034274185,4.812336453358705,98.18579470798518,1.8142052920148812,100.00000000000006
2018,1,65+,3964,206,8803375.015200015,32.41953372231937,31.81863073234496,0.6009029899744436,15.645688078171935,15.183100916683149,3.6163659296398936,5.112938208616954,98.1464786164993,1.8535213835008035,100.0000000000001
2018,2,16-24,6325,356,18450827.55599995,31.09918157065013,30.376393651396963,0.7227879192531564,13.736500823352669,13.26638352808185,3.7182641096883335,5.482844412423294,97.6758619270698,2.3241380729301504,99.99999999999996
2018,2,25-34,11789,690,34037700.3598001,39.7117209158262,38.92589365999928,0.7858272558269003,11.534159177405353,10.918151906269424,4.188657747731584,5.655044112419898,98.02117048139876,1.978829518601212,99.99999999999997
2018,2,35-44,12144,727,31544031.82519978,40.52600861167192,39.7736492889921,0.7523593226798847,11.770875381433497,11.158471253223645,3.966479767942407,5.783390490186481,98.14351487241422,1.8564851275859358,100.00000000000016
2018,2,45-54,12331,713,31781658.932799924,40.72978432369273,39.939495519218774,0.7902888044739095,11.899480976420287,11.231555518612035,4.389298538494311,5.551089394138731,98.05967839605218,1.9403216039476896,99.99999999999987
2018,2,55-64,10446,566,25659157.607100144,39.59055947807877,38.86027026866546,0.7302892094132835,12.887760425001712,12.346185853567722,4.299087667742139,5.18096241683376,98.15539558157124,1.8446044184287003,99.99999999999994
2018,2,65+,4039,176,9144784.53259995,32.88464811366116,32.3688948855685,0.5157532280926326,15.311412650990569,14.977619913670997,3.470552115359761,4.1802838605680614,98.4316291714297,1.5683708285702316,99.99999999999994
2018,3,16-24,6200,335,18305597.185399976,31.219216101171515,30.619160552458773,0.6000555487127632,13.523528933149635,13.246920619914011,3.2235602815587545,4.95609629290647,98.07792884110815,1.9220711588919297,100.00000000000007
2018,3,25-34,11860,694,33990012.30409997,39.73436103782728,38.95353238236956,0.7808286554576692,11.78949490064648,11.244278310678279,4.231975509497449,5.742741052684324,98.03487803738842,1.9651219626114462,99.99999999999987
2018,3,35-44,11862,650,31326005.915799897,40.47640772801108,39.71909406388275,0.7573136641283248,11.66278305029536,11.061396132928962,4.200478760193251,5.296341783754775,98.12899981337956,1.8710001866204087,99.99999999999997
2018,3,45-54,12095,700,31452559.11189987,40.775696292076155,40.00104978413322,0.7746465079428717,11.822748543795116,11.320523952059993,4.131695142618476,5.441450055021034,98.10022494185228,1.8997750581475832,99.99999999999986
2018,3,55-64,10047,511,25228531.088199884,39.45277846163021,38.80894593150728,0.6438325301229015,12.876904441900278,12.487849591183238,3.730973143860624,4.8224214023663485,98.36809331249233,1.6319066875076003,99.99999999999993
2018,3,65+,4039,184,9317133.636100043,33.01533866386164,32.503782355767854,0.5115563080938106,15.703275801002516,15.295755201351312,3.439527593873364,4.392718796199581,98.45054956636342,1.5494504336366435,100.00000000000007
2018,4,16-24,6312,330,18367624.362500075,31.25381150820016,30.643743320412213,0.6100681877879379,13.648589665782149,13.205555729526667,3.434202429450622,4.966620967937914,98.0480198787022,1.9519801212977572,99.99999999999996
2018,4,25-34,12272,683,34524042.23139999,39.926941542178135,39.164413935336675,0.762527606841375,11.403670736426957,10.765185165097504,4.194677885293846,5.288083514564653,98.09019279366555,1.9098072063342342,99.99999999999979
2018,4,35-44,12377,695,31999220.53319982,40.7895183618143,40.096597134692686,0.6929212271216152,11.239828663866547,10.709860410701733,3.780568433884649,5.342905464607075,98.3012272393726,1.6987727606274052,100
2018,4,45-54,12323,709,31700850.053400066,41.22772128774558,40.428821613618936,0.7988996741266786,11.91753333718961,11.292444968300142,4.218415729388403,5.2899769346094745,98.06222694543123,1.9377730545688476,100.00000000000009
2018,4,55-64,10320,529,25843554.70039991,39.741362432843296,39.0895320187463,0.6518304140969944,12.87245891524893,12.476527043918702,3.838410102630371,4.783795674133283,98.3598186519184,1.6401813480815766,99.99999999999999
2018,4,65+,4160,188,9491901.459199991,33.530945143000444,32.96715047775843,0.5637946652420305,15.96134686516756,15.463831985884562,3.6134050987371347,4.227461291341935,98.3185840338303,1.681415966169752,100.00000000000006
2018,5,16-24,6272,321,18285858.24480006,32.095930371772305,31.444652830960845,0.6512775408114415,13.552909184277626,13.170419779750478,3.5066181291970087,4.870146622476663,97.97084074751034,2.0291592524896127,99.99999999999994
2018,5,25-34,12191,663,34752428.516099945,40.06138771215708,39.29714214581347,0.7642455663435344,11.352975645145738,10.655162439362412,4.11659400726543,5.185697684019704,98.09231379642975,1.9076862035700661,99.99999999999982
2018,5,35-44,12404,668,32073584.529600054,40.845947948155185,40.16500853317206,0.6809394149831977,11.428314181840426,10.867600372936726,3.943391515522558,5.003466834893278,98.33290828297724,1.6670917170229425,100.00000000000018
2018,5,45-54,12213,686,31849664.64640006,41.30248061863946,40.50685739868937,0.7956232199501102,11.73564869455026,11.05814355807425,4.2949310356526125,5.210796404374655,98.07366722765066,1.926332772349398,100.00000000000006
2018,5,55-64,10575,536,26304470.97580019,39.97551426115738,39.278357301628674,0.6971569595287069,12.78126067241466,12.27237854633903,4.2223101135752925,4.749533121002046,98.2560400474795,1.7439599525205025,100
2018,5,65+,4159,165,9655590.079799986,33.38564779171706,32.9834393532681,0.40220843844899923,15.806343945971523,15.618677696825031,2.7814014921604278,3.5969807596388166,98.79526543573989,1.2047345642602347,100.00000000000013
2018,6,16-24,6737,368,19546071.28420003,33.05692603108418,32.34311944825039,0.7138065828337651,12.912647841085876,12.582383783284895,3.751136441224452,5.013710649833581,97.8406746526807,2.159325347319217,99.99999999999991
2018,6,25-34,11814,658,33858920.61880014,39.947017844077195,39.15486668422873,0.7921511598484761,11.299550587008282,10.795552127373234,4.242655308831917,5.284010425620593,98.01699550404382,1.9830044959561994,100.00000000000001
2018,6,35-44,11888,635,31007354.63200006,40.737243309437375,40.02028035737838,0.7169629520590306,11.73744728066795,11.235699658297529,4.165741629445039,4.988104554084742,98.24003075855431,1.7599692414457895,100.0000000000001
2018,6,45-54,11624,646,30710495.842899993,40.932866589030645,40.1407564474933,0.7921101415372942,12.158144491479213,11.52610180058555,4.354609403325295,5.223058057432306,98.06485543880864,1.9351445611912435,99.99999999999987
2018,6,55-64,10071,514,25297018.324399862,39.699588532990504,39.00020446516406,0.6993840678264883,12.991422775061741,12.497089533051094,4.233901888799616,4.7441441177375285,98.23830902618738,1.7616909738127324,100.00000000000011
2018,6,65+,3866,171,9067824.5459999945,33.65955639598665,33.153183424409335,0.5063729715773445,15.64304611086781,15.396598202094955,3.563889083570848,3.9085045647066536,98.49560414397591,1.5043958560241786,100.00000000000009
2018,7,16-24,6982,408,20272377.284899976,33.503704081854565,32.66544300537696,0.8382610764775855,12.759675377974435,12.36077152300992,4.340337608302339,5.640783567853972,97.49800477454788,2.501995225452052,99.99999999999993
2018,7,25-34,11548,694,33751415.49310011,39.96486280981444,39.1369179325007,0.8279448773137443,11.422923527638783,10.910528190193029,4.280368626156942,5.6032816685469715,97.92831797958677,2.0716820204132422,100.00000000000001
2018,7,35-44,11531,622,30392644.324900024,40.83254415222701,40.14209484613918,0.6904493060877817,11.872111533940052,11.37308628564952,3.9271230861623145,4.990215984455934,98.30907105980519,1.6909289401946914,99.99999999999989
2018,7,45-54,11166,650,29994562.665000003,40.690372690016034,39.84433394134941,0.8460387486666493,12.549881609383982,11.906204613872106,4.559140028869069,5.4570908290320945,97.92078889246888,2.079211107531185,100.00000000000006
2018,7,55-64,9861,516,24813568.716400046,39.83520333145819,39.083396654634996,0.751806676823166,12.879326456116312,12.504409863315749,4.101999666836638,5.144883272498556,98.11270782135186,1.8872921786480708,99.99999999999993
2018,7,65+,3857,181,8986649.558499996,33.653889284036936,33.18721173985332,0.4666775441836656,16.138095036197615,15.755098018267217,3.2469678120310603,3.941718906407717,98.613302788736,1.3866972112641522,100.00000000000014
2018,8,16-24,6452,352,18865843.01740003,33.33470938101591,32.63010857826672,0.7046008027491768,13.088933757686345,12.602904532034536,3.6295669626649865,5.1477229509664335,97.88628484893749,2.113715151062473,99.99999999999997
2018,8,25-34,11698,686,33968505.430900194,39.97292858515146,39.1712418272752,0.8016867578762445,11.627256214792686,10.987784338521397,4.26829364168433,5.546398553897372,97.9944257620042,2.0055742379957695,99.99999999999997
2018,8,35-44,11897,611,31187050.00250003,40.895085249523895,40.182146325316104,0.712938924207889,11.976280069428709,11.452351470937979,4.047547953327795,4.931290676985204,98.25666355783892,1.7433364421613207,100.00000000000024
2018,8,45-54,11480,692,30613383.73890015,41.095496802363705,40.26134744102568,0.8341493613380424,12.250345532926774,11.614823526151083,4.439740136061596,5.463675093761764,97.97021711320436,2.0297828867956755,100.00000000000003
2018,8,55-64,10093,498,25229620.334400028,39.79652596794337,39.14388710810089,0.6526388598424213,12.565510043115218,12.272399914652043,3.773378652241974,4.606755203189785,98.36006072397328,1.6399392760265825,99.99999999999986
2018,8,65+,3912,173,9086313.938799992,33.717279885726796,33.178236735832414,0.5390431498943844,15.543296484187428,15.170181536947274,3.5257238432491835,4.119012655966283,98.4012851816004,1.5987148183996072,100.00000000000001
2018,9,16-24,6433,333,18609344.307200022,31.908041868098472,31.353420182437734,0.55462168566072,13.583594760815355,13.272531289277126,3.1258479773610386,4.751100065669267,98.26181221663983,1.7381877833601205,99.99999999999994
2018,9,25-34,12290,741,34858346.86629992,39.99134307477776,39.197419532007615,0.7939235427700476,11.579495423425712,11.016919645177218,4.11349349099836,5.658524414440684,98.01476149154173,1.9852385084580197,99.99999999999976
2018,9,35-44,12363,670,31933449.788799804,41.04914077416885,40.319338787683414,0.7298019864854657,11.81414901470184,11.298017474703162,4.114015306250032,5.0320748250744955,98.22212603547435,1.7778739645257349,100.00000000000009
2018,9,45-54,12111,674,31799278.361600157,41.15417696311026,40.36772596570637,0.7864509974037523,11.877775867744388,11.353443233231891,4.296953059229009,5.299531969363842,98.08901293759598,1.9109870624036789,99.99999999999966
2018,9,55-64,10244,550,25872633.721299995,39.83598892356637,39.1803281873487,0.6556607362177607,12.640960743582854,12.24710644027256,3.7005241771059962,4.901164445643786,98.35409951168606,1.645900488314178,100.00000000000024
2018,9,65+,4056,189,9515031.516099969,33.34569772460936,32.84419682157756,0.5015009030317817,15.63362366574643,15.270298787714935,3.1197735695423976,4.397766251136016,98.49605515178143,1.5039448482185171,99.99999999999996
2018,10,16-24,6315,309,18609502.64249997,31.403656407111367,30.79714335406374,0.6065130530475986,13.894110956237395,13.47690816294691,3.4738687114643003,4.882562473888543,98.06865466496988,1.9313453350300112,99.9999999999999
2018,10,25-34,12267,704,34931768.59329996,39.61695710549376,38.917172759304464,0.699784346189347,11.398211463590288,10.950355715945054,3.8311800485266088,5.373818105390883,98.23362419196941,1.7663758080307146,100.00000000000013
2018,10,35-44,12304,702,32264907.47990003,40.8233595416491,40.067371751657895,0.7559877899911938,11.863788381417105,11.262855302724903,4.159069399784861,5.265331943252372,98.14814900468951,1.8518509953104534,99.99999999999997
2018,10,45-54,12107,717,31752679.224199854,41.09921424321283,40.25650609458183,0.8427081486310161,12.041147836099057,11.484222471001356,4.328538228979875,5.873878747776754,97.94957600978914,2.0504239902109123,100.00000000000006
2018,10,55-64,10394,562,26013588.226599973,39.83215154307571,39.17046536780606,0.6616861752697061,12.783834161440186,12.455970869945428,3.7997976571250507,5.019559195854414,98.33881387362648,1.6611861263736616,100.00000000000014
2018,10,65+,4019,228,9472571.5788,33.288430069382166,32.563235284707844,0.7251947846743255,15.691175447712101,15.239579999183693,4.026030840954543,5.545367025524702,97.8214809675229,2.1785190324771153,100.00000000000001
2018,11,16-24,6230,317,18530054.467600048,31.4500264585989,30.843680065681074,0.6063463929178187,13.777367059748086,13.47549423973632,3.1806251185607297,5.0488559676704,98.07203216914293,1.9279678308570538,99.99999999999999
2018,11,25-34,12142,695,35049767.09169986,40.00671510257377,39.30781429272212,0.698900809851629,11.308941550021459,10.847316260997252,3.8304343335779207,5.384034431848999,98.25304125055074,1.746958749449205,99.99999999999994
2018,11,35-44,12245,695,32262299.394999944,40.86043236221141,40.13594279979901,0.7244895624123574,11.884010706859288,11.135717487873384,4.053333324392148,5.434282844302536,98.22691655342732,1.7730834465725833,99.9999999999999
2018,11,45-54,12063,714,32094004.084699787,41.25488164928621,40.51487911886891,0.7400025304172696,11.867175319809476,11.34331963913933,3.934052979677601,5.678041741662125,98.20626674751325,1.793733252486674,99.99999999999993
2018,11,55-64,10434,538,25998827.829299975,39.994625195411984,39.3415460646842,0.653079130727763,12.580697726436204,12.169991067763423,3.769003384389562,4.722452005379731,98.36708275790343,1.6329172420965243,99.99999999999996
2018,11,65+,4153,203,9747303.985400012,33.146002814309604,32.59306373428572,0.5529390800238616,15.140520040501425,14.824706420969171,3.137860759580712,4.751747660622409,98.33180765982084,1.6681923401790997,99.99999999999994
2018,12,16-24,6123,290,18334575.254400052,31.509425560532616,30.880925284572562,0.6285002759600097,13.675137175154498,13.292172510720247,3.4442161068201096,4.855958964123452,98.00535787378084,1.9946421262190281,99.99999999999987
2018,12,25-34,11976,679,35035328.74149991,39.92258539463098,39.19921445023679,0.7233709443941994,11.261181255166166,10.857034203395434,3.805881931800879,5.350146739110495,98.18806588490264,1.8119341150973716,100.00000000000001
2018,12,35-44,11983,721,32217397.944300123,40.74245037638525,39.93794709011398,0.80450328627131,11.711528126322943,11.021742768700447,4.33865927335693,5.7953824617618634,98.02539297749856,1.9746070225015442,100.0000000000001
2018,12,45-54,11845,714,31849755.70940016,41.26692266374214,40.444280542183655,0.8226421215584724,11.737435475516873,11.054850030816347,4.530835003694828,5.91457037845982,98.0065338812354,1.9934661187645581,99.99999999999996
2018,12,55-64,10336,517,26196118.907299962,39.99865232032947,39.37774607941803,0.6209062409114121,12.328174511402189,11.936211500969808,3.611968483340678,4.532496991640733,98.4476820970394,1.5523179029605307,99.99999999999993
2018,12,65+,4144,211,9802781.313899988,33.12612351646029,32.53217517563133,0.5939483408289572,15.36749738649135,15.137586220840495,3.4507418266284904,4.947290581830353,98.20700921877012,1.7929907812298826,100.00000000000001
2019,1,16-24,5911,256,17569391.88000003,31.43774078902835,30.903619354223153,0.5341214348051752,13.49367313783721,13.137783444841796,3.1808661740338526,4.2206431125492045,98.30101838936338,1.6989816106365425,99.99999999999991
2019,1,25-34,11594,617,34466192.23699985,39.77444372629724,39.07103864524006,0.7034050810572032,11.461247309333002,10.702782861656958,4.212771228515068,5.189217951033176,98.23151497504887,1.7684850249511859,100.00000000000006
2019,1,35-44,11907,698,31811741.761899974,40.51395979420345,39.803404528723725,0.7105552654797468,11.263036777450859,10.71052487000819,3.9284372363419795,5.687502227768423,98.24614708340263,1.7538529165974286,100.00000000000006
2019,1,45-54,11671,707,31448537.39849992,41.01114985769473,40.187672702476284,0.8234771552185214,11.895775252094676,11.059814913964514,4.474067943078414,5.80628751748277,97.99206518696539,2.0079348130347925,100.00000000000018
2019,1,55-64,10378,525,25708390.26189986,39.60857987692427,38.99725432625409,0.611325550670187,12.399200899092381,12.059933284831057,3.507650058290186,4.631608251507873,98.45658301163598,1.5434169883640332,100.00000000000001
2019,1,65+,4087,201,9612934.59729996,32.63483726942402,32.086716891971335,0.5481203774526818,15.039050538073258,14.77390695349883,3.224047888590949,4.642927985023023,98.32044396934614,1.6795560306538515,100
2019,2,16-24,5996,300,18184489.866400056,31.10354130967278,30.524854244090363,0.5786870655824035,13.668563986281159,13.275723479572124,3.201967937324041,4.9729037401862595,98.13948173997007,1.8605182600298944,99.99999999999996
2019,2,25-34,11645,648,34606735.3468,39.64893279184094,38.95531902422439,0.693613767616469,11.256709505818943,10.856245351877593,3.6872195665770464,5.338190156878875,98.25061175982198,1.7493882401778102,99.99999999999979
2019,2,35-44,11766,669,31985406.416299943,40.14773750188443,39.48023446940387,0.6675030324804548,11.825796625593883,11.361663343564084,3.581888350977231,5.51579823541316,98.33738319015055,1.6626168098491827,99.99999999999973
2019,2,45-54,11571,723,31549797.89649994,40.622492468111155,39.83563395032156,0.7868585177895562,11.844661043477645,11.126883507067937,4.196385916694829,5.828069426092853,98.06299793542387,1.9370020645760322,99.9999999999999
2019,2,55-64,10449,503,26093081.481800076,39.464531401649516,38.84213214619057,0.6223992554588703,12.570668566104793,12.172975211874332,3.6201255149187905,4.411188927619887,98.4228895330734,1.5771104669263998,99.9999999999998
2019,2,65+,4201,206,9996640.841599993,32.58620201157124,32.04564176272115,0.5405602488500634,15.573207297535555,15.194806932995599,3.5291315984208067,4.404139490216337,98.34113761199252,1.6588623880073918,99.99999999999991
2019,3,16-24,5895,299,18316288.70039998,30.892857469326973,30.283161061350203,0.6096964079768047,13.804382838362285,13.441274704170752,3.39304392528495,5.074029347876051,98.02641627249234,1.9735837275077663,100.00000000000011
2019,3,25-34,11543,653,34579406.79029986,39.98618687770456,39.216451711586366,0.7697351661181923,11.765532016100783,11.179197970176771,4.312708184307696,5.4629000336984,98.07499732727108,1.925002672728917,100
2019,3,35-44,11635,704,31752079.29650004,40.39964629910373,39.68405171886144,0.7155945802423255,11.764908946949879,11.306540277049175,3.8699844392150005,5.673444943489326,98.22871077894024,1.7712892210598412,100.00000000000009
2019,3,45-54,11323,643,31298092.4677,41.085686892307066,40.27932705874064,0.8063598335663884,11.796189271066401,11.307350503808728,4.351540765238758,5.229463831347287,98.03737044562493,1.9626295543749865,99.99999999999991
2019,3,55-64,10120,535,25945367.00910008,39.72431949477944,39.035678075286945,0.6886414194924778,12.88248126990089,12.2764932365299,4.0032440413705235,4.909534529433442,98.26644879446458,1.7335512055353874,99.99999999999997
2019,3,65+,4057,205,9783177.359800013,32.869812354160686,32.27178418856284,0.598028165597889,15.533149879113507,15.225460300211086,3.5145520069707885,5.030034052352696,98.18061582112395,1.8193841788761842,100.00000000000013
2019,4,16-24,6031,300,18353035.515800036,31.130778384416825,30.532540442396478,0.5982379420204258,13.28379084606212,12.919420880932421,3.345166421762729,4.901300466757082,98.07830715109966,1.9216928489005805,100.00000000000024
2019,4,25-34,11756,664,34716980.104700096,39.968350511798874,39.246630624713646,0.7217198870851054,11.141758637337219,10.694076212727397,3.8674841616243443,5.447026755774717,98.19427152273353,1.8057284772661553,99.99999999999969
2019,4,35-44,12048,673,32277936.83529985,40.61928804670193,39.96042179262211,0.65886625407985,11.265226915924462,10.90515296348676,3.5890521738773944,5.351746433219488,98.3779473108384,1.6220526891616613,100.00000000000006
2019,4,45-54,11540,689,31506027.703699835,41.122528775512805,40.34274804553789,0.7797807299748845,11.54818460631171,10.994127658795117,4.1367967327807245,5.370249045712954,98.103762698467,1.8962373015329246,99.99999999999991
2019,4,55-64,10279,509,26256248.379800133,39.978362922818064,39.280031953184725,0.6983309696333541,12.790338125328793,12.209617865345969,4.043480865845553,4.747860829040077,98.25322769973965,1.7467723002603852,100.00000000000004
2019,4,65+,4148,207,9876053.896199988,33.39912474128119,32.80550690661587,0.5936178346652963,15.973735786757278,15.5489216330051,3.4757282515338366,4.690818998853899,98.22265451785444,1.7773454821454855,99.99999999999993
2019,5,16-24,6011,324,18603554.4939999,32.23031090438041,31.54793198312125,0.682378921259071,13.461810999694666,13.027695382124634,3.707935117390545,5.164801334120818,97.88280378900589,2.1171962109938227,99.99999999999972
2019,5,25-34,11596,622,34954829.713799804,40.17709256431769,39.45103921643428,0.7260533478834433,11.327203357429713,10.776307639484775,3.9745238164774377,5.3711402998447255,98.19286737406122,1.8071326259388665,100.00000000000009
2019,5,35-44,11803,658,32327452.074799947,40.703972230689274,40.03026234886788,0.6737098818213861,11.503158205031646,11.047516441296814,3.7329761575580775,5.2796512618774365,98.34485470360693,1.6551452963930486,99.99999999999997
2019,5,45-54,11381,684,31451316.54519996,41.22161168242652,40.43572081972836,0.7858908626981567,11.5916080090288,10.962503480546891,4.195981102613453,5.644519908566236,98.09349797200385,1.906502027996143,99.99999999999999
2019,5,55-64,10098,515,26047642.668099757,40.08409441004772,39.33771701434932,0.7463773956984459,12.702674809638644,12.098811110574283,4.419403079168483,4.806894604068763,98.13797116616085,1.8620288338392756,100.00000000000013
2019,5,65+,4110,196,9966568.099800004,33.84598965354668,33.30913339587386,0.536856257672826,15.851343451036271,15.49478627882693,3.310128562486366,4.472385633013882,98.41382608938851,1.5861739106115025,100.00000000000001
2019,6,16-24,6576,399,19798399.972400025,32.861838975785076,32.16870409907131,0.6931348767138003,12.629856585661603,12.305367843147822,3.6849597300886896,5.4598870691920975,97.89076053465993,2.1092394653401807,100.00000000000011
2019,6,25-34,11207,607,34141591.59600015,39.86394431571997,39.152002473962106,0.7119418417578302,11.636473256584194,11.195888875002334,3.9572542746404014,5.251460170679481,98.21407074995057,1.7859292500493553,99.99999999999991
2019,6,35-44,11332,624,31434192.863400135,40.57589013811677,39.84492457256365,0.7309655655530852,11.665346349330564,11.156824279515597,4.142976038431003,5.128621516403143,98.19852241549113,1.8014775845087874,99.99999999999991
2019,6,45-54,11136,665,30371983.700300045,40.949944004609414,40.085296440784326,0.8646475638250968,11.763387862183963,11.320492961081952,4.526610411193388,5.680760802209166,97.88852565041906,2.1114743495809667,100.00000000000003
2019,6,55-64,9798,523,25563876.980900135,40.08210191260742,39.28342206276093,0.798679849846511,12.85062507562124,12.274743959509731,4.299146469487807,5.251800195655321,98.00739030206579,1.9926096979342651,100.00000000000006
2019,6,65+,3916,211,9543197.95960004,33.90853993900195,33.28230823261804,0.6262317063839331,16.335143152093305,15.899072468154174,3.5684611584136823,5.1513664044395835,98.15317407499576,1.8468259250043233,100.00000000000009
2019,7,16-24,6711,399,20290304.09460014,33.47152993091605,32.775580592174585,0.6959493387414547,12.922451646451863,12.596269338252652,3.49559134548423,5.663094613775646,97.92077224979593,2.0792277502040313,99.99999999999996
2019,7,25-34,10997,620,33600495.57050016,40.01451608751936,39.23608237557241,0.7784337119469058,11.909771274930655,11.408548310731408,4.240794686387592,5.397648601326875,98.05462170217336,1.9453782978265266,99.99999999999989
2019,7,35-44,10808,636,30710357.346899983,40.59332023702546,39.77374668006908,0.8195735569563691,11.735611618618968,11.324879867444379,4.431200957096972,5.503749424363559,97.98101374272696,2.018986257273014,99.99999999999997
2019,7,45-54,10621,667,29541133.433800045,40.79452620988626,39.96533674613425,0.8291894637520356,12.18482101231074,11.814337421838777,4.384089345457782,5.892878466566229,97.96740018627533,2.032599813724733,100.00000000000006
2019,7,55-64,9606,554,25081563.939200066,40.00265122639705,39.15106003082502,0.8515911955720414,12.971451920398044,12.339789416441457,4.821191424582377,5.600219719172736,97.87116311178376,2.1288368882162776,100.00000000000004
2019,7,65+,4041,210,9834048.952800013,33.689598531321955,33.11140239626194,0.578196135060019,15.818342386242483,15.530032426927738,3.3658479417457574,4.853548413180308,98.28375474845016,1.7162452515498439,100.00000000000001
2019,8,16-24,6477,346,19381328.998399958,33.22262803404026,32.499346142398245,0.7232818916420684,12.916377715410373,12.545051071681591,3.7870816556019227,5.197632124108537,97.8229239092677,2.177076090732455,100.00000000000016
2019,8,25-34,11598,679,34384762.518399924,40.00761158380151,39.23184263679699,0.7757689470045328,11.870767986115212,11.321778588126161,4.15774441472481,5.612025074093186,98.06094661417224,1.939053385827786,100.00000000000003
2019,8,35-44,11487,662,31754378.70920005,40.84732683222055,40.08541423158798,0.761912600632629,11.676552508896973,11.164729614780585,4.179665258622684,5.313539574027793,98.13473081418006,1.865269185820084,100.00000000000014
2019,8,45-54,11030,640,30401752.743399847,41.02749488394856,40.213645694843066,0.8138491891054379,11.984799931797433,11.406524188661864,4.393929533400931,5.585166401199116,98.01633223912995,1.9836677608699065,99.99999999999986
2019,8,55-64,9960,499,25633029.806299917,40.19270995431777,39.45861120910522,0.7340987452125245,12.59267543862174,12.158466093895862,4.158236542795167,5.006702944591355,98.17355250231469,1.826447497685243,99.99999999999993
2019,8,65+,4079,216,9982550.747699983,33.6102626092941,32.957946519130445,0.652316090163663,15.868589024915991,15.399016079546199,3.6540579267005717,5.086524994796457,98.05917586022292,1.9408241397771193,100.00000000000004
2019,9,16-24,6259,318,18982248.379799973,31.546306332480288,30.952623226726967,0.5936831057532906,13.265792392647718,13.061639648747244,3.1825442003191404,4.876483448004243,98.11805826173044,1.8819417382694674,99.9999999999999
2019,9,25-34,11585,689,35232253.60710008,40.50669194358035,39.71598298295662,0.79070896062368,11.38592905733007,10.827459136788372,4.040484474306953,5.9186043363964025,98.04795473862671,1.952045261373151,99.99999999999987
2019,9,35-44,11904,694,33017186.673200004,41.098468240076684,40.361717580177384,0.7367506598993452,11.427311369101071,10.913428140716253,4.046887334878049,5.357593917400104,98.20735250862496,1.7926474913751447,100.00000000000011
2019,9,45-54,11445,717,31400294.809300035,41.50244398393441,40.608362302223895,0.8940816817103576,11.783483142294271,11.064799933756424,4.518397178911086,6.018364937262597,97.84571317762247,2.1542868223771507,99.99999999999962
2019,9,55-64,10180,575,26550097.668399762,40.22286093069823,39.411188741949516,0.8116721887486321,12.766736781167168,12.15374611348775,4.333802148521538,5.502530732829709,97.98206251378494,2.017937486214863,99.9999999999998
2019,9,65+,4261,215,10327429.21019999,33.65581090042341,33.08905858669953,0.5667523137238383,15.678344702428058,15.293699220420148,3.3396666757069453,4.685423420013251,98.3160342937488,1.6839657062510658,99.99999999999987
2019,10,16-24,6126,300,19100044.76659996,31.398410003441906,30.771664826528312,0.6267451769135802,13.60581264927899,13.190060431560724,3.41002201920657,4.9119766988222064,98.00389517544076,1.996104824559193,99.99999999999996
2019,10,25-34,11702,697,35417057.59540002,40.33891208588319,39.52901706833864,0.8098950175444686,11.460670693456036,10.884692752408784,4.286326041018252,5.767432454257011,97.99227352532401,2.0077264746757897,99.9999999999998
2019,10,35-44,11925,700,32952951.210100066,40.89981761730054,40.138493441449306,0.7613241758513759,11.7009254773816,10.940773810986359,4.20741714182287,5.463185138174253,98.13856339660254,1.861436603397804,100.00000000000034
2019,10,45-54,11529,728,31511993.11709962,41.44239165212153,40.54265644739985,0.8997352047216233,11.871917784622312,11.182628193252672,4.665345211732047,6.132496884341363,97.82894961209215,2.171050387907725,99.99999999999987
2019,10,55-64,10183,554,26383201.213600114,40.09825208584085,39.36522701314679,0.7330250726940135,12.713970874852766,12.231314982120297,4.016423242649307,5.121742368410689,98.17192761638381,1.8280723836160755,99.99999999999989
2019,10,65+,4360,217,10515977.29140003,33.4826132036296,32.898834956236435,0.5837782473931807,15.91829936055776,15.595479093124167,3.3424942173495253,4.717446949088593,98.25647346029167,1.7435265397083695,100.00000000000004
2019,11,16-24,5974,317,18688634.051700007,31.376119915786962,30.71834269832995,0.6577772174570334,13.56785863169146,13.141117444629366,3.57928566109454,5.07386276587584,97.90357373944745,2.096426260552604,100.00000000000006
2019,11,25-34,11690,674,35752210.52279978,40.13595531006133,39.42232497297685,0.713630337084455,11.21228197399242,10.780788747332053,3.7362271253270243,5.544957548668943,98.22196748134813,1.7780325186518267,99.99999999999996
2019,11,35-44,11936,707,32895772.33909992,40.913581280168955,40.15927392692558,0.7543073532432809,11.287357869074363,10.727505846583881,4.045555031912305,5.596579681796192,98.15633994961719,1.8436600503825804,99.99999999999977
2019,11,45-54,11533,730,31646791.755600367,41.312924552310726,40.468465224496896,0.8444593278138768,11.786340253185433,11.070315873687202,4.3449543183003305,6.119742709013379,97.95594396435293,2.044056035647189,100.00000000000011
2019,11,55-64,10227,550,26341470.884400167,40.101677387980644,39.41902385458018,0.6826535334004173,12.747444298994754,12.298792608046316,3.937377468219033,5.002581798043758,98.2976933189207,1.7023066810791903,99.99999999999989
2019,11,65+,4415,199,10560281.55800004,33.63096760384666,33.145610421043436,0.48535718280324835,15.60308500991816,15.329916414390334,3.144036582478597,4.160174964910707,98.55681469376542,1.443185306234644,100.00000000000006
2019,12,16-24,5894,308,18350038.149800014,31.644148650673415,30.964594571428346,0.6795540792451109,13.814540249002771,13.418050559654432,3.5092550905493716,5.117795942621706,97.85251268173838,2.147487318261758,100.00000000000013
2019,12,25-34,11559,639,35664314.42300013,40.0122527423354,39.32491863497367,0.6873341073617067,11.214774806066169,10.716898784825691,3.8276141922776605,5.233129068917061,98.28219092839407,1.7178090716058718,99.99999999999994
2019,12,35-44,11952,703,32771654.580700148,40.58836025141806,39.87200206268862,0.716358188729526,11.819717226423528,11.235795773796907,3.94354760298118,5.355784740675428,98.235064968646,1.7649350313542123,100.00000000000021
2019,12,45-54,11442,707,31459570.484000027,41.36105344349396,40.49339191370344,0.8676615297905145,11.669653685725129,11.029098099286813,4.34242624951349,6.0110915174820105,97.90222574728207,2.097774252717919,100
2019,12,55-64,10134,544,26225321.9210999,39.80053932795434,39.15065585200785,0.649883475946486,12.42750299488791,11.964051061828458,3.7876659054630544,4.974699085582411,98.36714907154528,1.632850928454714,100
2019,12,65+,4382,201,10522042.932099996,33.35406332628945,32.8331589505547,0.5209043757347704,15.730547415412792,15.457743655648642,3.175202154504903,4.527722236777816,98.43825811974106,1.5617418802590002,100.00000000000007
2020,1,16-24,5791,296,18004659.203699905,31.178855979142398,30.59171211419062,0.5871438649517802,13.381169091324569,13.068084783917987,3.2126569753735175,4.977060462859821,98.11685244210193,1.883147557898082,100.00000000000001
2020,1,25-34,11353,630,35024718.498599954,39.70252287567059,39.002084659098436,0.7004382165721234,11.41707774949401,10.76346394933632,3.985239654098955,5.232779204130539,98.23578411184198,1.7642158881579455,99.99999999999993
2020,1,35-44,11678,664,32472169.370599978,40.5255489517356,39.7772781205944,0.7482708311413021,11.526767660872514,10.966305195481315,4.11917551012705,5.349999015381152,98.1535824917946,1.8464175082056615,100.00000000000026
2020,1,45-54,11275,729,31271005.03269978,41.017052590044734,40.13430633191736,0.8827462581274381,11.550617078112811,10.84921947373439,4.350831006769362,6.332015698662212,97.8478554591667,2.1521445408334623,100.00000000000016
2020,1,55-64,10097,535,25959278.127099782,39.46180340951377,38.767955737605824,0.6938476719079826,12.431826003528021,11.933507653126037,3.944459351738376,5.0553851693202585,98.24172335788215,1.7582766421179428,100.0000000000001
2020,1,65+,4249,212,10267526.97240005,32.929536905474215,32.339606085698236,0.5899308197759853,15.407360818797626,15.0394925624544,3.3581256815575435,4.9231659937080385,98.2085055691205,1.7914944308795153,100.00000000000001
2020,2,16-24,6062,317,18666120.43409998,30.870601661206045,30.23370048617759,0.6369011750284055,13.714816355711694,13.329944243735957,3.488871682376868,5.2095531395133605,97.9368682799959,2.063131720003941,99.99999999999984
2020,2,25-34,11620,654,35069508.45920031,39.600073738167005,38.92022891128454,0.6798448268825167,11.393131801725845,10.797919370421017,3.8490589781991575,5.269675861154462,98.28322333090198,1.716776669098155,100.00000000000013
2020,2,35-44,11695,710,32343512.381200004,40.433293864458086,39.60112988881198,0.8321639756461541,11.748204267057346,11.136742994299572,4.304611837862021,5.838221071801676,97.94188428369029,2.05811571630984,100.00000000000013
2020,2,45-54,11305,706,31164645.894700173,41.0724309878288,40.2157816992984,0.8566492885305054,11.500992768333287,10.918811619616989,4.329564046203851,6.007155360999527,97.9142961156006,2.0857038843996367,100.00000000000024
2020,2,55-64,10250,540,26328318.267599817,39.44640621844317,38.786948366535235,0.6594578519079417,12.36145322675943,11.917588965792428,3.8798827055836447,4.83156823337796,98.32821816959435,1.6717818304056609,100.00000000000001
2020,2,65+,4303,217,10449948.029000018,32.986606896042666,32.4348945680004,0.5517123280422382,15.328898992326954,15.024341369894882,3.2655168307501476,4.651134919055771,98.32746565968125,1.6725343403186643,99.99999999999991
2020,3,16-24,4790,209,17115003.775,30.60813559991163,30.062267589286567,0.5458680106250808,13.516107957582195,13.273780007344554,3.2506147037431528,4.201201113670217,98.21659176579628,1.7834082342037745,100.00000000000006
2020,3,25-34,9718,487,33936222.85269981,39.159487663777504,38.60604358983259,0.5534440739448946,11.403417073684977,11.039621716397855,3.4275767269952597,4.616548928559863,98.58669225017249,1.4133077498274573,99.99999999999994
2020,3,35-44,10164,616,31642129.818499938,40.0768472185327,39.372699713042365,0.7041475054903951,12.049648602952184,11.592802193165069,3.6901651403111124,5.600113820922327,98.24300673740444,1.7569932625957085,100.00000000000016
2020,3,45-54,9860,560,30591204.000700023,40.583750775006756,39.83338737592401,0.7503633990827799,11.835694843425959,11.187955866642666,4.10810742369804,5.292978785545502,98.15107429758599,1.8489257024140964,100.00000000000009
2020,3,55-64,9087,477,25749674.232699815,39.46063532472373,38.78426110882076,0.6763742159029993,12.452151590864208,12.055684293916697,3.904635376662627,4.8319044068525585,98.28595203717057,1.714047962829485,100.00000000000006
2020,3,65+,3752,186,9800089.772999998,33.09809651658999,32.50449086867776,0.5936056479122619,15.83403984505996,15.360278387483978,3.4941423613858666,4.715157150632357,98.20652632511755,1.7934736748825564,100.00000000000011
2020,4,16-24,3207,103,11753049.708800055,31.553312169004837,31.233775869793252,0.31953629921160476,13.471214124170821,13.326353029674362,2.775832162776107,2.857405882904985,98.98731297208961,1.0126870279104605,100.00000000000007
2020,4,25-34,7749,322,27825893.11480001,38.085923792351785,37.714515108222194,0.3714086841296445,11.807283732789346,11.685212396631226,2.7968166976924933,3.877040307202926,99.02481377068717,0.9751862293129643,100.00000000000014
2020,4,35-44,8475,481,27299568.003900193,39.00600353253435,38.378048253236486,0.627955279297858,12.59422043712786,12.224262939484085,3.7873020762569216,5.369134882979073,98.39010608001894,1.6098939199810343,99.99999999999997
2020,4,45-54,8263,424,25693334.9794,39.16168170642417,38.59826644318545,0.563415263238749,12.510925052910125,12.306034116848029,3.5499686606512153,4.72672482795132,98.56130983479626,1.4386901652038224,100.00000000000009
2020,4,55-64,7577,346,21781082.7033,38.43571317103369,37.84133586486612,0.5943773061675469,13.015261426482864,12.657620925227574,4.002764676896339,4.138595280038246,98.45358064901079,1.5464193509891409,99.99999999999993
2020,4,65+,2972,144,7676508.970999986,33.040033347757614,32.55199678112908,0.48803656662853745,16.023585604520726,15.584988686155178,3.466487882591252,4.002067292054239,98.5228932383579,1.4771067616421154,100.00000000000001
2020,5,16-24,3449,127,13154626.714399999,31.716217829030995,31.309243037945564,0.40697479108544876,12.728480674003656,12.50163898047578,2.837641961413603,3.674126430899981,98.71682432855246,1.2831756714475901,100.00000000000006
2020,5,25-34,7738,327,29330724.407800026,38.305224195816976,37.81577814056096,0.48944605525604773,11.32806376250562,11.101540125297094,3.253840429215431,4.008450446206297,98.7222472507824,1.277752749217681,100.00000000000009
2020,5,35-44,8594,459,28733384.421300177,39.55011501315788,38.95082001388748,0.5992949992704276,12.03340194080098,11.62606315090153,3.842221642195994,4.662515906086142,98.48471995828325,1.5152800417168166,100.00000000000007
2020,5,45-54,8340,404,26994765.775800064,39.69034254003432,39.09053268668432,0.5998098533499912,12.091251699756974,11.762015266990526,3.6842584712954656,4.773092631368874,98.48877632450515,1.511223675494821,99.99999999999997
2020,5,55-64,7670,341,22946072.034699965,38.667486641271,38.083104721889676,0.5843819193813202,12.401813502823314,12.090579468728663,3.908705738155754,4.050223252566167,98.48869949887668,1.511300501123317,100
2020,5,65+,3094,147,8106742.409400005,33.41305769545818,32.89329702396892,0.5197606714892343,15.959414824015802,15.516333311949401,3.5141394110964024,4.111199886079358,98.44443847005385,1.555561529946076,99.99999999999993
2020,6,16-24,3814,163,15614440.60539999,31.825443459892007,31.397814196574632,0.4276292633173683,12.618341899978915,12.458605453340947,2.750207610184846,3.7768699616177672,98.65632897195512,1.3436710280448654,99.99999999999999
2020,6,25-34,7468,353,30167516.49540003,39.085137123833015,38.547384687357976,0.5377524364749632,11.325951945725135,10.984401342899684,3.3972506119958794,4.372408804023125,98.62415108133999,1.3758489186598168,99.9999999999998
2020,6,35-44,8353,470,29385191.12190001,39.718816783932944,39.01762230941265,0.7011944745203249,11.820946776337038,11.39204307048317,4.2883605400618805,4.922568845305062,98.23460381930627,1.7653961806938119,100.00000000000009
2020,6,45-54,8095,417,27799051.769300044,40.0389080268304,39.33680598844169,0.7021020383887523,11.90142487099624,11.505798674346547,4.101852261658703,4.9978467702065235,98.24645058272262,1.7535494172774841,100.0000000000001
2020,6,55-64,7552,387,23528346.65400012,39.10014541764632,38.43390361576715,0.6662418018792221,12.997653087105284,12.51929833776981,4.200688339779671,4.634168685688874,98.29606310983569,1.7039368901644545,100.00000000000014
2020,6,65+,3205,139,8695061.596800018,33.86937955677984,33.27753686868505,0.5918426880948015,15.868230435809203,15.267371022402687,4.002505077068676,4.06804921117726,98.25257298527536,1.7474270147246576,100.00000000000003
2020,7,16-24,4346,202,17040165.241999995,32.11360426660241,31.576507283661073,0.5370969829413352,12.423387884840677,12.302359159574845,3.173658044083088,4.437373271688136,98.32750949260495,1.6724905073950445,99.99999999999999
2020,7,25-34,7621,394,29883979.1695002,39.19447130903592,38.576530460022475,0.6179408490134093,11.48611549231773,11.156673930921622,3.636168282809304,4.822105764853199,98.42339792227027,1.5766020777296434,99.99999999999991
2020,7,35-44,8504,487,29186557.507800013,39.5682540899958,38.826129113896314,0.7421249760994051,12.432024416061578,11.903267954417418,4.343097312911301,5.0012526472500305,98.1244434631572,1.8755565368425988,99.9999999999998
2020,7,45-54,8083,461,27308456.647499796,40.1642145686148,39.368066567266986,0.7961480013478,12.372322889813931,11.883892663416782,4.450091604756632,5.291590473430509,98.01776778184542,1.9822322181545347,99.99999999999996
2020,7,55-64,7601,404,23329970.854499996,39.533521716453485,38.839016336813245,0.69450537964023,12.794855146050688,12.32980873386788,4.13088303096601,4.900495327363337,98.243249400796,1.7567505992039745,99.99999999999997
2020,7,65+,3339,154,8979677.36409999,33.80678643296955,33.214194285976205,0.5925921469933947,16.118186839998913,15.424118313828366,4.108444753769386,4.156589002765465,98.24712074255176,1.752879257448375,100.00000000000013
2020,8,16-24,4522,188,16875526.173600003,32.359688564513895,31.84423266892779,0.5154558955861199,12.564628954176328,12.176467042460756,3.1661791155577483,3.7851003318596734,98.40710489361335,1.5928951063867047,100.00000000000006
2020,8,25-34,8406,431,31353618.365700174,39.81838009675979,39.16446389860482,0.6539161981549534,11.60389332367347,11.175107588012672,3.951547614437298,4.745679229889972,98.35775288556206,1.6422471144379014,99.99999999999997
2020,8,35-44,9276,519,30255129.63630017,39.94779432921627,39.21305346526604,0.7347408639501842,11.977694290721447,11.5014293553616,4.100733527534916,5.219886731555013,98.16074735467218,1.8392526453277125,99.9999999999999
2020,8,45-54,8661,493,28368619.580099914,40.34049609757829,39.58072092375848,0.7597751738198643,12.592214890759843,11.9206836921569,4.337955782335876,5.283571410543493,98.11659437211179,1.8834056278883367,100.00000000000013
2020,8,55-64,8170,420,24067060.418099914,39.632948050604014,39.00819898115842,0.624749069445643,12.936768046308618,12.592824650134654,3.935749866739378,4.5476237487519855,98.42366238149152,1.5763376185086029,100.00000000000013
2020,8,65+,3505,155,9230862.406599976,34.022727551236294,33.49302987992185,0.5296976713144382,15.95902011628354,15.552583558782983,3.3845977491177717,4.289997882720701,98.44310638964278,1.556893610357205,99.99999999999999
2020,9,16-24,5281,243,16791530.397900015,30.67485723986282,30.140519138356474,0.5343381015063462,12.868867023852394,12.537663422453175,3.16482413028207,4.229563075375308,98.25805839183514,1.7419416081648758,100.00000000000001
2020,9,25-34,9810,484,32402761.44950008,38.06823437392347,37.486820246878644,0.581414127044739,11.780396277386957,11.308184332167638,3.5479990352614976,4.605442598544394,98.47270529719368,1.527294702806087,99.99999999999977
2020,9,35-44,10575,618,30858244.83090009,38.72737386282024,38.006044245242194,0.7213296175779527,11.981554996258309,11.381736747010171,4.031296546596274,5.410755050229144,98.13741664969814,1.8625833503016243,99.99999999999976
2020,9,45-54,9858,520,28978975.693299938,39.16814276311804,38.38423366771301,0.7839090954050608,12.071460639823048,11.304762637412908,4.37264011797554,4.922618390303624,97.99860539687579,2.001394603124288,100.00000000000007
2020,9,55-64,9037,410,24666864.7374001,38.06101861704846,37.48870630010466,0.5723123169437688,12.905399130104716,12.452627568772474,3.8774882505898653,3.995980292158896,98.4963294789818,1.5036705210181005,99.9999999999999
2020,9,65+,3913,154,9701038.93289999,32.63322322162495,32.18389420744927,0.44932901417569593,15.631454228420257,15.189158375394143,3.218386733091262,3.8041297014945643,98.62309336983321,1.3769066301668311,100.00000000000004
2020,10,16-24,5660,259,17666011.01919997,31.333558803319946,30.82723406066705,0.5063247426529155,13.549398852544677,13.239753693621404,3.082903330227787,4.3510151837027955,98.38408159816417,1.6159184018358868,100.00000000000006
2020,10,25-34,10507,555,33334814.66049991,39.44893103689672,38.80210915228461,0.6468218846121117,11.542001859254263,11.052907408506067,3.694030062441152,4.929194500808294,98.36035637060195,1.6396436293980616,100.00000000000001
2020,10,35-44,10910,600,31114047.32579995,40.132599018324235,39.31341346019324,0.8191855581310065,12.111271988646351,11.338406665018681,4.469814959453963,5.346420323532213,97.95880262387949,2.0411973761205267,100.00000000000001
2020,10,45-54,10219,543,29482336.66430002,40.77587850708256,40.032131555269515,0.7437469518130742,12.231428235727924,11.61430642188591,4.275083638235334,5.030621934712288,98.17601243910941,1.8239875608906604,100.00000000000007
2020,10,55-64,9258,450,25072603.062800124,39.39614198249045,38.81678022648864,0.5793617560018002,12.48759059960189,12.143353705811792,3.5232640179999617,4.23853978559064,98.52939468981683,1.4706053101831558,99.99999999999999
2020,10,65+,4041,177,9946203.898999989,33.93724111757233,33.329791677579664,0.6074494399926246,16.360421996743113,15.751953715861161,4.243165713497659,4.10297768117372,98.21008007725727,1.7899199227426121,99.99999999999989
2020,11,16-24,5485,236,17340624.47109993,31.57771949935249,31.047712556325898,0.5300069430266036,13.28778789561249,12.942330952862678,3.0811490449406445,4.181016873459872,98.32157941919314,1.678420580806893,100.00000000000003
2020,11,25-34,10340,505,33127271.851200107,39.14260995257995,38.56486208562095,0.5777478669589461,11.335848154596263,10.937370518612303,3.4756108812062325,4.499934175370366,98.5239924786341,1.4760075213657688,99.99999999999987
2020,11,35-44,10686,581,31232681.734900128,39.88695669202627,39.14493515790991,0.7420215341164039,11.91074132474166,11.224865849130778,4.155037457374726,5.157297308223448,98.13968877133038,1.8603112286697476,100.00000000000013
2020,11,45-54,10126,554,29509566.906099956,40.36179106006805,39.55677252832559,0.8050185317423081,11.984011012544329,11.37792296888217,4.43227825954978,5.381057318980031,98.00549353584334,1.9945064641562782,99.99999999999962
2020,11,55-64,9000,407,24801283.0378,38.98848306919592,38.45365778663763,0.5348252825583094,12.466354449217338,12.118039027747004,3.354446015812548,3.9778698432511153,98.62824803517208,1.3717519648279544,100.00000000000003
2020,11,65+,3929,177,9865817.911000017,33.401769594478345,32.86014134223359,0.5416282522447614,15.4033763105555,14.993684499468515,3.3615496060834245,4.233317416433708,98.37844443926022,1.6215555607398062,100.00000000000003
2020,12,16-24,5190,233,16965749.04960003,31.886624883470887,31.302728558944455,0.5838963245264752,13.267109968340977,12.889503365786062,3.4607270404104455,4.3884165893491875,98.16883622314914,1.8311637768509965,100.00000000000014
2020,12,25-34,9974,468,33135638.90619983,39.69194206954968,39.08923725941355,0.6027048101361134,11.319882529293148,10.872571624631119,3.651348702254412,4.3703394550483425,98.48154366173353,1.5184563382664216,99.99999999999994
2020,12,35-44,10246,556,31030402.221900024,40.302801941573605,39.606892316223714,0.6959096253499275,11.71529945950184,11.209041498021499,3.966930930290199,4.9966613417138674,98.27329716093006,1.7267028390700423,100.0000000000001
2020,12,45-54,9748,511,29396056.87389996,40.71121047940861,39.94886331686464,0.7623471625440107,12.014121537623293,11.217942683070657,4.30412672863072,5.031090459663378,98.12742693335156,1.8725730666485574,100.00000000000011
2020,12,55-64,8707,426,24693723.276699893,39.51886500607602,38.901388762905064,0.6174762431709623,12.569397627969,12.093580001041564,3.720987538564959,4.436610504717755,98.43751523968105,1.562484760318965,100.00000000000001
2020,12,65+,3773,160,9620533.859700019,34.10943040792256,33.568658507072755,0.5407719008498167,15.524253518774646,15.159488356521654,3.5996939608953586,3.8549071019179815,98.41459709416843,1.585402905831615,100.00000000000004
2021,1,16-24,5235,222,16787011.339099962,31.956105020017294,31.474915971369583,0.48118904864772016,12.956325463069632,12.778843796009054,2.8916236149130983,4.069516007943718,98.49421871549647,1.5057812845035512,100.00000000000003
2021,1,25-34,10179,493,32734042.258700218,39.73396923083371,39.10249965017396,0.6314695806597516,11.237292332102028,10.441145563169561,3.8871940506740614,4.658474760460425,98.41075635562296,1.5892436443770355,100
2021,1,35-44,10573,549,30949778.67150008,39.85334360675796,39.182969340110716,0.6703742666471998,11.696053448333346,11.17948076962227,3.9771908377330623,4.888804540929743,98.31789705460606,1.6821029453938312,99.9999999999999
2021,1,45-54,9915,536,29208152.90659994,40.613127585553364,39.879260295429255,0.7338672901242075,11.6528714781779,11.103656548336433,4.12097970913546,5.090066939371775,98.19302936328116,1.8069706367190836,100.00000000000024
2021,1,55-64,8759,433,24375170.04380001,39.46768064984629,38.841613350419166,0.6260672994271731,12.218157304831136,11.77757459296565,3.6737199473777635,4.5900151534925575,98.41372158404357,1.5862784159565542,100.00000000000013
2021,1,65+,3627,160,9261936.446899988,34.14212130812465,33.639946095029075,0.5021752130956101,14.95493574444505,14.657579669628499,3.1747966581381006,4.144199854971698,98.52916223756701,1.4708377624330848,100.00000000000009
2021,2,16-24,5150,197,16991069.555000015,30.971100796302977,30.45601775502237,0.5150830412806223,13.256134552959722,12.902614502115462,3.2114032687219245,3.7712754210427883,98.33689139863542,1.663108601364624,100.00000000000004
2021,2,25-34,10125,495,32873366.418000128,39.34612916197292,38.73426019456211,0.6118689674108422,11.124489628365774,10.593017513507483,3.6918545299592465,4.536430302384355,98.44490682960965,1.5550931703904403,100.00000000000009
2021,2,35-44,10433,569,30884899.074799985,39.91044129058009,39.21503087606054,0.6954104145195142,11.902845145522788,11.276500524890398,3.99901695492247,5.378720867685902,98.2575727252515,1.7424272747483986,99.9999999999999
2021,2,45-54,9864,549,29420352.85279988,40.36259598972453,39.63221224981791,0.7303837399066069,11.911136692284476,11.326473618279497,3.999180627117227,5.314595581919397,98.19044409310898,1.8095559068909919,99.99999999999997
2021,2,55-64,8759,444,24821437.63919999,39.174899640270766,38.544329192530775,0.6305704477399667,12.535116373636509,12.056998447730054,3.652834459006645,4.733806242730873,98.39037124911539,1.6096287508845508,99.99999999999994
2021,2,65+,3620,162,9173265.040900009,33.506359302090345,32.9802805423049,0.5260787597854604,15.080923375716747,14.711877385413652,3.336482901399361,4.016131686563092,98.429913691779,1.570086308221019,100.00000000000003
2021,3,16-24,4997,218,17249344.529599953,31.24806421122009,30.69823945369235,0.5498247575277547,13.469063586077713,13.124454780561988,3.3024619329093223,4.1687939275955666,98.24045178027278,1.7595482197272618,100.00000000000004
2021,3,25-34,9973,498,33266254.017700095,39.71188501637411,39.04312707568857,0.6687579406855646,10.79470848706906,10.310418205003115,3.720870764837717,4.977206084337093,98.31597532977898,1.68402467022107,100.00000000000004
2021,3,35-44,10337,554,31180878.51280007,40.258808804969476,39.55643189309676,0.7023769118727531,11.720159638627138,11.031962437481354,4.031432297609266,5.147178092628653,98.25534601563766,1.7446539843624307,100.00000000000009
2021,3,45-54,9651,549,29507232.489099964,40.86480706985735,40.022418727003334,0.8423883428539792,11.835897058542985,11.037861696332635,4.306413278001534,5.545954034166072,97.93859703922259,2.0614029607773205,99.9999999999999
2021,3,55-64,8787,420,25257401.077399977,39.49344610088365,38.84245595235204,0.6509901485316475,12.620427542058446,12.069396513456686,3.8712549517126256,4.544375929980498,98.35165017793409,1.6483498220660004,100.00000000000009
2021,3,65+,3656,182,9457339.092900012,34.134660494837874,33.55965084902928,0.5750096458085727,15.287126613111973,14.88046613491703,3.3417524439276542,4.42633030589195,98.315466925779,1.6845330742209386,99.99999999999994
2021,4,16-24,5317,227,17343645.858499903,31.68646538239056,31.081232186790302,0.6052331956003111,13.44532317936444,12.991406304677852,3.713672047070287,4.248494914573466,98.08993149505211,1.9100685049480572,100.00000000000017
2021,4,25-34,10375,480,33288832.320800036,39.62662913938742,39.02319701606689,0.6034321233204866,10.903181238569132,10.362856797757711,3.7507436450991536,4.486190255964222,98.47720551450908,1.5227944854908113,99.99999999999989
2021,4,35-44,10680,604,31370451.44060008,40.40998723737715,39.647200917269195,0.7627863201079348,11.758569248792478,11.069055504946268,4.104489718519394,5.2589943476708925,98.11238168518297,1.8876183148169787,99.99999999999994
2021,4,45-54,9952,538,29252490.304200176,41.09274962258525,40.31174804401812,0.7810015785671294,11.902935002815848,11.286139603572348,4.188530841182867,5.419006513002389,98.09941757185827,1.9005824281417227,99.99999999999999
2021,4,55-64,9018,457,25183419.00869999,39.5583552033126,38.78039331977993,0.777961883532642,12.407657502998228,11.709471153733201,4.411105306375488,4.700255003862173,98.03338162182354,1.9666183781763904,99.99999999999993
2021,4,65+,3868,170,9675679.7714,34.62445881196479,34.14239309883663,0.48206571312819574,14.974158212184577,14.616523058227335,3.202079152699985,3.7053345384551224,98.6077306919189,1.3922693080811812,100.00000000000009
2021,5,16-24,5284,237,17523131.965299968,31.778447252894814,31.114856794886148,0.6635904580086832,13.483862730682661,12.943787431624685,3.966989423243022,4.669218766486611,97.91182227146665,2.0881777285333984,100.00000000000004
2021,5,25-34,10348,521,33425288.81110011,39.68959970598513,39.05073715575316,0.638862550231983,10.86782120783255,10.410731298526375,3.7900320282755686,4.82716903814509,98.39035274992801,1.609647250072022,100.00000000000003
2021,5,35-44,10566,583,31638675.95269994,40.30767159566524,39.637157657474006,0.6705139381911988,11.376061439797413,10.70991922779278,3.8714718292664276,5.226392336620171,98.33651036726383,1.6634896327360846,99.99999999999991
2021,5,45-54,9900,544,29372007.298100084,41.20080684347648,40.39387031031575,0.8069365331607112,11.504972366722516,10.846731301674808,4.239666350799995,5.6056424707020325,98.04145453697954,1.9585454630204102,99.99999999999996
2021,5,55-64,9047,460,25328035.14060015,39.845568995415874,39.0914479495996,0.7541210458162454,12.48006248480869,11.885654618753657,4.197819962167474,4.834124800061324,98.107390445589985,1.8926095544099393,99.99999999999993
2021,5,65+,3849,166,9661268.86069997,34.5586557864625,34.031442139162046,0.5272136473004609,14.63804489167811,14.273716025567621,3.3382670400821652,3.987570695471654,98.47443821149149,1.5255617885085213,100.00000000000001
2021,6,16-24,5454,278,18920066.33609996,32.74776193325003,32.08666773794933,0.6610941953007069,12.889225788519795,12.427149122025945,3.745926397597621,4.880100546150232,97.98125381316679,2.0187461868332237,100.00000000000001
2021,6,25-34,9442,483,32590538.185800016,39.69165616281296,39.02449510317536,0.6671610596376616,10.924909369193278,10.497327447897542,3.809899959759384,4.934413696183414,98.31914028252956,1.6808597174706041,100.00000000000017
2021,6,35-44,10059,553,30985795.93369994,40.24258386493555,39.49032947089402,0.7522543940415315,11.956762139144876,11.272460495974899,4.3528229607471,5.07568208693164,98.13070056195623,1.8692994380437662,100
2021,6,45-54,9323,485,28952390.622299895,40.862140271158914,40.0735312710988,0.7886090000600549,11.790178529941882,11.10664986566871,4.445506357678767,4.801003868500523,98.0700741693241,1.9299258306757523,99.99999999999986
2021,6,55-64,8531,414,24671452.586799983,39.66461392934665,38.89080621944252,0.773807709904129,12.669898585623816,12.015293255754809,4.422436305111723,4.675756817080162,98.04912330350047,1.9508766964995266,99.99999999999999
2021,6,65+,3654,163,9316535.689399969,34.09542300777231,33.565714998719685,0.5297080090526481,15.035689989775825,14.742044597388569,3.5345812956939695,4.018830891465349,98.4463955501245,1.553604449875566,100.00000000000007
2021,7,16-24,5695,296,19574201.049799927,33.26923747730463,32.56277409723011,0.706463380074527,12.508369746897639,12.09988337068293,4.066345614654239,5.009851757959863,97.87652668457928,2.1234733154207612,100.00000000000004
2021,7,25-34,9414,466,32492898.228300057,39.92658182134019,39.282892961880925,0.6436888594592519,11.547177462006944,11.059887282639243,3.8881541634927226,4.733864638335997,98.38781876610528,1.6121812338946813,99.99999999999997
2021,7,35-44,9842,553,30582860.112699993,40.18272468270181,39.46025815821791,0.722466524483912,11.78454088166575,11.298397991653324,4.076183454809263,5.129283308099036,98.20204694881004,1.797953051189994,100.00000000000003
2021,7,45-54,9146,499,28211861.234500084,40.45717983583155,39.70998842507415,0.7471914107574663,12.2703892460889,11.810428663611221,4.168627830516976,5.071787724342804,98.1531302631835,1.846869736816663,100.00000000000016
2021,7,55-64,8370,420,24136327.929199997,39.68190359856212,38.91063429257214,0.7712693059899527,12.846569943358205,12.299012218832353,4.585688242014855,4.787897047926393,98.05637019384844,1.9436298061514865,99.99999999999993
2021,7,65+,3573,149,9237279.71119999,34.009290691814435,33.49733785571422,0.5119528361002357,15.406853603763249,14.906831924996435,3.5852974868457874,3.8316905178355807,98.49466770495324,1.5053322950468226,100.00000000000007
2021,8,16-24,5441,230,18393984.092000004,32.908820755111535,32.317465007884884,0.5913557472266621,12.90339422483269,12.49247676325374,3.7837499149842957,4.0738296535001695,98.20304789519145,1.7969521048085877,100.00000000000003
2021,8,25-34,9504,459,32973171.503700018,39.753284467052694,39.1006597986343,0.6526246684182413,11.109734511095832,10.668262025322,3.7804233653850416,4.814424587036963,98.35831258431165,1.641687415687962,99.99999999999962
2021,8,35-44,10190,556,30923019.331100073,40.11076021474561,39.35656701584464,0.7541931989010052,12.121535541169806,11.48528356927124,4.411378001498896,5.1195883647357965,98.11972349847483,1.8802765015252616,100.00000000000009
2021,8,45-54,9319,506,28828049.993500024,40.873396398184354,40.121243247937066,0.7521531502473796,12.441585213060293,11.777368960015988,4.261059559477278,5.081719472979651,98.15979777427869,1.8402022257215482,100.00000000000024
2021,8,55-64,8357,369,24434026.28560002,39.692661043336585,39.09331087931836,0.5993501640182256,12.505084323683999,12.027375991140694,3.8026565100328096,4.143785279451485,98.49002271890048,1.5099772810995287,100
2021,8,65+,3711,151,9717932.177199993,34.18320657164879,33.70723635232043,0.4759702193283592,15.024202690495251,14.740634202756517,3.1074747105071108,3.837357109518808,98.60759048940972,1.3924095105902796,100
2021,9,16-24,5151,198,18103391.788500007,32.12305393159058,31.669720327662617,0.4533336039279296,13.5279994303976,13.172617814821168,2.9500219975410382,3.755824617527855,98.58875932253083,1.4112406774690573,99.99999999999989
2021,9,25-34,9580,452,33660944.76019989,39.75475438999396,39.16446685062006,0.590287539373925,11.129677639850692,10.670272982817831,3.5929110762813568,4.526211449363229,98.51517749655001,1.4848225034500449,100.00000000000006
2021,9,35-44,10374,585,32111037.35529998,40.771331099211764,40.00326746560484,0.7680636336069447,11.780712679784173,11.031831265691649,4.378670239093165,5.3706990805619474,98.11616738306155,1.883832616938508,100.00000000000006
2021,9,45-54,9488,539,30017771.863900058,41.08319372886551,40.30098531952524,0.7822084093402571,11.760789395630079,11.060853377305138,4.243229704401785,5.486012542058279,98.09603796992374,1.9039620300762274,99.99999999999997
2021,9,55-64,8396,388,25444095.3445001,39.72359897100342,39.113041132134974,0.6105578388684195,12.622900593351126,12.162295762349794,3.7036899406997947,4.489670916702209,98.46298458678397,1.5370154132159612,99.99999999999994
2021,9,65+,3840,173,10223901.39690001,33.716250120890244,33.20535410414233,0.5108960167479484,15.388402812667879,15.036511243680188,3.2039466547508315,4.167560843546415,98.48471874862689,1.5152812513732137,100.0000000000001
2021,10,16-24,5408,220,18522498.40329998,31.770673615329205,31.283034862131075,0.4876387531981542,13.494864895344694,13.185275185528411,3.1957110233256962,3.880623235858615,98.46512932302812,1.5348706769719567,100.00000000000009
2021,10,25-34,9871,485,34100350.962500006,39.50138797145826,38.87450330929424,0.6268846621639808,11.240746217163199,10.825667816332906,3.8302618889652575,4.687278721141987,98.41300598698716,1.5869940130127491,99.99999999999991
2021,10,35-44,10571,599,32208551.598700102,40.3530247361776,39.58808386773779,0.764940868439869,11.988259811237283,11.159753646054087,4.261948779706314,5.290264396020737,98.10437786648983,1.8956221335102998,100.00000000000013
2021,10,45-54,9611,530,29939332.736599904,41.01495167760211,40.1699563901763,0.8449952874258031,12.445271041902979,11.472793208068557,4.718975603631163,5.391501178737742,97.9397871925636,2.060212807436385,99.99999999999999
2021,10,55-64,8559,430,25291621.41459985,39.53263622897768,38.84989158321393,0.6827446457636765,12.540735351846642,12.051338843566313,3.884340053768499,4.594942100584923,98.27295948135304,1.7270405186467688,99.99999999999982
2021,10,65+,3867,182,10180258.252800027,33.793431768951244,33.25582966870053,0.5376021002507181,15.521211407917495,15.14972664848832,3.3527624300673327,4.391937146358979,98.40915209817591,1.590847901824095,100
2021,11,16-24,5144,219,18447698.789099958,31.513848596498228,30.933821190601808,0.58002740589641,13.31997960522098,12.919715923966372,3.4225298090372553,4.3566952278887054,98.15945233055136,1.840547669448605,99.99999999999997
2021,11,25-34,9671,518,34534772.6146998,39.392666939258795,38.71590597813835,0.6767609611204382,11.633335959001803,11.08735418898394,3.9080602493840955,4.965013551790849,98.28201283715072,1.7179871628492789,100
2021,11,35-44,10341,566,32480035.509199888,40.08476178289662,39.37144202797405,0.7133197549226054,11.786804194489173,11.188847583141024,3.965979690809267,5.15030753961515,98.22047151287568,1.7795284871244137,100.00000000000009
2021,11,45-54,9429,514,30310770.3714,40.624510694626395,39.88254878675225,0.7419619078741762,11.592625762952588,10.968366678654325,4.099649067973213,5.037735858540877,98.17361022892939,1.8263897710706931,100.00000000000009
2021,11,55-64,8309,427,25288893.529299878,39.43524672739244,38.76361329833706,0.6716334290553765,12.581561145972396,12.053993212206032,4.1729140728957095,4.5590602078505436,98.29687022450186,1.70312977549814,100
2021,11,65+,3883,174,10407913.73040001,33.77237470769171,33.25588505769601,0.5164896499957247,15.532516803526374,15.167495678010502,3.1976740570228834,4.133233750232735,98.47067416944753,1.5293258305525472,100.00000000000009
2021,12,16-24,5007,235,18036918.428999893,32.005369615346666,31.38075605058795,0.624613564758727,13.367668974257747,13.002366664011596,3.448434338652757,4.80051235142172,98.04841008785223,1.9515899121478135,100.00000000000004
2021,12,25-34,9678,513,34115265.93139998,39.95553700782964,39.181714681115714,0.7738223267139186,11.33288739699525,10.611084396551977,4.410919385348567,5.045293439778763,98.06329138671747,1.9367086132825126,99.99999999999999
2021,12,35-44,10338,553,32862270.226600002,40.51992710460008,39.81524382704141,0.7046832775586948,11.489925456892294,10.91209395252653,3.9630490948038495,5.01863421707562,98.26089697609878,1.7391030239012812,100.00000000000006
2021,12,45-54,9264,528,30114199.247300025,41.12794648700949,40.33081479128458,0.797131695724975,11.589912282776279,10.944199065656802,4.343025370108616,5.387684924232095,98.06182471090142,1.9381752890987494,100.00000000000017
2021,12,55-64,8273,425,25464667.275500037,39.73988374597474,39.02697982015091,0.712903925823768,12.582054454998547,12.051256967056254,4.004047686443529,4.794815514337107,98.20607445562537,1.7939255443744935,99.99999999999986
2021,12,65+,3846,177,10450454.098500034,33.448179800059755,32.96380934550444,0.484370454555323,15.02344402619007,14.695689936565975,3.100718099421135,4.319777830178647,98.55187798723071,1.4481220127693097,100.00000000000001
2022,1,16-24,4796,186,17244245.95760001,31.10169764885699,30.605020650015796,0.4966769988411849,13.396001786585321,13.109780947606561,3.0515238890700935,3.987015150969744,98.40305502146938,1.5969449785305792,99.99999999999996
2022,1,25-34,9496,481,33007013.082899984,38.987443414620415,38.31939888653417,0.6680445280861719,11.391236916009438,11.00805240924258,3.6861875512516122,5.0411771026383585,98.28651363214104,1.7134863678587682,99.9999999999998
2022,1,35-44,10027,566,32631789.579899967,39.87498752777241,39.19097078914551,0.6840167386268257,11.873570181184471,11.233825069830024,3.8396548523503853,5.1476555804180615,98.28459698413575,1.71540301586406,99.9999999999998
2022,1,45-54,9213,517,30037122.753500257,40.60432754717762,39.82871817182941,0.775609375348215,11.541416357534283,10.812003550241283,4.430243448747561,5.296715221881903,98.08983568451653,1.9101643154834786,100.00000000000001
2022,1,55-64,8200,417,25428034.47149987,39.276815515182484,38.6405843066818,0.6362312085007069,12.34844063506295,11.960484517949633,3.65783196723462,4.954752932681881,98.38013545610707,1.6198645438930028,100.00000000000007
2022,1,65+,3596,159,9762528.548299981,33.10564234857778,32.571041839777344,0.5346005088004407,14.957334293980415,14.659499138962834,3.4371735646008017,4.041478440221372,98.38516799290136,1.6148320070986544,100.00000000000001
2022,2,16-24,5029,215,18022363.590200026,30.98907927849659,30.43655472686043,0.5525245516362085,13.460628020704945,13.119274264678834,3.2777425671358302,4.197191295770573,98.21703463123036,1.7829653687697875,100.00000000000016
2022,2,25-34,9739,533,33849987.2684999,39.54793375352794,38.86798030457004,0.6799534489579728,11.01814775152402,10.585430062433673,3.743218721263213,5.2474868312667375,98.28068527373507,1.719314726265102,100.00000000000017
2022,2,35-44,10321,599,33649949.52509993,40.433952242356725,39.714782167336296,0.719170075020436,11.342471511397145,10.699133468104707,4.061621448883663,5.282511776055092,98.22137081552206,1.7786291844779567,100.00000000000001
2022,2,45-54,9486,542,30658075.244800072,41.17556984175686,40.42584324557734,0.749726596179534,11.61703684654453,10.932665718410737,4.129620813098691,5.264866517912823,98.17919557868703,1.8208044213130068,100.00000000000004
2022,2,55-64,8424,441,25920838.455600057,39.80796151802624,39.08210330083049,0.7258582171957157,12.191634886161157,11.839681592659124,3.9432648688068426,5.1937768533453665,98.17660038465658,1.8233996153433412,99.99999999999993
2022,2,65+,3755,164,10103729.217300015,33.482221317002185,32.94072381483912,0.5414975021630712,15.162629083663026,14.801659229701624,3.452379597109848,4.212920983384671,98.38273125000791,1.6172687499921048,100.00000000000001
2022,3,16-24,4892,195,18214360.13830004,31.21284137177274,30.68237905895271,0.5304623128200521,13.503731958913871,13.063036203931093,3.2653008705083577,3.9859716338504305,98.3004997638576,1.6995002361424694,100.00000000000007
2022,3,25-34,9547,515,34130966.39940009,39.43903714130283,38.787324059334864,0.6517130819680209,10.69514556320112,10.332413025517342,3.5432480235625317,5.181429692043772,98.34754312172227,1.652456878277866,100.00000000000013
2022,3,35-44,10054,568,33825208.574399844,40.652673824113954,39.844868322001574,0.8078055021124076,11.773273783619059,11.053734567295143,4.4946774341035605,5.281790953248244,98.01290929692007,1.9870907030800062,100.00000000000007
2022,3,45-54,9285,512,30949232.166800015,41.17053250481476,40.40146391300871,0.7690685918060692,11.70352531539825,10.932509855230087,4.291502928953392,5.096053276539409,98.13199260486586,1.8680073951342,100.00000000000006
2022,3,55-64,8400,450,26293834.201399922,39.93135184338379,39.219377966789466,0.7119738765943572,12.235331491354689,11.7673928313485,3.875702094604867,5.127699806246658,98.21700532607366,1.7829946739264324,100.0000000000001
2022,3,65+,3613,135,10009573.310999988,33.31929636964526,32.84393019474834,0.4753661748968837,15.25980630355993,14.979346865502567,3.12287372208536,3.8103659651591752,98.57330067951257,1.4266993204873155,99.99999999999989
2022,4,16-24,5141,208,18232646.240800027,30.7394930676726,30.254637347573208,0.4848557200993607,13.518880948133992,13.04387174769365,3.102285942858664,3.872633719618629,98.42269448285309,1.5773055171468087,99.9999999999999
2022,4,25-34,9927,495,34243190.139599845,39.17607459353893,38.509358971120996,0.6667156224179641,10.551473026188075,10.12526112708125,3.727826026026763,4.980683740466274,98.29815613397905,1.7018438660210267,100.00000000000007
2022,4,35-44,10294,555,33557127.10659997,40.19707240399289,39.451217316059115,0.7458550879338344,11.43953232239864,10.649445210800916,4.274441832620736,5.267915151033055,98.14450395681132,1.855496043188823,100.00000000000014
2022,4,45-54,9479,530,30450105.432499923,40.492500467574466,39.77454835933101,0.7179521082434939,11.70736372109723,11.113423949659095,3.9758456050107722,5.412059802397547,98.22695042303357,1.7730495769665167,100.00000000000009
2022,4,55-64,8506,450,25920588.89419999,39.35948790346677,38.619122867551496,0.7403650359152966,12.307393498221478,11.801606139822919,4.115369579734079,5.31048567460598,98.1189667972025,1.8810332027975531,100.00000000000006
2022,4,65+,3648,151,9912959.571800001,33.72042817796973,33.162021303533614,0.5584068744360738,15.766520047039556,15.397318501743088,3.7665753986544295,4.224885160345226,98.34401013092433,1.6559898690755444,99.99999999999987
2022,5,16-24,5246,235,18406837.521400057,31.915805004504353,31.29533025905063,0.6204747454537917,13.430779927899039,12.874048210547409,3.7164511195221364,4.281164478057829,98.05590131483083,1.944098685169378,100.00000000000021
2022,5,25-34,10337,517,34521268.18479984,39.703986050118715,39.019232463933626,0.684753586185121,11.078307591844917,10.483718273663676,3.9494483048426825,4.824545673942934,98.27535304560928,1.7246469543908014,100.00000000000009
2022,5,35-44,10647,573,33828984.56469992,40.644796068876566,39.882298565063884,0.7624975038126394,11.436850992982492,10.674104433330397,4.3985440083041585,5.036315721926292,98.12399722089746,1.8760027791024294,99.9999999999999
2022,5,45-54,9738,507,30884384.903500028,41.01626170750591,40.22575434025596,0.7905073672499525,11.624246255539182,11.036593176929284,4.34765455629881,5.087078163962243,98.07269767077459,1.9273023292254128,100
2022,5,55-64,8748,445,26148814.79649983,40.00781807923231,39.281532986141116,0.726285093091184,12.637520734768831,12.046088939059343,4.073061084970053,4.991801408814603,98.18464208257285,1.815357917427124,99.99999999999997
2022,5,65+,3850,153,10222762.245100006,33.96932178131699,33.38189783866604,0.5874239426509575,15.762951895519276,15.12632341651931,4.222696153030434,3.624421914708976,98.27072219329962,1.7292778067003935,100.00000000000001
2022,6,16-24,5450,252,19781752.007699966,33.051036642715346,32.338179437806936,0.712857204908394,12.719105446195558,12.076509361159415,4.440846686098029,4.439894988867166,97.84316234127704,2.156837658722914,99.99999999999994
2022,6,25-34,9558,464,33536700.017499838,39.54351091454704,38.859235154677265,0.6842757598697925,11.012117823019201,10.43222927069039,4.135777328387688,4.663636170773733,98.26956245400544,1.7304375459945947,100.00000000000003
2022,6,35-44,9955,567,32452948.374299705,40.46202271359692,39.63558740129292,0.8264353123040017,11.692417349547584,11.098598845333887,4.476177012139332,5.334574441227043,97.95750371118673,2.0424962888132754,100
2022,6,45-54,9061,511,29843902.20280016,40.649415220288404,39.83510596932113,0.8143092509671814,12.128371606731454,11.429914494927134,4.4534181158612105,5.3896239411650475,97.9967503922151,2.0032496077846504,99.99999999999976
2022,6,55-64,8154,426,25143618.90029998,39.85144305328486,39.067542872934624,0.7839001803501268,12.818377543127239,12.237961730995229,4.419671886955871,5.1167903176604765,98.03294405348862,1.9670559465111055,99.99999999999973
2022,6,65+,3660,136,9824029.787900006,33.440856269973274,33.02883863153069,0.4120176384425678,15.539008681202041,15.289565315088346,2.820420723357183,3.457219623034159,98.76792138599471,1.23207861400523,99.99999999999994
2022,7,16-24,5558,240,20407511.601200096,33.027919906700554,32.440964958033746,0.5869549486668233,12.61440893708138,12.211121278834119,3.428013060554767,4.18226722580821,98.22285221011533,1.7771477898847168,100.00000000000006
2022,7,25-34,9288,456,33407973.094900116,39.73182113627936,39.030765243155585,0.7010558931237671,11.124360944926048,10.49495617923593,4.217997032007372,4.6978651785959,98.23553043108906,1.7644695689109222,99.99999999999999
2022,7,35-44,9637,560,31965911.70079983,40.226495187159884,39.41217516274297,0.8143200244167814,12.024771489180283,11.429060815615907,4.318231353388706,5.487692743817806,97.97566250644465,2.0243374935550156,99.99999999999966
2022,7,45-54,8811,498,29247810.0167,40.468246248265686,39.61366408448206,0.8545821637834918,12.25055924548381,11.621062379831049,4.608928482439094,5.6570963205630225,97.88826489158707,2.111735108412601,99.99999999999967
2022,7,55-64,8039,434,25015355.72620012,39.60647512616842,38.816114698101714,0.790360428066688,12.87928924867034,12.462598668596199,4.340021206077613,5.307618189932019,98.0044666293858,1.9955333706141611,99.99999999999996
2022,7,65+,3645,162,9878810.632399997,33.559750758625164,33.025947243938425,0.5338035146867547,15.649215104109754,15.343285429481153,3.431901328521893,4.484604064045814,98.40939368553104,1.5906063144690141,100.00000000000006
2022,8,16-24,5370,240,19533731.221699852,32.64574273362544,32.03723037874593,0.6085123548795106,12.950152325225162,12.478410075798648,3.5718063046528887,4.535786659722959,98.13601314007558,1.8639868599244238,100
2022,8,25-34,9612,482,33937291.98710017,39.92745916489642,39.23864964945868,0.6888095154376351,11.022907480243767,10.484998169140033,3.9907646298833543,4.87860817336083,98.27484761153214,1.7251523884675972,99.99999999999973
2022,8,35-44,10060,570,32698715.95399998,40.37055673104548,39.67191949214784,0.6986372388976168,11.768371170555861,11.14681041809437,4.0200949344957495,5.318310112074196,98.26943868138342,1.7305613186165343,99.99999999999996
2022,8,45-54,9168,446,30101004.64779992,40.68306251177605,39.95885524919572,0.7242072625802974,12.045998527030758,11.414218808906812,4.179576593074689,4.886603304808664,98.21988017158074,1.7801198284191846,99.99999999999993
2022,8,55-64,8135,409,25077412.060800076,39.88512480283789,39.124372809372744,0.7607519934651237,12.793331038943059,12.227667578681086,4.601118715440951,4.772296793219488,98.09264231408142,1.9073576859185228,99.99999999999994
2022,8,65+,3774,165,10139970.867600018,33.5542026331905,32.963287891892215,0.5909147412982836,15.454574898803589,14.915553374855135,3.750403081532811,4.433688245954574,98.23892479950105,1.76107520049895,100
2022,9,16-24,5045,222,18690449.894600075,31.4570629959028,30.89502220650292,0.5620407893998834,13.564684457198709,13.055241647798052,3.732956796876071,4.138887901909187,98.2133081226525,1.7866918773475062,100.00000000000001
2022,9,25-34,9476,478,34451122.97000013,39.8909339312516,39.21855587268237,0.6723780585692736,11.0722692741276,10.541614444463876,3.925910729839589,4.911813795949515,98.31445897023114,1.6855410297689595,100.0000000000001
2022,9,35-44,10371,588,33820100.50049998,40.45948724677139,39.755043497589064,0.7044437491824663,11.519693093420898,10.981297577007687,4.019707311754825,5.235992857483731,98.2588910608635,1.74110893913684,100.00000000000034
2022,9,45-54,9519,500,31371532.48790005,41.188348784467976,40.43315058822949,0.7551981962385118,11.418217864601365,10.78688803422733,4.0289485726950875,5.121906823071995,98.16647615521,1.8335238447900468,100.00000000000006
2022,9,55-64,8319,482,26084662.082699805,40.07455845428428,39.2269393392656,0.8476191150187068,12.900956823092157,12.088507283974353,4.711232903676103,5.6160306484153555,97.884894687022907,2.115105312977166,100.00000000000007
2022,9,65+,3938,202,10828403.469699973,33.769337594430375,33.20037526438423,0.5689623300461212,15.56534059884524,15.166046546680102,3.400852553930096,4.892508668359391,98.31515104951308,1.6848489504868494,99.99999999999993
2022,10,16-24,5148,228,18840058.541500106,31.233365541429144,30.75580722601944,0.4775583154097575,13.514706968175586,13.213135471387695,2.977159921304957,4.077437329124318,98.47099949963363,1.5290005003665252,100.00000000000016
2022,10,25-34,9628,480,34458759.84259993,39.72305531656141,39.04432585685265,0.6787294597087087,11.349758231126472,10.705092792562224,3.957230498447735,4.983673049594081,98.2913462866846,1.7086537133152788,99.99999999999989
2022,10,35-44,10076,593,33746959.00449991,40.309609205522804,39.50794171064148,0.8016674948813189,11.680733697740612,11.056916862851228,4.271160336440602,5.749913548480796,98.01122484022622,1.9887751597737713,99.99999999999999
2022,10,45-54,9368,522,30835540.36769988,40.98896571734322,40.17030091766792,0.8186647996752141,11.95921963630969,11.195143727982387,4.427669131200963,5.293556158042309,98.00271906024479,1.9972809397550164,99.9999999999998
2022,10,55-64,8180,448,25890005.619800035,39.88842526185878,39.11705637649138,0.7713688853673659,12.611653341685571,11.985193971977134,4.244631059002525,5.263362793393345,98.06618366028859,1.9338163397113275,99.99999999999991
2022,10,65+,3919,180,10904627.522600012,33.60709436257042,33.07357883953741,0.5335155230330005,15.349327803950356,14.933114583269255,3.3945891224295925,4.504081821062449,98.41249137078864,1.587508629211332,99.99999999999997
2022,11,16-24,5043,216,19009724.7783,30.94326658994407,30.47101940422741,0.4722471857166371,13.660990013836628,13.395505717980134,2.976364172190614,4.007823788536369,98.47382892060229,1.5261710793976346,99.99999999999991
2022,11,25-34,9491,501,34213658.105700016,39.23032393231837,38.55022669097065,0.6800972413477022,11.145254819488713,10.648366709971686,3.828728387031595,5.1782536957217085,98.26639911890341,1.7336008810965506,99.99999999999996
2022,11,35-44,10052,622,34057522.47950006,39.914961637358,39.0975584682004,0.8174031691576119,12.02253098299782,11.316638928588764,4.2801658598350585,5.837136418823803,97.95213840718674,2.0478615928132866,100.00000000000003
2022,11,45-54,9212,486,30821941.64910017,40.40047574844966,39.682269671641826,0.718206076807828,11.641842826014335,11.051598332777218,4.010330670069913,5.048848922356686,98.22228312042738,1.7777168795726093,99.99999999999999
2022,11,55-64,8112,456,25874808.379199952,39.47655133541443,38.73338487610421,0.7431664593102032,12.578016651631401,12.002014478272518,4.050559155972933,5.341788540977544,98.11744837334987,1.8825516266500926,99.99999999999997
2022,11,65+,3743,172,10454220.030800013,33.22997410437291,32.69509607515354,0.5348780292193726,15.364845543877449,14.885810457106821,3.4430362370117544,4.500394796683806,98.39037482382817,1.6096251761718499,100.00000000000001
2022,12,16-24,4917,215,18720799.194499947,31.41741260838346,30.914384352775308,0.5030282556081622,13.311242799727994,12.95611650969256,3.1202537404327226,4.186655998266718,98.39888706979669,1.6011129302033407,100.00000000000003
2022,12,25-34,9318,514,34198243.255000256,39.67367826840691,38.85328348766053,0.8203947807464578,11.461716437553111,10.727439816829936,4.465219910059691,5.612026915503576,97.9321433843464,2.067856615653804,100.00000000000021
2022,12,35-44,9866,604,34212682.799599975,40.09631768012491,39.31338623777368,0.7829314423513499,11.61191560230951,10.932557527875309,4.070686830026552,5.795868487762038,98.04737320619515,1.9526267938051483,100.0000000000003
2022,12,45-54,9204,522,31110595.35940007,40.59612912669309,39.824009090261754,0.7721200364313193,11.544297691268412,10.864917099703165,4.1819451743155165,5.386817535118742,98.09804517563313,1.901954824366811,99.99999999999994
2022,12,55-64,8094,461,25994439.24219976,39.53818346306532,38.82617948042688,0.7120039826384714,12.551751847254808,12.04451702598319,3.9732352717086994,5.4407422057561465,98.19919905196565,1.8008009480344274,100.00000000000007
2022,12,65+,3714,169,10418667.573700042,33.11588306618457,32.623507758630915,0.4923753075536694,15.365198790379763,15.019944026929444,2.920515252399534,4.692685362513863,98.51317476097614,1.486825239023886,100.00000000000003
2023,1,16-24,4932,215,19269447.59529998,31.04256433587648,30.550235590084366,0.49232874579206676,13.1301644118658,12.955523001951576,2.8865845911770176,4.2726712404605545,98.41402037388026,1.585979626119589,99.99999999999986
2023,1,25-34,9378,469,34385081.208699964,39.49433808714396,38.839652558336624,0.654685528807309,11.037969013011931,10.540215806823067,3.809717617413189,5.006420302315417,98.3423306718984,1.6576693281015378,99.99999999999993
2023,1,35-44,9931,621,34109824.4572,40.247719242507365,39.442239783107865,0.8054794593995791,11.226869914521906,10.39658269986326,4.289232812115124,5.780123145382628,97.99869539303286,2.0013046069673366,100.0000000000002
2023,1,45-54,9216,563,31048025.50320029,40.31463137360476,39.48088723960401,0.8337441340007837,11.462062212556832,10.820024348918485,4.439135553531841,5.6513124949576605,97.9319068397916,2.068093160208484,100.00000000000009
2023,1,55-64,8089,425,25517338.51240011,39.38214959975765,38.723883984327685,0.6582656154299726,12.501202120212096,11.861272789504714,3.9864620189327193,4.884241682941775,98.3285178129687,1.671482187031313,100.00000000000001
2023,1,65+,3654,178,10256450.844199972,32.79531831058431,32.30256746154593,0.4927508490383852,15.29117483287987,15.017638390181554,3.0171174311686872,4.528278206126649,98.49749636709777,1.5025036329022474,100.00000000000001
2023,2,16-24,4855,244,19671174.738599997,30.943676068515224,30.37746742759231,0.5662086409229213,13.34383660188391,12.988075421621929,3.386690994865336,4.888881741835642,98.1701959402974,1.8298040597026253,100.00000000000003
2023,2,25-34,9212,477,34996576.49420012,39.61162657075441,38.920407420675375,0.6912191500791225,10.749714387895892,10.154957745690943,3.885321351307339,5.1366272638065595,98.2550094254666,1.7449905745336276,100.00000000000023
2023,2,35-44,9926,608,34625241.39020011,40.10480020224271,39.32213959919003,0.7826606030527201,11.283331622827447,10.554695839976935,4.340882184995524,5.542502150304609,98.04846153301891,1.9515384669811988,100.00000000000011
2023,2,45-54,9026,560,31019398.810800236,40.47837571026101,39.683619373693325,0.794756336567569,11.484626404484915,10.802409841189325,4.283181229270132,5.828111563756513,98.03659034577758,1.9634096542221269,99.99999999999972
2023,2,55-64,7972,401,25528369.933000006,39.402267062650466,38.7323199784345,0.6699470842159705,11.992681386933777,11.544107135233189,3.9482592821525824,4.943249016729142,98.29972452308203,1.700275476917965,100
2023,2,65+,3577,161,10269204.122900026,33.367700204593206,32.86878935241967,0.4989108521735323,15.40417971315772,15.099910588687408,3.2211288311310406,4.360298162751393,98.50480899458314,1.4951910054168345,99.99999999999997
2023,3,16-24,4803,220,19461792.161800023,31.445004905252276,30.955873729738784,0.4891311755134657,13.388736063101728,13.08422278448357,2.9379757686992094,4.21617360507311,98.44448688436428,1.5555131156356279,99.99999999999991
2023,3,25-34,9049,453,34810840.25199985,39.616106579678686,38.915646124565185,0.7004604551135235,11.087277367077608,10.553225351065798,4.013296631755944,4.889998748887445,98.23187961768862,1.7681203823114429,100.00000000000006
2023,3,35-44,9643,573,34492087.48689988,39.90683384467195,39.156629087728035,0.7502047569439744,11.416976447857646,10.855669620680322,4.136991670658583,5.546412147790669,98.12010955350677,1.8798904464933788,100.00000000000014
2023,3,45-54,8933,589,30893971.084099963,40.47351204422975,39.63592745076131,0.8375845934683872,11.560544293109372,11.03862969427663,4.275894047398931,6.164744831007479,97.93053641464788,2.0694635853519916,99.99999999999987
2023,3,55-64,7801,395,25402314.69860016,39.54416502064102,38.770187795932316,0.7739772247087165,12.473409127536486,11.88698974677268,4.312620770531535,5.072659064297828,98.04275239013214,1.9572476098679052,100.00000000000004
2023,3,65+,3602,186,10389131.965700006,33.55602384931406,32.94263468953252,0.613389159781514,15.5913103275164,15.352984369245352,3.722301569795543,4.932298066785347,98.17204457078702,1.8279554292129063,99.99999999999993
2023,4,16-24,5078,258,19808823.159900025,31.176760362290988,30.507594009883245,0.6691663524077268,13.433877790912504,12.955384443786919,3.8133233663989854,4.8685565200677345,97.85363730986907,2.1463626901308803,99.99999999999996
2023,4,25-34,9521,465,34840483.3573999,39.52320102082427,38.92784437918356,0.5953566416406912,10.62901143547813,10.142117109431908,3.568991114047238,4.5737279194823515,98.49365277542418,1.5063472245757763,99.99999999999996
2023,4,35-44,9981,571,34270167.28039981,40.223411626390835,39.42438981905459,0.7990218073362306,11.643076441555444,10.68158156112976,4.632415535014519,5.324531960028158,98.01354043570983,1.9864595642901346,99.99999999999996
2023,4,45-54,9444,551,31196260.91770011,40.841416813926394,40.05305783891723,0.7883589750092767,11.756849158898607,11.068422984104211,4.213434351162998,5.623523533888105,98.06970708533221,1.9302929146680743,100.00000000000028
2023,4,55-64,8126,414,25444079.854200028,39.94572700327085,39.28123562418848,0.6644913790823967,12.278309128728646,11.778796938610707,3.858083256205927,5.007179394973081,98.33651449370805,1.6634855062920415,100.0000000000001
2023,4,65+,3757,155,10488944.829200054,33.39533737418976,32.881215340800146,0.5141220333896322,15.478132403735207,15.108455379499357,3.4784335502028414,4.040501984719867,98.46049756099497,1.5395024390050975,100.00000000000006
2023,5,16-24,5178,236,19740078.03480003,31.921060945592224,31.339383956714208,0.581676988878039,13.519621423382668,13.148239653783241,3.428090900080381,4.275534858636891,98.1777642357519,1.8222357642481777,100.00000000000007
2023,5,25-34,9679,479,34906244.655100025,39.61945036134784,38.99776914619801,0.6216812151498347,10.595418939925356,10.084983023957756,3.564384810956152,4.75690487592281,98.43086865294747,1.5691313470525525,100.00000000000001
2023,5,35-44,10171,549,34519530.75719997,40.55141977486853,39.80835718930746,0.7430625855610735,11.129217313654191,10.532284348489107,4.254461043398087,5.044590041933842,98.16760402055867,1.8323959794413454,100.00000000000001
2023,5,45-54,9574,536,31497856.46240007,40.91235878779258,40.13860284355899,0.7737559442336384,11.322277350478274,10.61930783497221,4.161362904216248,5.424336458385823,98.10874765679739,1.891252343202738,100.00000000000013
2023,5,55-64,8338,446,25759968.719799872,39.91984744964354,39.18802701337065,0.7318204362728921,12.171487397548225,11.731681350642058,4.108562107693091,5.314900239563011,98.16677546877894,1.8332245312210649,100
2023,5,65+,3803,146,10517617.405699968,33.35165301317166,32.826690243142785,0.5249627700288595,15.463067579355773,15.0749767433152,3.499989968439801,3.8642940261331082,98.42597675796893,1.5740232420310154,99.99999999999994
2023,6,16-24,5487,271,20704509.882699978,32.92200503278037,32.28127134035977,0.6407336924205437,12.723621184103195,12.382740163822527,3.5205668769584313,4.802862670180355,98.05378289754036,1.9462171024594843,99.99999999999984
2023,6,25-34,9349,489,34181305.966199994,39.68666163837076,38.88257235662475,0.8040892817459413,11.067294890248576,10.326890269619087,4.447699074430508,5.088307663609603,97.97390546709885,2.026094532900982,99.99999999999983
2023,6,35-44,9864,568,33637404.519199945,40.10902048757107,39.34308284187681,0.7659376456942165,11.60801271616497,10.986366051174954,4.2611654932621565,5.364055500685566,98.09036063114128,1.9096393688585942,99.99999999999987
2023,6,45-54,9089,505,30592980.60839991,40.41741731253518,39.65021408659472,0.7672032259405139,11.671610620141317,11.052702727900137,4.254500608291589,5.337949040021347,98.10180046882284,1.898199531177296,100.00000000000014
2023,6,55-64,8072,413,25089555.09570004,39.60189974018666,38.933563925783396,0.6683358144032543,12.453125838345365,11.96507793393447,3.965124417405219,4.884073257281525,98.31236425831092,1.687635741689053,99.99999999999997
2023,6,65+,3679,153,10208236.918999974,33.39443507286817,32.87235600907992,0.5220790637882348,15.045163917939526,14.606730902078713,3.4392485747150388,4.40291987897975,98.43662855008911,1.5633714499108446,99.99999999999996
2023,7,16-24,5566,274,21013302.18740011,33.01844437514126,32.31977751749696,0.6986668576442555,12.258329579880536,11.953167983324661,3.772075930748622,4.822344420990669,97.88401037400082,2.115989625999049,99.99999999999987
2023,7,25-34,9362,492,34268299.509500004,39.535557442884176,38.82503457797663,0.710522864907552,11.05149868862046,10.477103367150463,4.124307720400276,5.009005892528001,98.2028257324207,1.7971742675793125,100.00000000000001
2023,7,35-44,9733,605,32887573.196900077,40.23149785818518,39.331149868589875,0.9003479895953835,11.945104364833618,11.396859679995446,4.694928571794763,5.896575002933902,97.7620818574317,2.2379181425684997,100.0000000000002
2023,7,45-54,8782,511,29715894.352800008,40.273179446942336,39.4088834921454,0.8642959547969986,11.998052393701672,11.523546890277855,4.570709969951607,5.7503727443390575,97.85391675883054,2.146083241169623,100.00000000000016
2023,7,55-64,7913,408,24846397.691199914,39.596326133596804,38.955357126514535,0.6409690070822853,12.438831533902777,12.19707517513137,3.6424366998918893,4.901770181885801,98.38124121687538,1.618758783124665,100.00000000000004
2023,7,65+,3738,171,10328803.145500027,33.283555451308466,32.68541371075344,0.59814174055506375,15.199130195948458,14.917659510394707,3.765435291054745,4.563016018998624,98.2028910900758,1.797108909924313,100.00000000000011
2023,8,16-24,5488,241,20251665.65300006,32.87826190695902,32.320104486543286,0.5581574204157123,12.369953368057581,12.210647947954621,3.238717642078826,4.255311433468869,98.30235119485562,1.6976488051443273,99.99999999999994
2023,8,25-34,9577,497,34424083.014400065,39.68444853985637,38.962491626866,0.7219569129903556,10.676511415005717,10.180509448147724,3.9637261515778524,5.095673541009704,98.18075609072585,1.8192439092741104,99.99999999999996
2023,8,35-44,10159,622,33645743.37950011,40.12030162966643,39.31446720016415,0.8058344295022926,11.857622679453536,11.056032402991375,4.480543237884521,5.728178684481882,97.99145470804135,2.008545291958695,100.00000000000004
2023,8,45-54,8943,477,30135706.663499914,40.34773726287621,39.605532379952706,0.7422048829235041,11.864423549278314,11.244698258983561,4.257413258749357,4.973901068049213,98.16047953795317,1.8395204620468366,100
2023,8,55-64,7998,414,25150524.601100042,39.808685892190404,39.07763269252492,0.7310531996654975,12.690433088446776,12.230352191998922,4.088434237286955,4.9350656309797705,98.1635836921487,1.8364163078513331,100.00000000000004
2023,8,65+,3835,171,10363568.528600005,33.01162651527486,32.56902012659307,0.44260638868179963,14.904146469084248,14.657626459174114,2.8370810078252675,4.220663927612289,98.65924089357732,1.3407591064227038,100.00000000000003
2023,9,16-24,5155,204,19551781.321900077,31.531503349153013,31.11501292251455,0.4164904266384581,13.258102674340646,12.936336948619935,2.6260867783574384,3.6299377049856885,98.67912918065909,1.3208708193408918,99.99999999999999
2023,9,25-34,9420,500,34907598.06930007,39.68903209454138,38.956090558621106,0.7329415359202629,11.191052243276124,10.531030705786868,4.290927981063049,5.073929528132419,98.15328946754265,1.8467105324573228,99.99999999999997
2023,9,35-44,10197,642,34795682.79999995,40.41417911353083,39.66196796893442,0.7522111445963645,11.166979278021152,10.55240075637087,3.9793597250406147,5.944845103887435,98.13874446766985,1.8612555323300413,99.99999999999989
2023,9,45-54,9346,548,31442459.505600024,40.85551706185734,40.01468725102809,0.840829810829249,11.511825305640098,10.775171543243667,4.484820551695929,5.502221663963266,97.94194304393164,2.058056956068356,100
2023,9,55-64,8027,445,25950770.593599863,40.099026696576765,39.30363402139006,0.7953926751867094,12.665879671214402,11.90555978181,4.4494264138039386,5.388044388727482,98.01642897418604,1.98357102581398,100.00000000000003
2023,9,65+,3967,213,10885684.307500001,33.07983323137542,32.4739479734173,0.6058852579580927,15.133690415177936,14.720917105946668,3.607395354036346,4.872643608032538,98.16841501672552,1.8315849832744175,99.99999999999993
2023,10,16-24,5317,233,19742928.181200016,31.271983718661854,30.762244602314283,0.5097391163476493,13.569947631654063,13.150928223086998,3.2150105374376876,4.2486528254645926,98.36998151145947,1.6300184885407754,100.00000000000024
2023,10,25-34,9666,506,34816717.474499926,39.41917548615544,38.71361359214887,0.7055618940065757,11.346139696358689,10.630025979341559,4.24311668663441,5.040677484847265,98.21010489107167,1.7898951089283406,100
2023,10,35-44,10425,676,34594014.00749989,40.02036396960916,39.16302501668888,0.8573389529202957,11.494407693824005,10.85331002370078,4.269563077050713,6.369124377767554,97.8577432389887,2.1422567610113332,100.00000000000004
2023,10,45-54,9573,590,31286903.35229986,40.60630620235577,39.74599690775369,0.8603092946020638,11.688528583548848,11.028828795293215,4.348803801184049,5.8232746605971535,97.88134067079422,2.1186593292057507,99.99999999999997
2023,10,55-64,8071,451,25767598.37810007,39.74725711009448,38.992148330914034,0.7551087791804771,12.359811345210503,11.85288651296195,4.1181698604288375,5.527536331870674,98.100224181284,1.8997758187160658,100.00000000000007
2023,10,65+,4083,219,10960816.996900052,33.00078101864126,32.386365172687015,0.6144158459542441,15.626869134071447,15.066498914399995,3.640215412074796,4.903517348679448,98.13817786431424,1.8618221356857494,100
2023,11,16-24,5145,242,19928776.64600001,31.25262565172116,30.649990114561362,0.6026355371598053,13.239292376271782,12.853470049120046,3.3905313558401096,4.9164514340455385,98.07172829612603,1.9282717038739965,100.00000000000003
2023,11,25-34,9612,514,34925839.87009997,38.909960216132426,38.244996269527945,0.6649639466045437,10.868087773105652,10.398424354471302,3.639582822245885,5.19600747512334,98.29101869312943,1.708981306870737,100.00000000000017
2023,11,35-44,10194,685,34897410.11160004,39.828228769509295,38.957869696874184,0.8703590726351289,11.406267673144736,10.623325926797829,4.371078600698093,6.557423076044657,97.81471810440786,2.1852818955921958,100.00000000000006
2023,11,45-54,9348,556,31464210.45649996,40.46571485748421,39.694099996937695,0.7716148605465654,11.614153171376199,10.718894467040238,4.373335933055231,5.600820606435874,98.0931638962414,1.90683610375872,100.00000000000013
2023,11,55-64,8011,432,25868761.008599978,39.517269895259055,38.74043727857826,0.776832616680762,12.102643136512151,11.497365277808687,4.311860474716986,5.313748590985938,98.03419462240231,1.965805377597605,99.99999999999991
2023,11,65+,4000,178,10954018.050499983,32.68167711806541,32.18438382664606,0.49729329141934026,15.300859826872545,14.977040328378106,3.133479241934186,4.268911029215039,98.47837279089799,1.5216272091019836,99.99999999999997
2023,12,16-24,5033,239,19637378.98190006,30.89163291104365,30.259049388805245,0.6325835222383664,13.544394865577097,13.223745587209338,3.6030286536219855,4.882152213305383,97.9522496461744,2.0477503538254855,99.99999999999989
2023,12,25-34,9570,551,34886537.98669983,39.347961421644456,38.55450383634169,0.7934575853027642,10.753549159311694,10.056234393992371,4.171949447986814,5.857112717171897,97.98348489569702,2.0165151043029654,99.99999999999999
2023,12,35-44,10188,684,34730324.56130005,40.32562056220466,39.45849663827336,0.8671239239312406,11.193254795597419,10.565503356635904,4.291719616524195,6.41641498013281,97.84969478003764,2.150305219962209,99.99999999999984
2023,12,45-54,9177,575,31076550.505399868,40.898912704685415,40.03521245170091,0.8637002529845176,11.438058243573332,10.492132826456135,4.692312916507891,5.9726252950033425,97.88820729973695,2.111792700263084,100.00000000000003
2023,12,55-64,7851,428,25536081.423299935,39.44222989438371,38.68569179864154,0.7565380957421571,12.259885563995322,11.526826544519244,4.514218289872061,5.236462235274312,98.08190840688272,1.9180915931172613,99.99999999999999
2023,12,65+,3871,189,10632372.308300022,32.97358708137214,32.35037025592034,0.6232168254517656,15.465323013019109,14.811100363293217,3.9030528491967926,4.640153571511659,98.1099513865027,1.8900486134971988,99.9999999999999
2024,1,16-24,4937,206,18816111.99880001,30.929957243590792,30.419041482066145,0.5109157615246495,13.085851490271418,12.661187878405809,3.1843421446418385,4.260228946613001,98.34815238346145,1.6518476165385576,100.00000000000001
2024,1,25-34,9469,517,34183468.535299994,38.86848113917234,38.12458414665568,0.7438969925167327,11.158329131519942,10.471652380708088,4.152008788442497,5.317429965958394,98.08611766985938,1.9138823301408097,100.00000000000018
2024,1,35-44,10149,643,34705864.63359993,39.71774059364549,38.90005091681711,0.8176896768284424,11.602676996007686,10.787980123025706,4.445112016634587,6.093553901989729,97.94124825680743,2.0587517431927282,100.00000000000016
2024,1,45-54,9062,572,30806063.097000074,40.185114448076085,39.36484966593129,0.8202647821448094,11.896001445070617,10.852193043887546,4.540346565595138,6.005602346442518,97.95878450662453,2.041215493375509,100.00000000000003
2024,1,55-64,7839,407,25404045.856700096,38.74075155072737,38.09085338145425,0.6498981692731286,12.41393669533583,11.781865237990443,3.9736153988583287,4.743901111256078,98.3224430521898,1.6775569478102357,100.00000000000003
2024,1,65+,3698,182,10398283.760300029,32.94209085499274,32.42969800294906,0.5123928520437174,15.369325882601473,15.029679320268961,3.07073292112735,4.440714619300565,98.44456487507372,1.5554351249263783,100.0000000000001
2024,2,16-24,4970,249,18871954.68409997,30.88217539542564,30.367073249367092,0.5151021460585715,13.34849791657481,13.086696432331435,2.846169255813397,4.998011058677909,98.33204060444896,1.6679593955510983,100.00000000000006
2024,2,25-34,9531,526,34328137.560600035,39.309297692467375,38.547224739464355,0.7620729530030091,11.091852896026667,10.342244712013645,4.272443232415161,5.488071599498304,98.06134172387146,1.9386582761285023,99.99999999999997
2024,2,35-44,10256,621,35374870.478199966,39.95205365258526,39.12226621824294,0.8297874343423925,11.372025305763284,10.607374975910048,4.487511273594468,5.675795106973823,97.92304185021881,2.076958149781363,100.00000000000017
2024,2,45-54,9110,597,30915126.681399908,40.22694701136785,39.44734533488817,0.7796016764796454,11.52196823233272,10.740775881368622,4.288788958364357,6.056085743379591,98.06199144006784,1.9380085599320662,99.99999999999991
2024,2,55-64,8074,445,25742133.615700033,39.125589506008346,38.32292403339973,0.802665472608616,12.632809034454835,11.822535300082214,4.545098057055574,5.1608387511039355,97.94848976656223,2.0515102334377713,100
2024,2,65+,3827,205,10742927.919800002,32.74694343487229,32.15742747474679,0.589515960125506,15.37440317935184,15.015993048584109,3.2812143021662914,4.847908933095549,98.199783252144,1.8002167478560127,100.00000000000001
2024,3,16-24,4861,249,19206685.19189993,31.126730857895627,30.436080448297893,0.6906504095977124,13.694783748890297,13.123752030796595,3.9497776051197078,5.215552364665528,97.78116624983589,2.218833750164038,99.99999999999993
2024,3,25-34,8916,476,34427937.09039992,39.061166025361125,38.328530056372685,0.7326359689884918,11.004998614901082,10.312550193915829,4.015396755440577,5.137803193538523,98.12438786770277,1.8756121322973707,100.00000000000014
2024,3,35-44,9828,591,35051636.45440004,39.818308392965136,39.04862066383165,0.7696877291334945,11.441303013737542,10.864474730741668,4.166282827217487,5.746727984356754,98.06700043221959,1.9329995677804295,100.00000000000001
2024,3,45-54,8859,596,30928442.90560006,40.15907176119448,39.32993185119416,0.8291399100003425,11.624499924384951,11.00542943290935,4.397130184698163,6.330204429546317,97.93536086956692,2.06463913043313,100.00000000000006
2024,3,55-64,7732,444,25924831.588699974,39.140786946160574,38.3588387424995,0.7819482036610811,12.40755676790639,11.80292919085303,4.235920438152462,5.4324819734368965,98.0022164481857,1.9977835518143163,100.00000000000003
2024,3,65+,3722,188,10784979.33620001,32.773104940443716,32.152568661784706,0.6205362786590218,15.74074661075416,15.16567354444269,3.714919226604795,4.683269829777569,98.10656854214251,1.8934314578575306,100.00000000000004
2024,4,16-24,5116,224,19529250.055699993,30.924831463793332,30.391897165040714,0.5329342987526693,13.665823321000438,13.27883186333229,3.272003246152069,4.455286795030048,98.27667840525962,1.7233215947405458,100.00000000000016
2024,4,25-34,9435,484,34651405.56230006,39.380789217804505,38.69527016047523,0.6855190573292074,11.303200999446636,10.60327847362705,3.973520177616598,4.962923542908229,98.25925515728532,1.7407448427145193,99.99999999999984
2024,4,35-44,10224,616,35461284.40380005,40.057128356469896,39.26123371623016,0.7958946402396968,11.308354437247974,10.487253203408176,4.5728114161342654,5.569143806839577,98.01310110610765,1.986898893892244,99.9999999999999
2024,4,45-54,9352,619,31459428.123600118,40.62109156601086,39.72123948134563,0.8998520846653087,11.918554854322375,10.920445308787077,4.724888502990931,6.218227364827684,97.78476636157613,2.2152336384240536,100.00000000000018
2024,4,55-64,8034,458,25841361.278399933,39.509090729055345,38.77850482216347,0.7305859068918593,12.028572129213998,11.525364033884903,3.9686395480774626,5.386636225946492,98.15084100036097,1.8491589996389863,99.99999999999996
2024,4,65+,3804,195,10781785.209199995,33.11839364249364,32.472611519273585,0.6457821232200779,15.1103582140909,14.866811742891038,3.5852640564680907,5.233289448379453,98.05008017541206,1.9499198245880074,100.00000000000007
2024,5,16-24,5121,236,19204840.663799997,31.350764935175956,30.798134463734158,0.5526304714417768,13.45826025908027,13.174451550994236,3.2175765495829003,4.664327901915305,98.23726638701011,1.7627336129898328,99.99999999999994
2024,5,25-34,9428,485,34598248.77249997,39.48603659184821,38.78233659388036,0.7036999979678675,11.21061922460996,10.382269627778772,4.227933458525414,5.103276748802972,98.21785102100338,1.7821489789966527,100.00000000000004
2024,5,35-44,10274,618,35296691.04859999,40.197544455136075,39.44243832753039,0.7551061276056124,11.286536377922463,10.596405184725803,4.227328843480211,5.479357037851037,98.12151180416393,1.8784881958358821,99.99999999999982
2024,5,45-54,9296,583,31429375.247700114,40.56516864614725,39.720653466417545,0.8445151797295833,11.6988602636775,10.955024499922368,4.472820124601712,6.0465409102876215,97.91812728033632,2.081872719663382,99.9999999999997
2024,5,55-64,8044,441,25608997.993199985,39.294686821565804,38.57229576331304,0.7223910582527391,12.15570881453169,11.786686606762359,3.7026668823949223,5.449846078204974,98.16160627126746,1.838393728732493,99.99999999999996
2024,5,65+,3866,196,10833622.11500001,33.19516121951242,32.5599363536874,0.6352248658250338,15.311104985892042,14.926090474889923,3.7228013606628942,4.959599988779925,98.08639318958441,1.9136068104156179,100.00000000000003
2024,6,16-24,5278,292,20270500.02499998,32.356380804123866,31.66616689712871,0.690213906995124,12.830318989468585,12.509726159006863,3.5064090034345003,5.457115768904181,97.8668383489071,2.1331616510928044,99.9999999999999
2024,6,25-34,9155,470,33952621.00470001,39.51222118945673,38.746865623216266,0.7653555662404621,11.316038168063361,10.651346419857397,4.2331787347290755,5.135225608234028,98.0629902769306,1.9370097230693937,100
2024,6,35-44,9832,568,34183163.56929975,39.97519135825836,39.2406524754221,0.7345388828361845,11.959341534637826,11.246666335093803,4.243480447740342,5.302851758366767,98.16251315408773,1.8374868459120917,99.99999999999983
2024,6,45-54,8970,556,30562305.131699964,40.172577216495185,39.347783966386125,0.8247932501090726,11.843336067562785,11.168107057750587,4.276605822300952,5.900432464858705,97.94687493992694,2.0531250600730835,100.00000000000003
2024,6,55-64,7714,420,25001137.099899866,39.38741778014349,38.665146912488765,0.7222708676547482,12.480563678921033,11.988432138396856,4.042977504737217,5.247111987579377,98.16623960553504,1.8337603944650291,100.00000000000007
2024,6,65+,3718,183,10484577.59750004,33.412468156755224,32.7004269503093,0.71204120644594,15.892352034716367,15.233516327484319,4.247565216072867,4.785759552389045,97.86893562275804,2.131064377242008,100.00000000000006
2024,7,16-24,5422,310,20464517.15270003,32.27479933412734,31.537598175085634,0.7372011590417384,12.498970577628347,12.192594008555258,3.7404474237029808,5.774662004884304,97.71586137094216,2.2841386290579435,100.00000000000011
2024,7,25-34,9145,483,33485450.52869999,39.61647321839086,38.86790986611892,0.7485633522719446,11.782142140066181,11.014996132347607,4.339915579861168,5.183693398457572,98.11047452875124,1.889525471248775,100.00000000000001
2024,7,35-44,9698,594,33660544.21479985,39.83084613073208,39.07867656858142,0.7521695621506902,11.702381128508392,11.214302913863209,4.065915144564683,5.724633533562314,98.11159029943302,1.8884097005670755,100.0000000000001
2024,7,45-54,8726,557,30036408.60849987,40.07670041201104,39.25621106782809,0.8204893441829789,11.996616368953253,11.562524957904536,4.218076864433481,6.081667485316693,97.95270235386681,2.0472976461332557,100.00000000000007
2024,7,55-64,7641,427,24344410.671900053,39.23514541413012,38.49193917700053,0.7432062371295781,12.439422777339562,12.11548252128564,4.036683877521016,5.292941585508633,98.10576403047577,1.8942359695242017,99.99999999999997
2024,7,65+,3789,166,10550062.20650001,32.88934512609974,32.36936687415917,0.5199782519405559,15.54411892093356,15.065263485628181,3.481141214497225,4.052310051182443,98.41900697643281,1.5809930235671394,99.99999999999996
2024,8,16-24,5151,261,19090135.549800012,32.19549306064709,31.495616205433258,0.699876855213842,13.025529046378193,12.412600990711423,3.9732613440171862,5.371282040533974,97.82616512846856,2.1738348715314735,100.00000000000003
2024,8,25-34,9377,503,34020350.738400035,39.468047609021994,38.75955808929773,0.7084895197242626,11.355064543765483,10.786294433681768,4.040318280172856,5.182485012742465,98.20490355453428,1.7950964454656961,99.99999999999999
2024,8,35-44,10282,627,34740938.91779996,39.89947817290561,39.1616130113723,0.7378651615332718,11.483643181727523,11.024805831840268,3.836445289561887,5.879592695329935,98.15068969489839,1.8493103051015114,99.9999999999999
2024,8,45-54,9074,579,30867415.86809997,40.45416328296495,39.60148108404463,0.8526821989203375,11.908477797839478,11.34961885188625,4.249960837710065,5.975823552843278,97.8922263378529,2.1077736621471486,100.00000000000006
2024,8,55-64,7869,413,25067998.532100108,39.654920183873976,38.93008523298893,0.7248349508849994,12.576010547137008,12.07394420127681,4.115865082584808,4.872952763802731,98.17214371501923,1.8278562849806463,99.99999999999987
2024,8,65+,3946,179,11056810.286699979,33.044081410023566,32.42516850013749,0.6189129098860956,15.124383124922511,14.75272095177007,3.668873154106781,4.375440380684966,98.1270082765916,1.872991723408462,100.00000000000006
2024,9,16-24,5011,263,18823404.205699943,31.384988491715472,30.735391551094185,0.6495969406212575,13.606192302891069,13.274239906120943,3.4897966037143267,5.308132728709288,97.93023043232036,2.0697695676795553,99.99999999999991
2024,9,25-34,9399,541,34585167.546099916,39.398943205217115,38.60841255314911,0.7905306520680171,11.394588833614135,10.607536597189851,4.316846712019447,5.68910151693592,97.99352320708104,2.006476792918996,100.00000000000004
2024,9,35-44,10373,641,35840470.10409982,40.25871859599688,39.48336825768413,0.7753503383126996,11.325191708868182,10.674637911430391,4.008888095499078,5.927229587474064,98.07408093115549,1.925919068844373,99.99999999999987
2024,9,45-54,9348,617,31673059.16959996,40.88623815680369,40.07086811546942,0.8153700413342861,11.421434545918947,10.915550913564472,4.0307099536217885,6.005391058422428,98.00575920384941,1.9942407961506337,100.00000000000004
2024,9,55-64,7954,438,25811250.85029983,39.814303610123616,39.064934929048036,0.7493686810755747,12.65734601912365,12.101769950179905,4.163507938311728,5.167733803123712,98.11784054189752,1.8821594581024699,99.99999999999999
2024,9,65+,4026,207,11271799.114700027,33.15923905722897,32.572252407389605,0.586986649839357,15.392616775445488,15.062208648892025,3.4238196240738406,4.72229845638236,98.22979457150299,1.7702054284969766,99.99999999999997
2024,10,16-24,5143,295,19106962.721599977,30.94142902161866,30.33934093671361,0.6020880849050336,13.591304044677662,13.321911906525926,3.086249319564188,5.620654805517258,98.05410382149974,1.945896178500214,99.99999999999996
2024,10,25-34,9322,522,34492286.71540004,39.198540398976824,38.53951808790598,0.659022311070812,11.375476595749259,10.842622596584107,3.7436014351092037,5.26181722880577,98.31875803444956,1.6812419655503656,99.99999999999993
2024,10,35-44,10225,624,35309138.90029993,39.86090305412226,39.139809202677995,0.7210938514443271,11.153421418780075,10.631451313680317,3.8098394524641246,5.58743507217969,98.1909746237681,1.8090253762320478,100.00000000000014
2024,10,45-54,9258,618,31375031.63500018,40.42577800470456,39.59582374463771,0.8299542600668318,11.732013960319055,11.112151445394655,4.240653054425626,6.096142951028417,97.9469677492162,2.0530322507837586,99.99999999999996
2024,10,55-64,7868,413,25626488.599200066,39.24631263643728,38.56414655672918,0.6821660797080754,12.41387676299174,11.971986997076753,3.7296641875462053,4.86702055247215,98.26183395615423,1.7381660438456963,99.99999999999993
2024,10,65+,4030,227,11411164.914899997,33.374781962577266,32.659257557962036,0.7155244046152275,15.561737373635244,15.144176740058722,4.071530399601694,5.29557165553676,97.85609264678482,2.14390735321518,100
2024,11,16-24,5085,271,19290191.23140006,31.068051539995125,30.45242237281664,0.6156291671784571,13.576799899909439,13.273263281783386,3.3315198040607372,5.123157638226653,98.01844938236322,1.9815506176366853,99.9999999999999
2024,11,25-34,9443,493,34627719.05099991,39.06910186949605,38.398436400511656,0.6706654689844324,10.915430755415478,10.359483588580579,3.748748143038442,5.049623764200858,98.283386520569,1.7166134794310879,100.00000000000009
2024,11,35-44,10239,683,35361663.64750011,39.87875555502003,39.06065731351816,0.8180982415018574,11.355274378945296,10.738352390361449,4.11114420095873,6.377495041751032,97.9485361814434,2.051463818556578,99.99999999999999
2024,11,45-54,9268,631,31337977.36110014,40.636938327071825,39.78970334420543,0.8472349828664213,11.269761268177506,10.586632274954832,4.386514240795105,6.22485226637971,97.91511118271924,2.084888817280813,100.00000000000006
2024,11,55-64,7932,462,25892667.513999943,39.53991888796103,38.768482509086624,0.7714363788744417,12.406249654068569,11.859559266553722,4.0460287931538295,5.6255806927286365,98.0489682311683,1.9510317688317915,100.0000000000001
2024,11,65+,3937,192,10976949.561499994,32.42106879364837,31.87502880884036,0.5460399848080331,14.870637650637253,14.598785131495198,3.2508824025065737,4.563714430801707,98.31578660073357,1.684213399266492,100.00000000000007
2024,12,16-24,5059,266,19318098.58080001,30.837352346668183,30.264128027955678,0.5732243187124992,13.664038831716434,13.392221428670657,3.1082619996262126,4.903455888984141,98.14113639761152,1.8588636023884624,99.99999999999999
2024,12,25-34,9367,502,34516864.26400012,39.19570870737934,38.4938595762962,0.7018491310830477,10.824930540535165,10.15501861672628,4.046218632289322,5.2970030513661515,98.2093725200305,1.7906274799692836,99.99999999999979
2024,12,35-44,10371,686,35454024.350499965,40.03783472889403,39.22783963974426,0.8099950891497324,11.527452374861463,10.904837143447617,4.187151628375111,6.241379899285803,97.97692583868621,2.0230741613136853,99.9999999999999
2024,12,45-54,9213,643,31185112.363299944,40.46872131594103,39.64019200572742,0.8285293102136483,11.595982039222012,10.907144340550698,4.297041851522087,6.285780533877072,97.95266743481899,2.0473325651811054,100.0000000000001
2024,12,55-64,7887,409,26009728.18930005,39.52857686395792,38.845819681735406,0.6827571822225142,12.213826775204444,11.658938894738267,3.795742754506847,4.9102066319377755,98.27275040897044,1.7272495910295493,99.99999999999999
2024,12,65+,3880,198,10894272.581500001,32.59022112402603,32.019746033614425,0.5704750904116159,15.425629881194553,15.032135994966593,3.326749574182802,4.682133822006573,98.2495513355353,1.75044866446473,100.00000000000003
